datetime,location,direction,latitude,longitude,NO2_mean,avg_temperature
2024-01-01 00:00:00,East City,East,35.71319304168724,139.7601225061633,24.5,21.61
2024-01-01 01:00:00,South City,South,34.02315609329882,-118.26995849035892,32.79,25.07
2024-01-01 02:00:00,North City,North,40.5908447092472,-73.9758279387481,44.62,28.77
2024-01-01 03:00:00,West City,West,51.580682438446075,-0.1390888150243268,20.92,8.11
2024-01-01 04:00:00,East City,East,35.74621696327513,139.68646272258476,31.42,17.76
2024-01-01 05:00:00,East City,East,35.70405170006311,139.65992201298627,24.0,24.63
2024-01-01 06:00:00,East City,East,35.67109145293283,139.71047823169204,39.49,29.07
2024-01-01 07:00:00,North City,North,40.72324317975024,-74.10398350619398,38.23,9.45
2024-01-01 08:00:00,South City,South,34.043385716903714,-118.18365536140253,25.39,18.47
2024-01-01 09:00:00,South City,South,34.00174573285674,-118.32286471067685,32.19,24.17
2024-01-01 10:00:00,South City,South,34.05702082395151,-118.22274489472012,53.41,25.5
2024-01-01 11:00:00,North City,North,40.678953899984705,-73.97541618555796,33.24,15.3
2024-01-01 12:00:00,West City,West,51.54232201296055,-0.11911989681675977,39.31,22.74
2024-01-01 13:00:00,South City,South,34.043313393936465,-118.26421916543431,14.92,25.7
2024-01-01 14:00:00,West City,West,51.530294253849995,-0.21201436891829406,39.5,30.09
2024-01-01 15:00:00,East City,East,35.70756978027542,139.76860182832328,33.62,13.48
2024-01-01 16:00:00,East City,East,35.62046414878639,139.67765968542366,23.85,20.33
2024-01-01 17:00:00,West City,West,51.55257662453129,-0.12684998344689252,15.81,25.3
2024-01-01 18:00:00,East City,East,35.77064602496707,139.73288665384877,38.73,34.01
2024-01-01 19:00:00,West City,West,51.480911989811645,-0.1021366283443322,39.15,20.3
2024-01-01 20:00:00,South City,South,34.0358187408361,-118.28677990271242,26.56,23.26
2024-01-01 21:00:00,South City,South,34.11588668100698,-118.25829763354129,27.43,15.43
2024-01-01 22:00:00,North City,North,40.64730246563938,-73.85881682917594,21.3,14.45
2024-01-01 23:00:00,North City,North,40.7047357144167,-73.98579745715928,26.57,12.38
2024-01-02 00:00:00,West City,West,51.50662583299941,-0.12916882227925794,9.08,26.85
2024-01-02 01:00:00,West City,West,51.45377340827822,-0.17742930897015952,29.81,6.29
2024-01-02 02:00:00,North City,North,40.77465080364682,-74.07732394423628,25.58,17.41
2024-01-02 03:00:00,South City,South,34.10934114072575,-118.20610334836566,29.65,9.82
2024-01-02 04:00:00,East City,East,35.70730799151947,139.69060595628306,37.28,13.67
2024-01-02 05:00:00,South City,South,34.02752837588983,-118.1975418695829,21.19,18.54
2024-01-02 06:00:00,South City,South,33.99736238507114,-118.27781507819601,37.9,21.02
2024-01-02 07:00:00,South City,South,33.9990848143137,-118.22002037846825,14.49,18.48
2024-01-02 08:00:00,North City,North,40.73689895695015,-73.95967718206899,34.28,0.71
2024-01-02 09:00:00,North City,North,40.76499303054594,-73.97967759193327,26.43,21.89
2024-01-02 10:00:00,North City,North,40.76282428038811,-73.99837895688704,12.89,18.83
2024-01-02 11:00:00,East City,East,35.715597078280844,139.70654923366166,17.63,8.76
2024-01-02 12:00:00,West City,West,51.54005241555249,-0.07266562672686441,39.21,16.41
2024-01-02 13:00:00,South City,South,34.104667369616045,-118.1774447169243,31.75,9.48
2024-01-02 14:00:00,North City,North,40.77995841061484,-74.04272738249738,16.7,17.82
2024-01-02 15:00:00,East City,East,35.67723059419986,139.65401319178213,38.22,31.28
2024-01-02 16:00:00,East City,East,35.688927827626514,139.7123677043812,35.4,7.51
2024-01-02 17:00:00,West City,West,51.64412110795308,-0.12311172849240266,42.09,21.77
2024-01-02 18:00:00,West City,West,51.64659690232449,-0.1293593399083422,26.27,21.53
2024-01-02 19:00:00,West City,West,51.49622686073371,-0.0920999752953954,19.29,21.38
2024-01-02 20:00:00,North City,North,40.8187443106115,-73.92867316222643,28.72,20.39
2024-01-02 21:00:00,West City,West,51.55967855841731,-0.14490708563026905,25.48,23.44
2024-01-02 22:00:00,West City,West,51.56221648947705,-0.14457055120354198,6.82,16.12
2024-01-02 23:00:00,East City,East,35.692410435922305,139.63455148510846,21.16,19.08
2024-01-03 00:00:00,South City,South,34.07313197345863,-118.28010896246818,38.83,14.85
2024-01-03 01:00:00,East City,East,35.70472245599355,139.704560374549,39.05,13.77
2024-01-03 02:00:00,North City,North,40.70453451927232,-74.04035875876663,18.17,21.46
2024-01-03 03:00:00,South City,South,34.01355873927312,-118.255540930337,26.85,23.31
2024-01-03 04:00:00,East City,East,35.69699168581698,139.69874536840356,18.0,26.41
2024-01-03 05:00:00,North City,North,40.79081900705665,-73.99957244999645,21.07,15.66
2024-01-03 06:00:00,West City,West,51.487829909395906,-0.10589887012891624,29.52,21.63
2024-01-03 07:00:00,South City,South,33.95094287066712,-118.23437728426153,51.44,22.44
2024-01-03 08:00:00,North City,North,40.669922555716944,-73.96399973116888,16.92,4.07
2024-01-03 09:00:00,South City,South,34.03548764544248,-118.25959234532553,22.28,29.63
2024-01-03 10:00:00,South City,South,34.06575308743711,-118.13145966969948,26.81,16.57
2024-01-03 11:00:00,West City,West,51.4314315017023,-0.15201170364331257,51.22,25.23
2024-01-03 12:00:00,West City,West,51.49336725623296,-0.15799879597488742,23.2,16.16
2024-01-03 13:00:00,South City,South,34.05122789295502,-118.29032958282806,27.63,31.1
2024-01-03 14:00:00,East City,East,35.66849762676863,139.69866020554784,25.19,3.34
2024-01-03 15:00:00,South City,South,34.1242636644533,-118.31549310755898,25.6,18.92
2024-01-03 16:00:00,South City,South,34.10083164334494,-118.16647625806462,61.87,18.59
2024-01-03 17:00:00,West City,West,51.539758134839346,-0.12149525860879855,27.98,18.43
2024-01-03 18:00:00,West City,West,51.518749215060964,-0.14134811310838694,37.49,30.66
2024-01-03 19:00:00,East City,East,35.703549593386754,139.66056502400897,28.48,22.12
2024-01-03 20:00:00,North City,North,40.65655241310836,-73.94190398098429,18.44,28.99
2024-01-03 21:00:00,East City,East,35.73710055469234,139.76432751237311,23.78,15.51
2024-01-03 22:00:00,North City,North,40.715337197942766,-73.98127000540592,29.1,14.46
2024-01-03 23:00:00,North City,North,40.71175492030179,-74.00013363083455,37.47,22.27
2024-01-04 00:00:00,South City,South,34.061224625274974,-118.19014792379413,34.92,7.31
2024-01-04 01:00:00,West City,West,51.487004232361436,-0.11471884720137668,45.53,14.92
2024-01-04 02:00:00,North City,North,40.63555005257015,-74.04813675482434,26.74,40.78
2024-01-04 03:00:00,East City,East,35.69434979824964,139.72145785127185,33.24,17.09
2024-01-04 04:00:00,East City,East,35.67237055658847,139.7041657270811,41.24,33.0
2024-01-04 05:00:00,North City,North,40.60829911256849,-73.91747842417166,23.01,17.94
2024-01-04 06:00:00,East City,East,35.69400362934908,139.69583652179003,48.14,20.83
2024-01-04 07:00:00,South City,South,34.02864808471908,-118.23209750313212,32.45,14.45
2024-01-04 08:00:00,North City,North,40.72729414057686,-74.01536124781744,34.46,7.77
2024-01-04 09:00:00,North City,North,40.610946203251395,-73.92749838597287,23.36,27.52
2024-01-04 10:00:00,South City,South,34.023489927559616,-118.31829871627295,22.76,4.87
2024-01-04 11:00:00,South City,South,34.07816732571206,-118.16706305434988,33.23,12.21
2024-01-04 12:00:00,South City,South,34.055070647387815,-118.28590538662044,24.51,0.79
2024-01-04 13:00:00,North City,North,40.73648136938638,-74.00328247110308,30.7,24.88
2024-01-04 14:00:00,South City,South,34.00733818343193,-118.16740850213746,25.28,14.11
2024-01-04 15:00:00,East City,East,35.64751390789096,139.66173036772778,51.9,12.34
2024-01-04 16:00:00,South City,South,34.012288239098424,-118.31059224119042,16.48,14.09
2024-01-04 17:00:00,West City,West,51.535967375516336,-0.07927380899933946,10.87,20.54
2024-01-04 18:00:00,North City,North,40.751813758221004,-73.99844600189236,28.77,22.54
2024-01-04 19:00:00,South City,South,33.966543273545454,-118.17600638129173,41.79,14.72
2024-01-04 20:00:00,South City,South,34.063134154613806,-118.26791878459846,32.59,26.63
2024-01-04 21:00:00,North City,North,40.69714881458918,-74.08595617362687,45.16,20.19
2024-01-04 22:00:00,South City,South,34.06885866474199,-118.25659510822719,21.51,11.45
2024-01-04 23:00:00,West City,West,51.52401570059898,-0.16522432682782767,14.66,26.94
2024-01-05 00:00:00,South City,South,34.09905362601576,-118.27216630652744,42.75,17.36
2024-01-05 01:00:00,West City,West,51.45638083763689,-0.14125472189644753,40.27,19.16
2024-01-05 02:00:00,East City,East,35.746981153941654,139.71796058563456,43.97,15.27
2024-01-05 03:00:00,East City,East,35.630337074366714,139.58973839111198,40.58,5.69
2024-01-05 04:00:00,East City,East,35.73280352580214,139.68652119500493,33.6,30.03
2024-01-05 05:00:00,South City,South,34.051464087068254,-118.20387972851519,39.82,20.31
2024-01-05 06:00:00,West City,West,51.52617940339958,-0.1963794689861562,14.77,26.44
2024-01-05 07:00:00,East City,East,35.66380665413317,139.63873932390555,33.67,11.42
2024-01-05 08:00:00,East City,East,35.69330240199482,139.70934799877693,30.44,25.52
2024-01-05 09:00:00,East City,East,35.617795556538375,139.68212335880432,21.85,14.09
2024-01-05 10:00:00,South City,South,34.02093809082232,-118.2573804871752,26.25,12.27
2024-01-05 11:00:00,East City,East,35.68388359751546,139.68065152002333,23.0,19.5
2024-01-05 12:00:00,North City,North,40.71398757409989,-73.99021820116594,31.82,12.57
2024-01-05 13:00:00,West City,West,51.47607379086557,-0.23740650281209894,53.74,15.82
2024-01-05 14:00:00,North City,North,40.73639134956332,-73.97344674716649,34.0,12.51
2024-01-05 15:00:00,West City,West,51.42707768398712,-0.11762681820663884,28.72,11.31
2024-01-05 16:00:00,North City,North,40.77227998906424,-73.99483319206519,22.29,22.03
2024-01-05 17:00:00,South City,South,34.06311113662655,-118.19817179388146,22.27,15.54
2024-01-05 18:00:00,West City,West,51.63606624760552,-0.15900083644442892,43.43,8.85
2024-01-05 19:00:00,South City,South,34.00033769228368,-118.25321693390418,45.23,21.77
2024-01-05 20:00:00,North City,North,40.64203987402413,-73.97622994321448,37.11,15.97
2024-01-05 21:00:00,East City,East,35.671428858028655,139.6797753316308,30.28,18.89
2024-01-05 22:00:00,South City,South,34.09207421022391,-118.23643979698574,27.94,2.05
2024-01-05 23:00:00,East City,East,35.71454585938122,139.64282223776007,24.23,23.29
2024-01-06 00:00:00,North City,North,40.7748985299005,-74.01028815846165,32.86,30.48
2024-01-06 01:00:00,North City,North,40.726787867489335,-74.14304774222299,24.35,10.99
2024-01-06 02:00:00,North City,North,40.70212636815464,-73.99907460188058,48.47,19.86
2024-01-06 03:00:00,South City,South,34.019608194609894,-118.24133006643419,29.34,9.52
2024-01-06 04:00:00,South City,South,33.98218922244932,-118.23221687678834,50.67,4.39
2024-01-06 05:00:00,West City,West,51.56271645524142,-0.08921809253493318,23.98,23.32
2024-01-06 06:00:00,East City,East,35.67883964365475,139.69967667028652,53.9,13.77
2024-01-06 07:00:00,North City,North,40.71712948937365,-74.01378386176961,33.71,13.77
2024-01-06 08:00:00,South City,South,34.078006236428884,-118.21992531792755,35.32,22.87
2024-01-06 09:00:00,North City,North,40.60239467241631,-73.98796107876633,35.43,25.24
2024-01-06 10:00:00,North City,North,40.80141889934888,-74.02591866950885,47.09,23.77
2024-01-06 11:00:00,West City,West,51.50832091895948,-0.04397813438623585,11.29,15.54
2024-01-06 12:00:00,North City,North,40.67544460555299,-74.00325403506739,17.89,6.71
2024-01-06 13:00:00,West City,West,51.515659719006024,-0.09935316627651791,21.15,20.01
2024-01-06 14:00:00,West City,West,51.50676279247558,-0.07508023920754428,21.18,21.59
2024-01-06 15:00:00,South City,South,34.029231955022986,-118.28619221847325,31.82,19.74
2024-01-06 16:00:00,North City,North,40.74573525628549,-74.05145788085426,25.03,20.71
2024-01-06 17:00:00,North City,North,40.77714874819248,-74.02823187791228,26.52,23.8
2024-01-06 18:00:00,North City,North,40.779321928163455,-73.9060341396875,4.27,15.3
2024-01-06 19:00:00,South City,South,33.96326398755478,-118.16889778442554,22.26,9.29
2024-01-06 20:00:00,East City,East,35.676058291160246,139.66970678561924,38.14,7.49
2024-01-06 21:00:00,West City,West,51.51824305184915,-0.10569416673432636,47.82,22.13
2024-01-06 22:00:00,South City,South,34.02082905578113,-118.26846946214657,23.97,27.11
2024-01-06 23:00:00,West City,West,51.422776768514254,-0.0513224840269693,30.56,25.66
2024-01-07 00:00:00,North City,North,40.73656594301062,-73.94005806894546,22.03,22.63
2024-01-07 01:00:00,East City,East,35.678006021427684,139.72310700067402,38.52,1.75
2024-01-07 02:00:00,South City,South,34.03002600537573,-118.23956720202776,38.41,17.73
2024-01-07 03:00:00,East City,East,35.55465566785293,139.6889852566741,27.54,16.09
2024-01-07 04:00:00,West City,West,51.46205482529291,-0.16383161176515917,40.39,13.11
2024-01-07 05:00:00,South City,South,34.012244471458736,-118.25192678290249,19.83,21.62
2024-01-07 06:00:00,North City,North,40.66925676761768,-74.0865980589825,24.22,11.63
2024-01-07 07:00:00,East City,East,35.66081689965599,139.664357052938,31.98,16.99
2024-01-07 08:00:00,North City,North,40.63026321402757,-73.97095288692769,40.86,15.24
2024-01-07 09:00:00,East City,East,35.585581167254055,139.62966799611561,43.89,-0.62
2024-01-07 10:00:00,South City,South,34.023814048261215,-118.25477610483424,26.43,19.67
2024-01-07 11:00:00,East City,East,35.63397120772671,139.77931352217118,15.92,12.56
2024-01-07 12:00:00,East City,East,35.608373818490115,139.70874941761386,27.43,25.17
2024-01-07 13:00:00,East City,East,35.71452387597103,139.63903706396775,30.99,17.09
2024-01-07 14:00:00,East City,East,35.69015002532476,139.69477843103127,38.62,22.36
2024-01-07 15:00:00,South City,South,33.998146833620005,-118.21290321965279,26.39,26.12
2024-01-07 16:00:00,East City,East,35.75765765510534,139.73019597792648,23.97,16.2
2024-01-07 17:00:00,North City,North,40.65072493845255,-74.04681527045274,13.3,30.35
2024-01-07 18:00:00,South City,South,34.02842347279178,-118.19291565274683,26.71,17.32
2024-01-07 19:00:00,West City,West,51.51795087336013,-0.1326356555935196,9.18,29.88
2024-01-07 20:00:00,South City,South,34.06642362945848,-118.24177242423247,26.45,19.8
2024-01-07 21:00:00,East City,East,35.797261976921654,139.72531286422068,26.64,27.42
2024-01-07 22:00:00,East City,East,35.63727526268001,139.6805802640056,36.17,9.6
2024-01-07 23:00:00,North City,North,40.72259226275489,-74.05491863888075,24.6,12.55
2024-01-08 00:00:00,South City,South,34.1427475133166,-118.24474243803326,28.51,13.25
2024-01-08 01:00:00,North City,North,40.662612105421836,-73.98048518052089,46.21,28.99
2024-01-08 02:00:00,North City,North,40.69186475795968,-73.93325360958372,26.77,26.0
2024-01-08 03:00:00,South City,South,34.061538338223855,-118.28146914661767,35.18,12.92
2024-01-08 04:00:00,South City,South,34.089601736298086,-118.1686514184718,38.24,17.13
2024-01-08 05:00:00,South City,South,34.05696604034738,-118.23474816017256,50.81,15.87
2024-01-08 06:00:00,North City,North,40.726977903530546,-74.02003080080824,32.98,5.96
2024-01-08 07:00:00,North City,North,40.770263666314285,-74.04115882125629,55.6,17.33
2024-01-08 08:00:00,North City,North,40.79554891878683,-74.04121395652949,17.32,8.7
2024-01-08 09:00:00,West City,West,51.5323868810056,-0.10117024453147244,14.42,15.2
2024-01-08 10:00:00,West City,West,51.5405868606944,-0.07729292697856907,26.92,13.39
2024-01-08 11:00:00,North City,North,40.7318098925503,-73.97547071273581,31.78,8.65
2024-01-08 12:00:00,North City,North,40.714787084795525,-74.00543257605119,38.05,24.51
2024-01-08 13:00:00,South City,South,34.093124236731924,-118.2370076172877,14.73,17.59
2024-01-08 14:00:00,South City,South,34.04256101063807,-118.25140183579835,33.58,13.89
2024-01-08 15:00:00,East City,East,35.690915918806525,139.69318780697478,29.6,22.77
2024-01-08 16:00:00,South City,South,33.98849655075233,-118.17299797694987,51.91,20.38
2024-01-08 17:00:00,West City,West,51.49434863733766,-0.12105076395901557,19.58,26.95
2024-01-08 18:00:00,East City,East,35.75100806567286,139.73350305255798,31.75,27.72
2024-01-08 19:00:00,North City,North,40.71691419946377,-73.95272598124673,32.67,24.23
2024-01-08 20:00:00,West City,West,51.47351454971874,-0.2038622437294323,55.98,13.45
2024-01-08 21:00:00,South City,South,34.008568468631445,-118.20401710290099,13.18,5.69
2024-01-08 22:00:00,East City,East,35.71222817411498,139.72890191353247,11.39,15.9
2024-01-08 23:00:00,North City,North,40.79032502464071,-74.05591770203694,29.65,19.64
2024-01-09 00:00:00,West City,West,51.54897713788546,-0.11741936558859677,35.63,7.27
2024-01-09 01:00:00,South City,South,33.97370198311713,-118.24000185179632,41.67,29.35
2024-01-09 02:00:00,South City,South,34.07796364264934,-118.18399090187245,25.84,17.27
2024-01-09 03:00:00,East City,East,35.647882221344794,139.7152707778193,44.21,14.0
2024-01-09 04:00:00,West City,West,51.395116640050304,-0.1717185593546392,52.36,13.34
2024-01-09 05:00:00,East City,East,35.64697217706689,139.6969367649319,35.43,25.59
2024-01-09 06:00:00,West City,West,51.534953387273795,-0.12585611960385265,27.65,18.71
2024-01-09 07:00:00,West City,West,51.50657885519636,-0.0683803363275958,24.82,19.57
2024-01-09 08:00:00,West City,West,51.60065016169987,-0.0867758780864387,39.07,18.25
2024-01-09 09:00:00,West City,West,51.51940113688425,-0.11252228398113708,13.61,21.24
2024-01-09 10:00:00,West City,West,51.48417465372487,-0.1753165484098359,23.62,14.68
2024-01-09 11:00:00,North City,North,40.78190794955188,-73.97356450562052,40.67,26.19
2024-01-09 12:00:00,East City,East,35.70098139650818,139.68407643224475,40.4,17.34
2024-01-09 13:00:00,South City,South,34.040914317621535,-118.24352926244109,34.18,20.8
2024-01-09 14:00:00,West City,West,51.45784098451949,-0.1200796361519154,27.52,13.84
2024-01-09 15:00:00,South City,South,34.03681108825235,-118.2327424836168,36.45,33.14
2024-01-09 16:00:00,South City,South,34.034642965308954,-118.18833057858306,29.54,15.69
2024-01-09 17:00:00,East City,East,35.680181380281844,139.67146670883466,31.76,20.86
2024-01-09 18:00:00,North City,North,40.678028918505504,-74.00807850487713,37.52,24.84
2024-01-09 19:00:00,West City,West,51.585676201461716,-0.13108751305364938,24.41,20.64
2024-01-09 20:00:00,South City,South,34.117132986708214,-118.23831600651367,36.78,17.66
2024-01-09 21:00:00,East City,East,35.678379361077226,139.63435206856332,41.22,27.17
2024-01-09 22:00:00,North City,North,40.77097427290156,-74.05246660970512,11.53,14.03
2024-01-09 23:00:00,South City,South,34.04809244108037,-118.1878352084206,17.48,28.11
2024-01-10 00:00:00,West City,West,51.58872597358498,-0.2518647493282601,25.81,14.63
2024-01-10 01:00:00,East City,East,35.75196008837438,139.71627022835096,20.56,20.26
2024-01-10 02:00:00,North City,North,40.63846146086498,-73.99017869634754,15.74,22.24
2024-01-10 03:00:00,West City,West,51.54943217744943,-0.16043119896511954,31.28,13.23
2024-01-10 04:00:00,East City,East,35.70592476850649,139.68808582609648,49.63,15.3
2024-01-10 05:00:00,South City,South,34.070806569554655,-118.21975639180341,40.24,10.34
2024-01-10 06:00:00,West City,West,51.491232189385684,-0.12541982240928243,39.4,23.92
2024-01-10 07:00:00,South City,South,34.041151791308515,-118.24235570805028,45.03,24.14
2024-01-10 08:00:00,West City,West,51.48384459138486,-0.07404378623913555,30.63,12.54
2024-01-10 09:00:00,East City,East,35.738944136865456,139.72286549033274,31.95,10.56
2024-01-10 10:00:00,South City,South,34.062728398881426,-118.19968518753734,31.02,16.08
2024-01-10 11:00:00,North City,North,40.747711165680684,-73.98632573072891,30.6,13.47
2024-01-10 12:00:00,South City,South,34.03542939281529,-118.12303030424415,42.65,21.92
2024-01-10 13:00:00,East City,East,35.67960234367158,139.75756391133655,31.15,24.65
2024-01-10 14:00:00,East City,East,35.776110762624285,139.7454541410518,46.86,14.78
2024-01-10 15:00:00,North City,North,40.73894177440177,-74.03468500019693,26.8,20.97
2024-01-10 16:00:00,East City,East,35.647331342273034,139.69102252259762,35.06,4.02
2024-01-10 17:00:00,East City,East,35.744052305108234,139.68616332854597,24.98,19.48
2024-01-10 18:00:00,East City,East,35.75872210558428,139.72957278746586,41.31,16.08
2024-01-10 19:00:00,South City,South,34.13639638457289,-118.26664421314345,32.24,25.33
2024-01-10 20:00:00,West City,West,51.53738919279823,-0.07112266127486472,45.1,29.48
2024-01-10 21:00:00,East City,East,35.71614299464068,139.62900958831034,38.0,19.25
2024-01-10 22:00:00,West City,West,51.48358496795156,-0.058384364928309604,25.1,22.36
2024-01-10 23:00:00,South City,South,34.05092229645043,-118.18506354903704,24.5,13.3
2024-01-11 00:00:00,South City,South,34.129312797302426,-118.15347514558192,28.0,12.07
2024-01-11 01:00:00,West City,West,51.52611400277886,-0.13214223885650958,18.44,20.23
2024-01-11 02:00:00,South City,South,33.981885768570834,-118.2713313997453,47.17,28.76
2024-01-11 03:00:00,East City,East,35.73931334097236,139.66701217084193,30.77,9.02
2024-01-11 04:00:00,North City,North,40.64797491162596,-74.08162977504195,51.9,9.18
2024-01-11 05:00:00,East City,East,35.75022546426527,139.6872238694876,38.47,26.56
2024-01-11 06:00:00,West City,West,51.58660018027818,-0.01241041525019658,40.95,16.87
2024-01-11 07:00:00,West City,West,51.543781477181845,-0.12520270570963501,29.28,17.74
2024-01-11 08:00:00,North City,North,40.72234688753867,-74.05072816162068,17.63,22.4
2024-01-11 09:00:00,West City,West,51.500721007934736,-0.0735066829066097,31.39,21.17
2024-01-11 10:00:00,East City,East,35.63622181375675,139.69629028872902,8.78,20.05
2024-01-11 11:00:00,South City,South,34.08283869525313,-118.29637077815869,41.08,10.72
2024-01-11 12:00:00,South City,South,34.029278152990656,-118.27339182544992,36.0,12.33
2024-01-11 13:00:00,East City,East,35.68795561822142,139.7918703633591,35.47,11.58
2024-01-11 14:00:00,North City,North,40.69269825948274,-73.99204847872687,31.84,19.17
2024-01-11 15:00:00,North City,North,40.74473651110146,-74.06315024563652,41.06,26.31
2024-01-11 16:00:00,North City,North,40.66329868818469,-74.02800036954977,38.39,30.71
2024-01-11 17:00:00,West City,West,51.52443000095499,-0.056040922540497404,40.05,16.23
2024-01-11 18:00:00,North City,North,40.75787373149739,-74.01294312935974,33.02,12.5
2024-01-11 19:00:00,North City,North,40.705297220648376,-73.99972117732642,27.02,27.63
2024-01-11 20:00:00,South City,South,34.119105760822386,-118.16438130599205,16.59,26.15
2024-01-11 21:00:00,East City,East,35.6118636466092,139.67652320072114,21.15,28.87
2024-01-11 22:00:00,North City,North,40.65337566390368,-73.99039602905901,26.97,17.76
2024-01-11 23:00:00,South City,South,34.10128827434958,-118.25994156917544,23.12,33.77
2024-01-12 00:00:00,West City,West,51.499900605430014,-0.20951476678148837,30.9,9.73
2024-01-12 01:00:00,East City,East,35.67686571559995,139.71130422648505,36.8,22.03
2024-01-12 02:00:00,East City,East,35.61962408835781,139.68693774608872,17.83,14.63
2024-01-12 03:00:00,South City,South,34.00277044464245,-118.2988794658608,13.07,17.31
2024-01-12 04:00:00,East City,East,35.70221246020675,139.66772940705908,54.56,24.85
2024-01-12 05:00:00,South City,South,34.04548659483213,-118.25166119390484,23.97,6.89
2024-01-12 06:00:00,East City,East,35.66043824134586,139.64692452989274,33.29,20.76
2024-01-12 07:00:00,North City,North,40.71181811005367,-73.97837550227915,14.07,21.08
2024-01-12 08:00:00,East City,East,35.639411586071766,139.69512356842642,25.38,26.07
2024-01-12 09:00:00,North City,North,40.69860290945587,-73.98594038918365,42.06,20.69
2024-01-12 10:00:00,North City,North,40.74978749699392,-74.01868733404137,19.41,21.34
2024-01-12 11:00:00,West City,West,51.47147963672154,-0.08305378115277792,17.56,13.15
2024-01-12 12:00:00,East City,East,35.718833910426504,139.72575031193708,34.36,24.25
2024-01-12 13:00:00,South City,South,34.07841813736265,-118.28044552072389,52.23,9.34
2024-01-12 14:00:00,South City,South,34.02482548215006,-118.2905889916935,54.68,4.75
2024-01-12 15:00:00,East City,East,35.66162541074961,139.62320985102104,39.64,33.47
2024-01-12 16:00:00,North City,North,40.68190936603717,-73.91117528084352,36.67,7.15
2024-01-12 17:00:00,North City,North,40.727934267449804,-74.0327074174844,39.76,25.73
2024-01-12 18:00:00,South City,South,34.0926769636003,-118.30919885791413,31.69,19.76
2024-01-12 19:00:00,West City,West,51.4749361227467,-0.18899701333811283,24.18,10.9
2024-01-12 20:00:00,West City,West,51.481354309033165,-0.11752857018642654,42.39,16.5
2024-01-12 21:00:00,West City,West,51.53053131676905,-0.021907202518705496,40.31,18.76
2024-01-12 22:00:00,North City,North,40.70562438278223,-74.03243310016686,16.43,16.68
2024-01-12 23:00:00,South City,South,34.01694940721208,-118.24648845388289,46.73,20.93
2024-01-13 00:00:00,West City,West,51.49105818534689,-0.187288077086605,43.11,22.86
2024-01-13 01:00:00,South City,South,34.11790047373219,-118.30442717448632,45.83,15.85
2024-01-13 02:00:00,West City,West,51.46973508878307,-0.08833421940726999,6.64,14.5
2024-01-13 03:00:00,South City,South,34.0618024558245,-118.25915582321012,53.19,20.75
2024-01-13 04:00:00,North City,North,40.698259695992796,-74.02639115430343,31.55,35.26
2024-01-13 05:00:00,North City,North,40.71715932021032,-73.97059554390717,22.96,16.33
2024-01-13 06:00:00,East City,East,35.71195054817095,139.6651746188531,24.49,23.69
2024-01-13 07:00:00,East City,East,35.73545382414939,139.67718627279058,30.82,17.31
2024-01-13 08:00:00,South City,South,34.08110585487369,-118.26982010671135,22.97,21.04
2024-01-13 09:00:00,East City,East,35.63767120418219,139.75735342577943,18.12,15.53
2024-01-13 10:00:00,West City,West,51.47129093460365,0.0036606315650136445,37.12,18.84
2024-01-13 11:00:00,North City,North,40.78231037745087,-73.9781094846824,29.75,23.72
2024-01-13 12:00:00,North City,North,40.7383139505266,-73.9561093640868,32.87,17.19
2024-01-13 13:00:00,South City,South,33.96207955462529,-118.27602647605963,35.08,18.38
2024-01-13 14:00:00,South City,South,34.05465267046372,-118.25523502065978,26.26,22.43
2024-01-13 15:00:00,East City,East,35.69693337286011,139.6748457014441,27.87,28.44
2024-01-13 16:00:00,North City,North,40.674311556105955,-74.03402275491399,17.69,16.18
2024-01-13 17:00:00,West City,West,51.43068506868077,-0.08217823753704168,30.16,12.9
2024-01-13 18:00:00,West City,West,51.551253938467525,-0.09412174284066499,39.51,20.98
2024-01-13 19:00:00,East City,East,35.63099434869704,139.60160097812098,16.33,16.43
2024-01-13 20:00:00,South City,South,34.040566404574,-118.29602389713122,25.94,9.86
2024-01-13 21:00:00,South City,South,34.057642281510454,-118.29963157140995,38.63,12.42
2024-01-13 22:00:00,North City,North,40.65307801209972,-73.98035781934603,39.35,14.54
2024-01-13 23:00:00,North City,North,40.71877901842071,-74.05465344704407,29.85,22.06
2024-01-14 00:00:00,East City,East,35.670020169657064,139.71939166658908,12.57,17.97
2024-01-14 01:00:00,South City,South,34.008458980996195,-118.3575186754296,6.97,14.89
2024-01-14 02:00:00,North City,North,40.70290976570518,-74.02498786699901,32.91,12.89
2024-01-14 03:00:00,South City,South,34.08930476860046,-118.22873537097968,51.57,13.76
2024-01-14 04:00:00,West City,West,51.55794311201859,-0.1343257539948497,33.66,16.2
2024-01-14 05:00:00,North City,North,40.70135085692549,-74.00149785811733,30.89,30.05
2024-01-14 06:00:00,North City,North,40.70664930383216,-74.00129102791598,37.93,26.59
2024-01-14 07:00:00,North City,North,40.77282069539722,-74.03884471394856,16.53,11.2
2024-01-14 08:00:00,East City,East,35.751701697406745,139.5815419769587,23.89,26.36
2024-01-14 09:00:00,South City,South,34.08255655503918,-118.1781420556841,22.18,24.16
2024-01-14 10:00:00,South City,South,34.10030996772976,-118.24634299771456,21.39,11.84
2024-01-14 11:00:00,South City,South,34.05505065624485,-118.23027038605684,23.56,24.49
2024-01-14 12:00:00,North City,North,40.6591185496999,-73.98778632970978,30.41,23.81
2024-01-14 13:00:00,South City,South,34.022461187272214,-118.30776488367384,35.57,16.53
2024-01-14 14:00:00,East City,East,35.66392747222249,139.65367999628333,8.34,24.82
2024-01-14 15:00:00,West City,West,51.52277033489045,-0.08701313937303515,27.79,16.06
2024-01-14 16:00:00,East City,East,35.67200109364228,139.71917373962492,17.88,25.95
2024-01-14 17:00:00,East City,East,35.750186571886296,139.68469785740288,38.38,12.3
2024-01-14 18:00:00,West City,West,51.500050060890146,-0.14602336312601144,17.06,19.64
2024-01-14 19:00:00,South City,South,34.025769165912514,-118.21438179906225,34.0,13.44
2024-01-14 20:00:00,East City,East,35.76340634130867,139.6669151628655,25.76,11.42
2024-01-14 21:00:00,North City,North,40.80336875143325,-73.97482255715492,11.01,18.55
2024-01-14 22:00:00,East City,East,35.62984226769507,139.68005532933813,40.02,19.44
2024-01-14 23:00:00,South City,South,34.023173827509765,-118.21427107977897,27.91,12.05
2024-01-15 00:00:00,South City,South,34.1294263001839,-118.19644031364932,37.59,22.09
2024-01-15 01:00:00,West City,West,51.43490717172595,-0.1831154090614171,32.78,28.18
2024-01-15 02:00:00,East City,East,35.635937292515365,139.69199261683627,28.94,26.55
2024-01-15 03:00:00,East City,East,35.700734236287595,139.73832954159366,47.27,15.2
2024-01-15 04:00:00,North City,North,40.64057212782376,-74.08906397466389,26.06,15.12
2024-01-15 05:00:00,East City,East,35.695822451141176,139.65730313062681,52.14,15.93
2024-01-15 06:00:00,East City,East,35.815120378828915,139.67475701649502,27.56,18.78
2024-01-15 07:00:00,East City,East,35.64859005582889,139.69153127712946,37.78,14.14
2024-01-15 08:00:00,South City,South,34.05627815174922,-118.17837212691178,40.68,23.94
2024-01-15 09:00:00,North City,North,40.67063696978531,-74.0127621447816,25.68,11.8
2024-01-15 10:00:00,West City,West,51.4634474557412,-0.15479672297694252,37.73,24.18
2024-01-15 11:00:00,South City,South,34.04087579505751,-118.29167196183617,42.21,22.07
2024-01-15 12:00:00,South City,South,34.07000834386124,-118.24126625808367,38.5,24.13
2024-01-15 13:00:00,East City,East,35.59470175793464,139.70021491810812,24.72,23.4
2024-01-15 14:00:00,North City,North,40.64278974783154,-74.14631085547492,24.17,8.89
2024-01-15 15:00:00,North City,North,40.71142425474747,-73.91738742016652,18.3,-2.11
2024-01-15 16:00:00,North City,North,40.71011277455155,-73.96535214438171,27.26,11.0
2024-01-15 17:00:00,North City,North,40.730551122721074,-74.01705565476442,20.24,11.75
2024-01-15 18:00:00,West City,West,51.56541109517926,-0.13976483883997093,29.33,19.72
2024-01-15 19:00:00,South City,South,33.93098798698635,-118.19949773018195,29.79,12.77
2024-01-15 20:00:00,East City,East,35.70706444047123,139.7761946728313,28.49,16.34
2024-01-15 21:00:00,West City,West,51.50192253542654,-0.15800061374625635,37.02,18.68
2024-01-15 22:00:00,West City,West,51.465512600920306,-0.09725950831226124,28.96,34.49
2024-01-15 23:00:00,North City,North,40.63204340920473,-73.94776303227714,34.66,17.75
2024-01-16 00:00:00,North City,North,40.73629991303816,-73.9102643847001,21.77,16.85
2024-01-16 01:00:00,West City,West,51.52637410285827,-0.037224759370324156,27.04,19.07
2024-01-16 02:00:00,South City,South,33.99743272180715,-118.25458654922443,35.51,14.95
2024-01-16 03:00:00,South City,South,33.934053378222906,-118.2941865352355,34.37,24.33
2024-01-16 04:00:00,North City,North,40.69768751620393,-73.99482444468354,21.57,25.02
2024-01-16 05:00:00,East City,East,35.658075756805204,139.72182386047197,23.53,17.59
2024-01-16 06:00:00,East City,East,35.729271912633465,139.73214764495194,31.28,25.46
2024-01-16 07:00:00,East City,East,35.67490943655422,139.61354045956517,33.23,16.23
2024-01-16 08:00:00,South City,South,34.00781209973944,-118.23795654782306,33.67,29.12
2024-01-16 09:00:00,East City,East,35.64082766293003,139.69143013118193,30.83,24.17
2024-01-16 10:00:00,West City,West,51.501043427917395,-0.171659260031085,7.96,10.74
2024-01-16 11:00:00,East City,East,35.73546144672876,139.65829279572304,31.13,7.93
2024-01-16 12:00:00,West City,West,51.450311795374205,-0.10102112765557855,20.57,10.13
2024-01-16 13:00:00,South City,South,34.101328673181385,-118.21088195650857,17.81,18.82
2024-01-16 14:00:00,East City,East,35.81668339476508,139.70084034546025,14.34,27.08
2024-01-16 15:00:00,East City,East,35.79262624596216,139.63832335428728,20.45,20.97
2024-01-16 16:00:00,South City,South,34.05174567126369,-118.2285438519204,21.41,26.0
2024-01-16 17:00:00,North City,North,40.653349435881,-74.01876259710511,41.49,28.03
2024-01-16 18:00:00,East City,East,35.663300171327236,139.62883943625712,23.97,19.94
2024-01-16 19:00:00,East City,East,35.697923048813486,139.7575798767804,33.38,15.93
2024-01-16 20:00:00,East City,East,35.63401772477396,139.64970873762738,32.77,23.12
2024-01-16 21:00:00,South City,South,34.0794908587281,-118.28569404482555,25.02,24.95
2024-01-16 22:00:00,West City,West,51.550254599849346,-0.13624503901537188,32.44,14.79
2024-01-16 23:00:00,East City,East,35.750357926041275,139.76776580259613,46.15,15.74
2024-01-17 00:00:00,South City,South,34.02834988100435,-118.21037748416434,37.96,22.33
2024-01-17 01:00:00,North City,North,40.772533707216404,-74.06206903190375,33.72,12.47
2024-01-17 02:00:00,West City,West,51.550792347151564,-0.14670430504916673,20.77,21.53
2024-01-17 03:00:00,East City,East,35.71519539248295,139.70067908909698,20.0,13.26
2024-01-17 04:00:00,West City,West,51.55036286124999,-0.11049111270836293,36.83,13.84
2024-01-17 05:00:00,East City,East,35.60425607229339,139.57785043962335,20.34,19.05
2024-01-17 06:00:00,West City,West,51.572778940537994,-0.14666391029418444,20.48,15.87
2024-01-17 07:00:00,East City,East,35.706099016528455,139.70122498398896,24.65,17.37
2024-01-17 08:00:00,East City,East,35.731670715469804,139.7164606476562,33.88,13.13
2024-01-17 09:00:00,North City,North,40.74576902930935,-74.0253238358626,38.89,14.31
2024-01-17 10:00:00,South City,South,34.04620637262885,-118.25463103555794,26.2,16.03
2024-01-17 11:00:00,North City,North,40.7527970950971,-74.08681553042183,29.81,15.88
2024-01-17 12:00:00,East City,East,35.65671818101766,139.69913754481175,37.45,11.8
2024-01-17 13:00:00,West City,West,51.552523461125084,-0.11707745830141794,34.28,24.29
2024-01-17 14:00:00,East City,East,35.664258471757755,139.73145358084028,35.59,33.77
2024-01-17 15:00:00,West City,West,51.46103234329047,-0.11588155086326074,30.7,26.13
2024-01-17 16:00:00,North City,North,40.68690436749731,-73.99394757614459,24.87,18.19
2024-01-17 17:00:00,South City,South,34.09649015688009,-118.23219952381186,44.74,15.54
2024-01-17 18:00:00,North City,North,40.78287828687577,-73.95054729760342,44.32,16.1
2024-01-17 19:00:00,West City,West,51.61594713587489,-0.13659429062161682,27.54,12.1
2024-01-17 20:00:00,South City,South,34.09754288475629,-118.254474910116,27.92,5.75
2024-01-17 21:00:00,South City,South,34.0411902686496,-118.3470927363218,25.6,2.55
2024-01-17 22:00:00,West City,West,51.63162336843207,-0.162949873013492,4.83,7.85
2024-01-17 23:00:00,North City,North,40.72875872552096,-73.93897747769884,26.91,12.73
2024-01-18 00:00:00,South City,South,34.09366624119641,-118.27279189159586,24.92,17.19
2024-01-18 01:00:00,North City,North,40.71797720693197,-74.1141109610459,21.14,19.88
2024-01-18 02:00:00,North City,North,40.7868284027771,-74.0414675143968,29.36,13.87
2024-01-18 03:00:00,West City,West,51.42834046489839,-0.08304808429619423,32.67,21.56
2024-01-18 04:00:00,North City,North,40.69395024204165,-73.97721101086668,36.88,20.94
2024-01-18 05:00:00,West City,West,51.46299260521363,-0.14314405743436864,21.68,2.54
2024-01-18 06:00:00,West City,West,51.42367778680861,-0.17260947311583302,39.2,18.8
2024-01-18 07:00:00,North City,North,40.65828004612786,-73.93545338101269,31.69,21.09
2024-01-18 08:00:00,East City,East,35.674437238233665,139.67583272036356,30.56,35.83
2024-01-18 09:00:00,South City,South,33.96734513075069,-118.27597847143242,30.58,12.79
2024-01-18 10:00:00,North City,North,40.704068107409505,-74.08025110791405,28.14,12.62
2024-01-18 11:00:00,West City,West,51.475088634507806,-0.03903445536952439,39.69,20.99
2024-01-18 12:00:00,East City,East,35.702618119016186,139.7442597005493,30.81,12.37
2024-01-18 13:00:00,West City,West,51.41643460356676,-0.16245934136182097,35.28,21.42
2024-01-18 14:00:00,West City,West,51.57725397503666,0.026557757509920288,29.22,15.58
2024-01-18 15:00:00,West City,West,51.49199828579071,-0.088816973386533,18.94,16.5
2024-01-18 16:00:00,West City,West,51.571082016607576,-0.15271339415501747,32.28,3.19
2024-01-18 17:00:00,East City,East,35.60805549082128,139.75532437232994,41.1,9.72
2024-01-18 18:00:00,West City,West,51.50879757276222,-0.10689064607661256,45.15,32.25
2024-01-18 19:00:00,North City,North,40.708381852039736,-74.0245005514941,25.64,17.23
2024-01-18 20:00:00,South City,South,34.05017140866274,-118.30263315447357,13.93,11.7
2024-01-18 21:00:00,South City,South,34.06417882701816,-118.19850386246316,29.07,19.6
2024-01-18 22:00:00,West City,West,51.45363677058868,-0.11130800231883287,21.38,18.66
2024-01-18 23:00:00,North City,North,40.65310374968005,-73.99885284526181,14.29,10.11
2024-01-19 00:00:00,North City,North,40.74562406059176,-74.03053860649115,17.32,18.86
2024-01-19 01:00:00,East City,East,35.62642725831725,139.64844803868255,19.37,11.89
2024-01-19 02:00:00,West City,West,51.52206310516234,-0.18695074966660624,31.71,26.82
2024-01-19 03:00:00,North City,North,40.586285623862686,-74.02030021109401,50.74,11.56
2024-01-19 04:00:00,North City,North,40.76606738132708,-74.03771715529179,20.98,25.42
2024-01-19 05:00:00,East City,East,35.68799278652396,139.66331471078905,25.52,9.07
2024-01-19 06:00:00,West City,West,51.47766970830802,-0.2326947720654337,46.64,28.93
2024-01-19 07:00:00,South City,South,34.06565634706225,-118.26085961377487,33.08,15.26
2024-01-19 08:00:00,West City,West,51.46193176151797,-0.1263562138425495,24.76,17.74
2024-01-19 09:00:00,West City,West,51.43499718139796,-0.16993712950074708,32.55,25.32
2024-01-19 10:00:00,North City,North,40.74990414849347,-73.99662900597383,11.85,31.55
2024-01-19 11:00:00,East City,East,35.686755299969185,139.7059777037429,40.56,19.56
2024-01-19 12:00:00,East City,East,35.68416743542818,139.7612213737203,45.18,29.87
2024-01-19 13:00:00,East City,East,35.68273728373032,139.74187832800916,41.66,16.57
2024-01-19 14:00:00,North City,North,40.716750004180554,-73.95202281895942,38.85,23.52
2024-01-19 15:00:00,West City,West,51.4760641387705,-0.08468032638086206,20.28,8.34
2024-01-19 16:00:00,West City,West,51.567863305548435,-0.1997782026688092,44.47,18.99
2024-01-19 17:00:00,East City,East,35.72435514279542,139.75082269133026,34.21,13.84
2024-01-19 18:00:00,East City,East,35.67837290820428,139.64807423422042,33.49,22.7
2024-01-19 19:00:00,South City,South,34.01844108625128,-118.25092593353578,28.37,12.79
2024-01-19 20:00:00,East City,East,35.77575586661293,139.72530302595467,51.09,23.49
2024-01-19 21:00:00,North City,North,40.68963655221696,-74.01697219058224,30.3,22.26
2024-01-19 22:00:00,East City,East,35.63119955554624,139.68812771714505,25.27,22.4
2024-01-19 23:00:00,South City,South,34.013742882510634,-118.29069515505545,13.92,12.66
2024-01-20 00:00:00,West City,West,51.56491480131507,-0.11380786695011956,22.11,14.7
2024-01-20 01:00:00,North City,North,40.63015406510806,-73.94584436767846,30.79,18.16
2024-01-20 02:00:00,North City,North,40.746697189247634,-73.98569574014918,22.98,22.09
2024-01-20 03:00:00,South City,South,34.06268297076373,-118.2682818092816,48.01,26.67
2024-01-20 04:00:00,South City,South,33.9979733103354,-118.29451245872292,14.35,16.48
2024-01-20 05:00:00,South City,South,34.01525985656349,-118.19920418337175,18.44,18.46
2024-01-20 06:00:00,East City,East,35.65665446997513,139.6147815000516,35.56,23.69
2024-01-20 07:00:00,North City,North,40.69640526417435,-73.99824046580706,30.0,17.93
2024-01-20 08:00:00,South City,South,34.06144504084645,-118.29634825392002,9.27,15.0
2024-01-20 09:00:00,South City,South,34.04422027190875,-118.19645141673057,40.27,13.35
2024-01-20 10:00:00,North City,North,40.67533965211429,-73.98891355426298,36.03,16.81
2024-01-20 11:00:00,East City,East,35.760637406804996,139.73801077011208,5.61,17.06
2024-01-20 12:00:00,South City,South,34.04377466845325,-118.23372560288614,25.86,13.74
2024-01-20 13:00:00,West City,West,51.51756514717845,-0.14203415178362916,19.45,25.41
2024-01-20 14:00:00,West City,West,51.50374832600906,-0.07221407162379057,5.75,17.79
2024-01-20 15:00:00,West City,West,51.48199299011763,-0.13518901594087357,24.49,9.46
2024-01-20 16:00:00,North City,North,40.79388000498832,-74.0370813587018,32.2,8.72
2024-01-20 17:00:00,North City,North,40.6991490119637,-73.98774372940085,26.29,32.73
2024-01-20 18:00:00,North City,North,40.73140843407361,-74.03537489074859,36.73,16.85
2024-01-20 19:00:00,South City,South,34.0071689632676,-118.21178040371959,18.11,29.5
2024-01-20 20:00:00,West City,West,51.518893610406195,-0.05380569500430797,40.02,21.62
2024-01-20 21:00:00,East City,East,35.67859820609009,139.559759574987,14.75,10.06
2024-01-20 22:00:00,East City,East,35.73520109796091,139.6442777563622,36.59,16.07
2024-01-20 23:00:00,North City,North,40.653759359234556,-73.95028391526655,30.22,21.83
2024-01-21 00:00:00,West City,West,51.46924255884281,-0.12101230600411675,21.34,12.97
2024-01-21 01:00:00,East City,East,35.73854267245687,139.6545885239904,27.62,19.35
2024-01-21 02:00:00,South City,South,34.140754794965524,-118.15181966334677,36.29,9.41
2024-01-21 03:00:00,North City,North,40.72146708321852,-73.99380234010458,31.65,18.36
2024-01-21 04:00:00,North City,North,40.72840347988975,-73.99850341649683,20.66,13.34
2024-01-21 05:00:00,South City,South,34.017447816992515,-118.24575847384563,46.71,17.25
2024-01-21 06:00:00,South City,South,34.09420049133728,-118.14462104175925,51.26,21.03
2024-01-21 07:00:00,South City,South,34.0334401809838,-118.25958575483781,17.4,13.69
2024-01-21 08:00:00,South City,South,34.09737245180455,-118.24066955821625,25.4,24.05
2024-01-21 09:00:00,East City,East,35.721425893029725,139.6798615698518,18.3,23.94
2024-01-21 10:00:00,West City,West,51.515682947178426,-0.14695417067762817,33.01,30.22
2024-01-21 11:00:00,South City,South,33.9718169486441,-118.23446297105522,21.65,32.63
2024-01-21 12:00:00,North City,North,40.72688675319147,-73.9275830361985,36.55,19.29
2024-01-21 13:00:00,South City,South,34.04216254182236,-118.30530711649075,24.36,17.42
2024-01-21 14:00:00,West City,West,51.388616699445365,-0.09788753126850247,33.02,22.82
2024-01-21 15:00:00,West City,West,51.60861548116434,-0.19595870022964051,14.02,21.24
2024-01-21 16:00:00,East City,East,35.64766860353547,139.77086127648462,21.78,27.22
2024-01-21 17:00:00,West City,West,51.45932558151722,-0.08625738378603165,29.15,9.3
2024-01-21 18:00:00,North City,North,40.728100719900894,-73.95326668439785,44.86,16.46
2024-01-21 19:00:00,North City,North,40.75691665311617,-74.02860451664165,17.5,22.23
2024-01-21 20:00:00,West City,West,51.479535984981865,-0.20064189346966613,23.92,23.33
2024-01-21 21:00:00,West City,West,51.46950038887406,-0.20611748664820462,22.04,20.37
2024-01-21 22:00:00,East City,East,35.54442381586532,139.7917183755754,29.93,22.31
2024-01-21 23:00:00,East City,East,35.596173002431975,139.74207568449185,44.2,13.8
2024-01-22 00:00:00,South City,South,34.01200138005965,-118.20639559402302,11.6,29.27
2024-01-22 01:00:00,North City,North,40.635787618398446,-73.90683068825741,32.14,16.67
2024-01-22 02:00:00,East City,East,35.680411236205856,139.70036707118567,11.76,12.67
2024-01-22 03:00:00,East City,East,35.68312254398113,139.76725774651237,28.11,24.45
2024-01-22 04:00:00,East City,East,35.64649933192108,139.64019927120685,15.81,19.5
2024-01-22 05:00:00,West City,West,51.50795707815244,-0.09231793547470965,26.34,21.11
2024-01-22 06:00:00,East City,East,35.69265896137783,139.7572192351085,23.47,26.49
2024-01-22 07:00:00,North City,North,40.687591008449616,-74.01007613365508,12.21,20.24
2024-01-22 08:00:00,South City,South,34.01970892609296,-118.23700200464172,46.69,35.04
2024-01-22 09:00:00,South City,South,34.000703266454714,-118.28115157354776,22.68,10.84
2024-01-22 10:00:00,East City,East,35.63530945750066,139.7823670602623,41.07,11.65
2024-01-22 11:00:00,North City,North,40.77250547015237,-74.05505827655699,12.74,13.26
2024-01-22 12:00:00,East City,East,35.62066351487482,139.66848894512833,23.83,15.37
2024-01-22 13:00:00,South City,South,34.02227870323282,-118.23227117362411,44.6,5.96
2024-01-22 14:00:00,East City,East,35.728263969814776,139.62193331368735,31.33,5.76
2024-01-22 15:00:00,South City,South,34.10479738088615,-118.29360303136572,36.5,7.48
2024-01-22 16:00:00,North City,North,40.67042851539411,-73.97905968941241,44.57,20.18
2024-01-22 17:00:00,North City,North,40.75360364216969,-74.00971054892747,40.82,24.97
2024-01-22 18:00:00,East City,East,35.72159077651209,139.63600734501995,27.95,17.52
2024-01-22 19:00:00,North City,North,40.7356886433076,-73.92227537833263,34.4,23.45
2024-01-22 20:00:00,East City,East,35.7540701774108,139.52235931192558,11.2,21.45
2024-01-22 21:00:00,West City,West,51.50438555043041,-0.10506024151788097,22.88,28.11
2024-01-22 22:00:00,West City,West,51.52272049274926,-0.035676047771639435,30.54,38.46
2024-01-22 23:00:00,West City,West,51.54234142101012,-0.10675135278053051,30.07,13.38
2024-01-23 00:00:00,North City,North,40.76550643380095,-73.93132086153456,31.87,19.61
2024-01-23 01:00:00,South City,South,34.019730415312814,-118.20509526055125,33.77,23.67
2024-01-23 02:00:00,West City,West,51.47426075992541,-0.15261523654776418,30.27,18.71
2024-01-23 03:00:00,North City,North,40.6613314245909,-74.07363351429218,12.24,20.86
2024-01-23 04:00:00,North City,North,40.726032200256064,-73.95859392804496,28.88,22.92
2024-01-23 05:00:00,West City,West,51.598067197599136,-0.16067160787765689,22.96,24.52
2024-01-23 06:00:00,North City,North,40.74784628577186,-73.9632423317259,31.65,17.72
2024-01-23 07:00:00,East City,East,35.66882674194384,139.70471402532914,26.4,8.72
2024-01-23 08:00:00,North City,North,40.733045704947955,-74.00811678290991,34.24,16.82
2024-01-23 09:00:00,South City,South,34.02006213485257,-118.15862394647897,45.14,13.71
2024-01-23 10:00:00,East City,East,35.709029695309965,139.81439516729716,22.03,18.26
2024-01-23 11:00:00,East City,East,35.69986336646995,139.69516721685181,20.78,10.97
2024-01-23 12:00:00,East City,East,35.77778546332252,139.6603058392779,18.14,20.41
2024-01-23 13:00:00,East City,East,35.74899556986206,139.7423837870272,44.99,26.73
2024-01-23 14:00:00,West City,West,51.61516663740953,-0.17667810627363434,37.78,35.67
2024-01-23 15:00:00,East City,East,35.70903479604641,139.62537639358445,35.51,20.38
2024-01-23 16:00:00,South City,South,33.9830770037527,-118.16666070940026,24.97,17.01
2024-01-23 17:00:00,East City,East,35.68401152480919,139.7165742628653,26.73,6.64
2024-01-23 18:00:00,North City,North,40.74511486847018,-74.0618834963506,44.24,22.88
2024-01-23 19:00:00,South City,South,34.063465396102046,-118.26217634644168,29.76,16.78
2024-01-23 20:00:00,East City,East,35.69220103630238,139.75903329114183,33.5,20.08
2024-01-23 21:00:00,East City,East,35.767911987945986,139.75621840610972,30.16,17.39
2024-01-23 22:00:00,South City,South,34.105174026508664,-118.21807667419048,20.42,22.55
2024-01-23 23:00:00,East City,East,35.64369040422594,139.65010888958847,22.16,13.17
2024-01-24 00:00:00,West City,West,51.53041649365899,-0.19527744240871847,20.27,4.86
2024-01-24 01:00:00,West City,West,51.43737902198346,-0.11746126100827917,34.08,21.17
2024-01-24 02:00:00,South City,South,34.03251952813257,-118.17021005368613,13.23,18.65
2024-01-24 03:00:00,North City,North,40.67350069836825,-74.0750522301577,40.73,34.55
2024-01-24 04:00:00,South City,South,34.068707130789456,-118.19898160563939,25.8,27.54
2024-01-24 05:00:00,South City,South,34.079116201119845,-118.2344876043028,13.85,3.75
2024-01-24 06:00:00,West City,West,51.53067920082705,-0.06065628935252941,30.03,-0.91
2024-01-24 07:00:00,North City,North,40.71210811269529,-74.04048638870321,30.25,4.56
2024-01-24 08:00:00,West City,West,51.54426456582735,-0.13573083385256607,23.19,11.69
2024-01-24 09:00:00,North City,North,40.719585929527405,-73.99775449282868,35.43,10.73
2024-01-24 10:00:00,West City,West,51.60088076652522,-0.22708310781996577,43.59,16.33
2024-01-24 11:00:00,North City,North,40.73689330308593,-73.9786367601311,16.49,8.74
2024-01-24 12:00:00,East City,East,35.717953962976786,139.7533262441559,36.16,14.04
2024-01-24 13:00:00,North City,North,40.76604383696451,-74.1130132939389,37.08,18.06
2024-01-24 14:00:00,East City,East,35.70371622247596,139.7025915939756,33.08,2.9
2024-01-24 15:00:00,West City,West,51.61022717824147,-0.18434442176629579,34.2,22.25
2024-01-24 16:00:00,North City,North,40.6744491236549,-73.93211590610312,6.78,10.54
2024-01-24 17:00:00,West City,West,51.49334901763642,-0.10655169418762273,31.12,30.21
2024-01-24 18:00:00,South City,South,34.0394579080973,-118.2605764142925,41.19,30.84
2024-01-24 19:00:00,East City,East,35.74056916477147,139.79612213864348,16.22,14.05
2024-01-24 20:00:00,East City,East,35.64715438358415,139.77769231055512,35.36,20.57
2024-01-24 21:00:00,South City,South,34.102961404583255,-118.25576155331487,30.0,8.92
2024-01-24 22:00:00,South City,South,34.04710683028171,-118.20747947642833,29.58,31.52
2024-01-24 23:00:00,West City,West,51.55032255583283,-0.1395310284978707,20.04,22.56
2024-01-25 00:00:00,East City,East,35.71044323737045,139.73489399108345,35.37,27.34
2024-01-25 01:00:00,East City,East,35.634679875692434,139.73361184397857,50.29,24.71
2024-01-25 02:00:00,North City,North,40.70155832484764,-73.92472663290222,39.15,25.51
2024-01-25 03:00:00,South City,South,34.107023461690545,-118.27498386437482,29.47,26.56
2024-01-25 04:00:00,South City,South,34.03144992088324,-118.37018581053027,43.32,18.31
2024-01-25 05:00:00,East City,East,35.67571489035396,139.73873480719112,28.15,13.11
2024-01-25 06:00:00,North City,North,40.73083395878465,-74.00429340092442,36.64,21.25
2024-01-25 07:00:00,South City,South,33.95837236469791,-118.2127144277017,42.0,14.56
2024-01-25 08:00:00,East City,East,35.76680450841174,139.7322571629555,31.51,16.02
2024-01-25 09:00:00,West City,West,51.5718698431715,-0.07939967625296832,47.62,16.02
2024-01-25 10:00:00,East City,East,35.67002325043599,139.74429899771047,41.1,15.17
2024-01-25 11:00:00,East City,East,35.652791310061076,139.69579977782067,35.99,22.68
2024-01-25 12:00:00,West City,West,51.39912592071435,-0.11256818518259745,44.35,2.53
2024-01-25 13:00:00,West City,West,51.561112361697226,-0.0514906841319169,18.56,18.4
2024-01-25 14:00:00,North City,North,40.655342255788014,-74.08649057268484,45.78,10.29
2024-01-25 15:00:00,South City,South,34.13719786872882,-118.19012284238826,31.97,20.18
2024-01-25 16:00:00,West City,West,51.46774373274164,-0.07475931568723054,31.37,26.14
2024-01-25 17:00:00,North City,North,40.681284376037354,-74.0564027738556,20.12,24.53
2024-01-25 18:00:00,West City,West,51.52734916643953,-0.09501980435632867,40.34,20.0
2024-01-25 19:00:00,East City,East,35.71503960442638,139.7432290292812,20.92,28.63
2024-01-25 20:00:00,West City,West,51.61680283796443,-0.10120046961940982,45.51,2.84
2024-01-25 21:00:00,East City,East,35.64862995515463,139.6612216085582,15.78,25.74
2024-01-25 22:00:00,South City,South,34.082901282362926,-118.21728035940662,38.98,9.0
2024-01-25 23:00:00,West City,West,51.520422113166674,-0.1547420928096369,23.03,22.07
2024-01-26 00:00:00,West City,West,51.42240201396584,-0.1407695877968628,25.89,14.45
2024-01-26 01:00:00,North City,North,40.68589813784313,-74.00265421378813,26.67,21.44
2024-01-26 02:00:00,South City,South,34.05559954537906,-118.31526113779834,26.45,27.94
2024-01-26 03:00:00,East City,East,35.71296337949043,139.61492139383964,33.35,20.21
2024-01-26 04:00:00,West City,West,51.50674135057388,-0.13732641838318388,36.02,25.29
2024-01-26 05:00:00,East City,East,35.75023985284472,139.66182156821165,29.03,14.47
2024-01-26 06:00:00,East City,East,35.69125633349639,139.63625016533945,19.68,25.79
2024-01-26 07:00:00,South City,South,34.06466542978209,-118.19144557629576,50.12,25.17
2024-01-26 08:00:00,North City,North,40.757012115288695,-73.94750995237057,31.94,13.78
2024-01-26 09:00:00,North City,North,40.74798208078966,-73.9980420527334,16.46,14.13
2024-01-26 10:00:00,South City,South,34.026579645642016,-118.13269906327884,43.9,7.45
2024-01-26 11:00:00,North City,North,40.683182202217395,-73.99982261520222,36.26,24.2
2024-01-26 12:00:00,East City,East,35.69960273080128,139.72431943581216,25.62,25.41
2024-01-26 13:00:00,East City,East,35.623915862476665,139.7350816041953,41.13,25.54
2024-01-26 14:00:00,East City,East,35.62269958166823,139.6722418841457,37.5,22.19
2024-01-26 15:00:00,South City,South,34.03544311094143,-118.22658310827552,49.87,14.28
2024-01-26 16:00:00,West City,West,51.60269706742287,-0.15095838065363956,28.21,9.12
2024-01-26 17:00:00,South City,South,33.99704086213459,-118.259327136855,20.2,39.43
2024-01-26 18:00:00,North City,North,40.721373092061334,-74.02101908702599,34.45,25.29
2024-01-26 19:00:00,West City,West,51.503702621719576,-0.15038297380798113,25.34,16.94
2024-01-26 20:00:00,South City,South,34.09270403259546,-118.29759370514844,32.07,23.17
2024-01-26 21:00:00,East City,East,35.68117654358824,139.7022939339326,34.29,15.61
2024-01-26 22:00:00,North City,North,40.70009719009106,-74.02189847832175,32.48,19.35
2024-01-26 23:00:00,North City,North,40.711119371764816,-73.98326295439294,32.53,23.74
2024-01-27 00:00:00,East City,East,35.64849391399519,139.59491172263944,25.56,20.31
2024-01-27 01:00:00,West City,West,51.4740857899745,-0.13668469885567,33.43,20.16
2024-01-27 02:00:00,West City,West,51.50181988345785,-0.16635087091826248,29.04,9.09
2024-01-27 03:00:00,West City,West,51.55112585370662,-0.16028826134241336,29.38,21.36
2024-01-27 04:00:00,South City,South,33.9814512064062,-118.30869471396483,17.43,22.1
2024-01-27 05:00:00,North City,North,40.7568591671521,-74.0250120777965,26.21,20.32
2024-01-27 06:00:00,East City,East,35.716161278077784,139.734181750088,25.11,16.05
2024-01-27 07:00:00,South City,South,34.06139172581612,-118.10904831680098,26.4,20.11
2024-01-27 08:00:00,South City,South,34.067852485495656,-118.24558299717627,31.16,17.29
2024-01-27 09:00:00,South City,South,34.079292104466816,-118.16164202304543,18.14,1.75
2024-01-27 10:00:00,East City,East,35.69032746994546,139.6740972196144,31.74,10.73
2024-01-27 11:00:00,North City,North,40.77514458577674,-74.0091002004683,29.48,29.93
2024-01-27 12:00:00,East City,East,35.70817405938661,139.65626074598768,32.05,16.16
2024-01-27 13:00:00,East City,East,35.70259751746707,139.62894461253717,25.08,20.41
2024-01-27 14:00:00,North City,North,40.73249437974053,-74.01007193904714,40.98,18.27
2024-01-27 15:00:00,West City,West,51.51823877818813,-0.1826651263816422,44.77,9.83
2024-01-27 16:00:00,West City,West,51.37870589424678,-0.1405188387902775,32.33,16.46
2024-01-27 17:00:00,West City,West,51.51077468406236,-0.10554567643232991,33.8,16.66
2024-01-27 18:00:00,North City,North,40.774711897032326,-74.04984962972553,23.07,23.61
2024-01-27 19:00:00,North City,North,40.65768539250818,-73.97193202447785,24.69,21.39
2024-01-27 20:00:00,South City,South,34.12689690998992,-118.21730486755285,54.79,33.87
2024-01-27 21:00:00,North City,North,40.780500957118576,-73.97155545337542,32.96,20.63
2024-01-27 22:00:00,South City,South,34.0203855227161,-118.29009669799689,33.86,6.34
2024-01-27 23:00:00,West City,West,51.522009636416314,-0.13716645092031873,20.63,13.33
2024-01-28 00:00:00,East City,East,35.6934988247389,139.77228952956563,38.65,28.63
2024-01-28 01:00:00,South City,South,34.022231675307985,-118.2992001785943,41.72,15.44
2024-01-28 02:00:00,West City,West,51.58411817667205,-0.13668183526926866,37.01,10.11
2024-01-28 03:00:00,North City,North,40.69842762402998,-73.99163355477985,9.16,30.07
2024-01-28 04:00:00,East City,East,35.66808273801471,139.58935326566385,22.23,22.85
2024-01-28 05:00:00,North City,North,40.67207026034148,-74.0333129519063,32.49,11.75
2024-01-28 06:00:00,North City,North,40.71775632680773,-74.03817653488522,17.46,21.24
2024-01-28 07:00:00,East City,East,35.723775386939515,139.78413044166481,22.69,23.31
2024-01-28 08:00:00,East City,East,35.74559528554911,139.65077980347357,28.01,22.43
2024-01-28 09:00:00,East City,East,35.65436359920437,139.6314653358586,45.34,18.96
2024-01-28 10:00:00,North City,North,40.71879753400794,-74.02605821028055,17.67,10.98
2024-01-28 11:00:00,East City,East,35.73295772962485,139.6689230236988,45.78,24.9
2024-01-28 12:00:00,East City,East,35.723357343317886,139.67943497293336,31.61,35.73
2024-01-28 13:00:00,West City,West,51.45298402564855,-0.19176852479264225,39.91,25.27
2024-01-28 14:00:00,West City,West,51.52383801501714,-0.126409854213003,38.5,14.82
2024-01-28 15:00:00,West City,West,51.52360285141108,-0.18518456949078338,36.4,16.67
2024-01-28 16:00:00,West City,West,51.52061489109877,-0.09154002636634077,23.56,4.04
2024-01-28 17:00:00,West City,West,51.53570429913721,-0.09284931899934973,38.65,19.17
2024-01-28 18:00:00,West City,West,51.487651890175165,-0.09903305679422077,28.04,28.35
2024-01-28 19:00:00,East City,East,35.74628100735915,139.6363853243794,39.32,16.34
2024-01-28 20:00:00,North City,North,40.720067290137536,-73.97517817887392,46.7,14.95
2024-01-28 21:00:00,West City,West,51.50426677382337,-0.22033158208474263,32.29,29.99
2024-01-28 22:00:00,South City,South,34.109801570140476,-118.15259155253023,34.15,13.49
2024-01-28 23:00:00,South City,South,34.115385333882735,-118.2860157988733,39.11,18.74
2024-01-29 00:00:00,West City,West,51.510740744158866,-0.07395385873535748,20.88,19.32
2024-01-29 01:00:00,West City,West,51.530735811700254,-0.10248165112368728,27.83,24.02
2024-01-29 02:00:00,North City,North,40.64157081801345,-73.98386072373391,22.68,16.26
2024-01-29 03:00:00,East City,East,35.69310184306419,139.68108955150495,45.16,22.21
2024-01-29 04:00:00,West City,West,51.54128198442417,-0.08827493196691383,34.35,15.74
2024-01-29 05:00:00,West City,West,51.48586426497698,-0.13510299425235833,29.34,21.15
2024-01-29 06:00:00,West City,West,51.453575136579516,-0.11673569391347337,30.23,14.73
2024-01-29 07:00:00,South City,South,34.04751819056304,-118.1774101676229,40.83,14.7
2024-01-29 08:00:00,North City,North,40.71683533131934,-74.03755948847217,25.12,20.94
2024-01-29 09:00:00,North City,North,40.77449086160446,-74.00923337649952,29.32,12.04
2024-01-29 10:00:00,South City,South,34.12691256231282,-118.22188324057923,26.98,16.14
2024-01-29 11:00:00,North City,North,40.72232119449625,-73.98353906393575,11.3,15.28
2024-01-29 12:00:00,North City,North,40.65812214270559,-74.04712354564246,36.4,19.04
2024-01-29 13:00:00,East City,East,35.775673267003356,139.7166542782733,31.61,18.37
2024-01-29 14:00:00,North City,North,40.79031248363861,-74.0025148842634,22.8,12.66
2024-01-29 15:00:00,East City,East,35.72523048953183,139.58920293607113,24.13,19.57
2024-01-29 16:00:00,West City,West,51.587202424569774,-0.1456369281629514,23.63,5.0
2024-01-29 17:00:00,South City,South,34.043923592432336,-118.27766922849032,41.57,27.01
2024-01-29 18:00:00,West City,West,51.512353453796166,-0.20366531078392466,25.43,18.38
2024-01-29 19:00:00,South City,South,34.13994665358236,-118.24277991846083,14.86,20.25
2024-01-29 20:00:00,North City,North,40.710285851281874,-74.0379561761236,38.94,14.52
2024-01-29 21:00:00,East City,East,35.762722715613364,139.66362060323132,43.7,28.01
2024-01-29 22:00:00,South City,South,34.06731556525738,-118.20605863930957,18.34,3.19
2024-01-29 23:00:00,South City,South,33.95384651482064,-118.29955932308535,42.01,18.98
2024-01-30 00:00:00,East City,East,35.704780718062565,139.61106691209798,1.57,18.14
2024-01-30 01:00:00,North City,North,40.701517164839096,-74.01028040447356,36.73,5.65
2024-01-30 02:00:00,East City,East,35.63622326550516,139.75135854324876,35.38,23.81
2024-01-30 03:00:00,North City,North,40.764886233202944,-73.9768227848494,21.36,26.96
2024-01-30 04:00:00,South City,South,34.01050999991822,-118.13458217494036,26.9,11.22
2024-01-30 05:00:00,South City,South,34.11631817370578,-118.18931300783832,30.73,15.65
2024-01-30 06:00:00,North City,North,40.70756433706873,-74.14117400648807,20.37,13.63
2024-01-30 07:00:00,East City,East,35.67445701264296,139.63122615322905,18.38,16.02
2024-01-30 08:00:00,North City,North,40.65909233090617,-73.94186756793518,36.54,24.07
2024-01-30 09:00:00,East City,East,35.67081689608679,139.6663364294703,18.67,20.41
2024-01-30 10:00:00,West City,West,51.52909427400008,-0.0942056712524222,28.42,17.82
2024-01-30 11:00:00,West City,West,51.420839934827754,-0.053053088627338194,29.11,17.74
2024-01-30 12:00:00,East City,East,35.661513404393,139.71082132808675,54.29,27.1
2024-01-30 13:00:00,East City,East,35.75001217502535,139.67824917267924,23.7,18.49
2024-01-30 14:00:00,North City,North,40.694252099021426,-74.0168214014138,23.0,10.53
2024-01-30 15:00:00,South City,South,34.0942991847726,-118.26216036002238,28.89,11.72
2024-01-30 16:00:00,South City,South,34.0942752339908,-118.22521898228304,20.68,9.45
2024-01-30 17:00:00,North City,North,40.74645660103449,-74.12451262400329,10.68,13.27
2024-01-30 18:00:00,East City,East,35.715876857934006,139.67862671813404,23.49,13.56
2024-01-30 19:00:00,North City,North,40.655081866588354,-74.09359144033759,25.41,13.14
2024-01-30 20:00:00,West City,West,51.41859988305307,-0.08142962541055973,33.86,15.28
2024-01-30 21:00:00,South City,South,34.0783697508451,-118.25997936785765,35.25,10.04
2024-01-30 22:00:00,West City,West,51.522653106948255,-0.167848379844799,22.63,15.43
2024-01-30 23:00:00,West City,West,51.5563211056014,-0.10169287270330321,39.75,21.61
2024-01-31 00:00:00,South City,South,34.01043571472046,-118.24018757108927,31.29,15.38
2024-01-31 01:00:00,West City,West,51.53766118505091,-0.07202833513094327,26.23,16.56
2024-01-31 02:00:00,North City,North,40.62856496530071,-74.10923487449794,52.66,18.81
2024-01-31 03:00:00,South City,South,34.0335840473531,-118.22183434064806,37.13,4.82
2024-01-31 04:00:00,North City,North,40.740579434233446,-73.88453586785243,13.3,14.28
2024-01-31 05:00:00,West City,West,51.536716648778906,-0.14760630489946144,36.63,12.93
2024-01-31 06:00:00,West City,West,51.54158362107084,-0.13057236810568965,28.62,16.0
2024-01-31 07:00:00,North City,North,40.72698755118308,-74.05539366704504,43.71,22.87
2024-01-31 08:00:00,West City,West,51.42768357533593,-0.04312167652358542,23.43,20.4
2024-01-31 09:00:00,North City,North,40.70351912660411,-74.02208531089107,26.83,17.84
2024-01-31 10:00:00,West City,West,51.567128171559204,-0.08176372435530532,45.29,17.33
2024-01-31 11:00:00,South City,South,34.06143552373905,-118.19680422312447,40.07,9.22
2024-01-31 12:00:00,North City,North,40.77361560196747,-73.99764303933947,29.43,16.62
2024-01-31 13:00:00,West City,West,51.45401825746995,-0.14177841521332715,36.28,16.32
2024-01-31 14:00:00,West City,West,51.52608842140467,-0.07270216513012878,14.08,24.12
2024-01-31 15:00:00,South City,South,34.11153673100887,-118.17188322971471,21.19,13.01
2024-01-31 16:00:00,South City,South,34.08382212331839,-118.22920237796251,24.36,17.5
2024-01-31 17:00:00,East City,East,35.6514905275519,139.70605666770615,10.3,22.96
2024-01-31 18:00:00,West City,West,51.539218286387644,-0.1441660098137428,16.52,24.46
2024-01-31 19:00:00,North City,North,40.77130993545983,-73.99928517513762,20.84,27.49
2024-01-31 20:00:00,East City,East,35.767436060642176,139.6373463811715,43.32,19.59
2024-01-31 21:00:00,North City,North,40.69865566397402,-74.03695363682586,16.11,13.83
2024-01-31 22:00:00,East City,East,35.68498129844408,139.74056592580322,29.34,20.3
2024-01-31 23:00:00,East City,East,35.77331965136041,139.64442465600285,17.93,10.47
2024-02-01 00:00:00,South City,South,34.119607392430346,-118.28194726204391,46.58,23.5
2024-02-01 01:00:00,North City,North,40.764586232129155,-73.96501358341546,47.32,22.92
2024-02-01 02:00:00,West City,West,51.56363479283984,-0.09128364970383354,31.18,16.8
2024-02-01 03:00:00,West City,West,51.4893268616653,-0.10697769809492737,50.86,10.9
2024-02-01 04:00:00,West City,West,51.45831774649123,-0.180726002502128,42.39,36.79
2024-02-01 05:00:00,North City,North,40.77182454389865,-73.89207990067354,21.47,18.6
2024-02-01 06:00:00,South City,South,34.05422992380782,-118.205875053608,29.26,16.85
2024-02-01 07:00:00,East City,East,35.73518858106928,139.61441351066546,19.08,23.84
2024-02-01 08:00:00,North City,North,40.677834089608616,-73.94787708567038,30.39,20.88
2024-02-01 09:00:00,East City,East,35.72780980045871,139.74222069131253,26.26,16.91
2024-02-01 10:00:00,North City,North,40.72295746007956,-73.98116122131165,30.96,20.45
2024-02-01 11:00:00,South City,South,34.02623018140869,-118.26074539386731,36.79,17.04
2024-02-01 12:00:00,West City,West,51.50033887321729,-0.06078587148330045,11.73,24.6
2024-02-01 13:00:00,North City,North,40.60955213062076,-74.04029990208598,17.49,18.15
2024-02-01 14:00:00,North City,North,40.78846722510698,-73.93192421035792,28.64,25.42
2024-02-01 15:00:00,South City,South,34.072224069325316,-118.23714674068921,24.74,19.24
2024-02-01 16:00:00,North City,North,40.66295913487515,-74.00276201191477,24.3,12.64
2024-02-01 17:00:00,East City,East,35.633612517303696,139.67376481134755,21.67,15.47
2024-02-01 18:00:00,North City,North,40.6743344987754,-74.01906645297257,45.01,24.36
2024-02-01 19:00:00,West City,West,51.4665891377729,-0.12389284685151762,41.06,14.05
2024-02-01 20:00:00,East City,East,35.74260080883978,139.70007588062649,19.09,20.02
2024-02-01 21:00:00,East City,East,35.749623887382654,139.70755734923551,22.44,19.21
2024-02-01 22:00:00,South City,South,34.04065337750623,-118.20945786313342,40.28,13.43
2024-02-01 23:00:00,South City,South,34.073998769475004,-118.37031230426099,31.95,17.31
2024-02-02 00:00:00,East City,East,35.73154193796834,139.6739158544871,35.29,26.97
2024-02-02 01:00:00,West City,West,51.49865277169993,-0.18129476645402517,24.1,23.91
2024-02-02 02:00:00,West City,West,51.58831906644239,-0.14085230959400763,27.8,16.15
2024-02-02 03:00:00,South City,South,34.07349218293149,-118.22278971220561,23.93,17.46
2024-02-02 04:00:00,South City,South,34.0493451694582,-118.20701774266594,30.26,5.86
2024-02-02 05:00:00,East City,East,35.69208919255995,139.72053969119568,14.78,30.23
2024-02-02 06:00:00,West City,West,51.48694416931723,-0.12872523016148313,27.67,17.71
2024-02-02 07:00:00,South City,South,34.059249134980604,-118.16426865359783,31.46,13.7
2024-02-02 08:00:00,South City,South,34.07375604820487,-118.27546458023431,8.23,23.19
2024-02-02 09:00:00,North City,North,40.727109737952404,-74.13092467939357,24.62,17.05
2024-02-02 10:00:00,East City,East,35.68368046685696,139.6220805236108,26.56,22.03
2024-02-02 11:00:00,East City,East,35.697334686412326,139.74287653220927,46.96,31.28
2024-02-02 12:00:00,North City,North,40.71565681775807,-73.95979022670049,36.08,21.67
2024-02-02 13:00:00,West City,West,51.425519754127166,-0.12181998686664477,25.12,23.75
2024-02-02 14:00:00,North City,North,40.76130984133427,-74.0662467800614,31.59,15.43
2024-02-02 15:00:00,East City,East,35.67439097065087,139.56154314560862,41.54,27.7
2024-02-02 16:00:00,West City,West,51.5338508149946,-0.1249522779872551,39.53,30.81
2024-02-02 17:00:00,East City,East,35.720537377763975,139.74370942823964,16.06,14.04
2024-02-02 18:00:00,East City,East,35.67332845352255,139.76405177299605,26.74,12.73
2024-02-02 19:00:00,East City,East,35.69176113545,139.69425989509406,41.81,13.61
2024-02-02 20:00:00,West City,West,51.54123239696496,-0.05557562555267495,53.07,16.75
2024-02-02 21:00:00,West City,West,51.47969723532936,-0.047842165773569284,24.03,25.55
2024-02-02 22:00:00,East City,East,35.661969073669894,139.79558385664598,33.92,1.97
2024-02-02 23:00:00,South City,South,34.00391675982384,-118.16224168175496,35.03,0.55
2024-02-03 00:00:00,South City,South,34.03997778350378,-118.29376792496153,12.7,31.18
2024-02-03 01:00:00,South City,South,33.92084673215959,-118.26977005459094,43.68,9.82
2024-02-03 02:00:00,South City,South,34.089365606477145,-118.30477475315334,28.22,21.64
2024-02-03 03:00:00,East City,East,35.72344734938812,139.65107988255312,50.96,29.16
2024-02-03 04:00:00,West City,West,51.50973857154204,-0.13315764405177682,28.17,6.31
2024-02-03 05:00:00,East City,East,35.722347355616215,139.7331033038186,36.15,30.45
2024-02-03 06:00:00,West City,West,51.536867468868905,-0.14086813911634333,28.29,10.56
2024-02-03 07:00:00,West City,West,51.41539611277471,-0.12941403055247352,33.47,35.58
2024-02-03 08:00:00,South City,South,34.018621894970785,-118.2380525983779,27.29,13.72
2024-02-03 09:00:00,East City,East,35.71847094914495,139.5661582499299,38.53,32.84
2024-02-03 10:00:00,South City,South,33.999403709324454,-118.24446463304808,16.56,23.95
2024-02-03 11:00:00,South City,South,34.03732588995631,-118.17810081307131,32.24,24.33
2024-02-03 12:00:00,West City,West,51.46019021778117,-0.15209313442021521,19.69,11.97
2024-02-03 13:00:00,West City,West,51.53352809604376,-0.2195404014817278,23.71,12.76
2024-02-03 14:00:00,South City,South,34.03276417545314,-118.22373006253608,23.11,19.0
2024-02-03 15:00:00,East City,East,35.65471525614015,139.64579365082918,30.71,8.95
2024-02-03 16:00:00,West City,West,51.55732114115611,-0.14325769056782567,42.32,6.52
2024-02-03 17:00:00,North City,North,40.80796463438636,-73.96829620334209,28.93,25.0
2024-02-03 18:00:00,South City,South,34.06958326232037,-118.2897752698012,21.66,22.72
2024-02-03 19:00:00,East City,East,35.648303225651404,139.65574452742754,33.36,16.41
2024-02-03 20:00:00,North City,North,40.813401706548035,-73.99919135584676,11.87,10.59
2024-02-03 21:00:00,West City,West,51.557618831738154,-0.16282684140047693,35.6,19.31
2024-02-03 22:00:00,East City,East,35.669419614467145,139.6839730502885,28.28,16.8
2024-02-03 23:00:00,North City,North,40.64415702742595,-73.98842600498239,41.95,24.26
2024-02-04 00:00:00,South City,South,34.01985274143752,-118.29452804395062,20.06,15.38
2024-02-04 01:00:00,North City,North,40.67113525208788,-74.03791384828486,24.99,8.07
2024-02-04 02:00:00,West City,West,51.47600087067587,-0.07524081099250468,34.65,21.12
2024-02-04 03:00:00,East City,East,35.68331336599501,139.71459028049628,26.61,20.59
2024-02-04 04:00:00,East City,East,35.72959154912725,139.66185058045122,31.54,18.77
2024-02-04 05:00:00,South City,South,34.03333289615261,-118.20783582094207,39.9,13.89
2024-02-04 06:00:00,North City,North,40.734637177039176,-74.01799991088232,33.13,20.85
2024-02-04 07:00:00,South City,South,34.052558923345394,-118.34802388291855,31.49,20.55
2024-02-04 08:00:00,West City,West,51.48778394987436,-0.13651981591723988,22.47,12.48
2024-02-04 09:00:00,East City,East,35.7496523926103,139.73047118665446,28.71,20.38
2024-02-04 10:00:00,West City,West,51.53896086002476,-0.09832374769116609,26.07,22.84
2024-02-04 11:00:00,North City,North,40.65564903439631,-73.96499209066222,40.29,24.11
2024-02-04 12:00:00,East City,East,35.686422333103245,139.68959051497697,15.97,25.04
2024-02-04 13:00:00,East City,East,35.62226754862653,139.70228001902942,33.39,15.66
2024-02-04 14:00:00,West City,West,51.580064115312624,-0.13345317320135153,12.61,22.93
2024-02-04 15:00:00,West City,West,51.56830973558771,-0.07493158473108874,35.33,23.88
2024-02-04 16:00:00,East City,East,35.705201581217686,139.64112889643144,25.67,12.46
2024-02-04 17:00:00,South City,South,33.98292858659428,-118.20403572974175,30.73,19.31
2024-02-04 18:00:00,East City,East,35.68507104845902,139.6982446743972,39.59,20.39
2024-02-04 19:00:00,South City,South,34.06625046251409,-118.35032978130775,15.64,8.79
2024-02-04 20:00:00,South City,South,34.041225972339284,-118.29301633819625,24.89,17.71
2024-02-04 21:00:00,South City,South,33.97452861007666,-118.15640643319324,32.15,14.07
2024-02-04 22:00:00,North City,North,40.670675125431664,-73.98584043946198,42.41,15.56
2024-02-04 23:00:00,West City,West,51.40647560678057,-0.12054681270203091,38.58,12.2
2024-02-05 00:00:00,South City,South,34.10788471188418,-118.34095343664319,38.59,14.72
2024-02-05 01:00:00,North City,North,40.73674093741066,-73.97202121574198,15.91,15.14
2024-02-05 02:00:00,East City,East,35.70816620722489,139.7232196236016,38.29,24.3
2024-02-05 03:00:00,East City,East,35.58064674767786,139.70062383319427,20.05,16.73
2024-02-05 04:00:00,East City,East,35.72803193394751,139.65067710752223,38.66,25.01
2024-02-05 05:00:00,West City,West,51.47870349960163,-0.0731381446208895,28.94,14.82
2024-02-05 06:00:00,North City,North,40.728373378163056,-73.98448257790476,39.61,21.98
2024-02-05 07:00:00,South City,South,34.068304115538346,-118.24425460019744,32.77,17.84
2024-02-05 08:00:00,West City,West,51.495388606686376,-0.08199743384408445,39.1,13.03
2024-02-05 09:00:00,South City,South,33.98114234299272,-118.26955685402244,32.88,14.06
2024-02-05 10:00:00,East City,East,35.65562414640581,139.68615065141142,16.61,19.12
2024-02-05 11:00:00,West City,West,51.40362059954607,-0.13210348463954466,11.69,9.4
2024-02-05 12:00:00,South City,South,34.108484640800846,-118.30365686171741,25.44,24.76
2024-02-05 13:00:00,East City,East,35.64493915259791,139.70768163379586,26.15,20.02
2024-02-05 14:00:00,West City,West,51.49825032890966,-0.1829154737120646,47.1,16.82
2024-02-05 15:00:00,South City,South,34.04398323970573,-118.2330953323463,30.08,15.72
2024-02-05 16:00:00,East City,East,35.79632603726451,139.62851458530105,40.56,18.07
2024-02-05 17:00:00,South City,South,34.124493232982104,-118.24288421991571,24.88,11.71
2024-02-05 18:00:00,West City,West,51.49522368054073,-0.17499322952114235,47.48,11.35
2024-02-05 19:00:00,East City,East,35.67035914051935,139.68551355268625,17.36,5.45
2024-02-05 20:00:00,North City,North,40.71439832796351,-73.94138333929159,30.34,31.18
2024-02-05 21:00:00,South City,South,34.11205932423112,-118.3175033545886,43.15,14.04
2024-02-05 22:00:00,East City,East,35.77264994684971,139.70222733817207,22.16,32.71
2024-02-05 23:00:00,South City,South,34.04207378864676,-118.27011485233315,41.82,21.37
2024-02-06 00:00:00,South City,South,34.10916905074178,-118.2227986910794,35.39,19.52
2024-02-06 01:00:00,South City,South,34.03829403848444,-118.26055940688956,25.57,26.27
2024-02-06 02:00:00,East City,East,35.696410856555225,139.72628605403537,37.84,31.45
2024-02-06 03:00:00,West City,West,51.49990296404604,-0.1994575907262356,40.91,14.76
2024-02-06 04:00:00,South City,South,33.92318141720175,-118.21802254874903,7.02,14.37
2024-02-06 05:00:00,North City,North,40.71994046962213,-74.03488752540771,18.9,26.03
2024-02-06 06:00:00,East City,East,35.612495701249415,139.70431589528653,15.71,19.55
2024-02-06 07:00:00,North City,North,40.694207105886065,-74.04242308108402,29.93,16.49
2024-02-06 08:00:00,North City,North,40.795253314360025,-73.97467547992447,31.73,11.31
2024-02-06 09:00:00,North City,North,40.79006285848774,-73.88528913438806,40.03,18.85
2024-02-06 10:00:00,South City,South,33.98766412401058,-118.22223248822888,20.72,25.48
2024-02-06 11:00:00,South City,South,34.099700791433484,-118.23154976389728,22.61,26.34
2024-02-06 12:00:00,North City,North,40.733215223170895,-74.02152790453393,29.91,4.08
2024-02-06 13:00:00,South City,South,34.06706974267655,-118.24878600127765,28.57,23.51
2024-02-06 14:00:00,South City,South,34.057493119902404,-118.20246663327947,25.65,21.24
2024-02-06 15:00:00,West City,West,51.4674029746649,-0.22320010685616537,36.93,22.08
2024-02-06 16:00:00,East City,East,35.7175007573704,139.59074903874796,34.57,27.19
2024-02-06 17:00:00,West City,West,51.501178633844674,-0.15625136811375967,26.67,25.66
2024-02-06 18:00:00,West City,West,51.62034135609541,-0.16171533662575982,43.43,5.31
2024-02-06 19:00:00,West City,West,51.43663664040379,-0.11687329787945272,35.86,12.84
2024-02-06 20:00:00,East City,East,35.647294169141695,139.67889297029822,25.32,17.89
2024-02-06 21:00:00,West City,West,51.51038839186866,-0.08032385410194956,21.16,-0.12
2024-02-06 22:00:00,North City,North,40.71967381725706,-73.90153286750741,45.33,25.03
2024-02-06 23:00:00,West City,West,51.44843154391837,-0.11918728067944812,39.6,21.24
2024-02-07 00:00:00,East City,East,35.728674316079605,139.71383120946166,29.87,23.06
2024-02-07 01:00:00,South City,South,34.02363128737913,-118.23387182261789,11.4,24.05
2024-02-07 02:00:00,West City,West,51.45625272398832,-0.15669926932118375,33.62,25.59
2024-02-07 03:00:00,West City,West,51.53428149514749,-0.1063906876094712,25.88,24.39
2024-02-07 04:00:00,East City,East,35.73065970513465,139.72585954551826,37.87,14.2
2024-02-07 05:00:00,North City,North,40.744307438821394,-74.09983593653413,18.32,21.64
2024-02-07 06:00:00,West City,West,51.453068741152315,-0.17260575142182927,31.34,19.68
2024-02-07 07:00:00,South City,South,34.021788674627764,-118.22554421861278,30.49,23.38
2024-02-07 08:00:00,South City,South,34.10385374922993,-118.19310764581803,29.22,27.6
2024-02-07 09:00:00,North City,North,40.64907535587505,-73.98702248476938,30.77,18.87
2024-02-07 10:00:00,East City,East,35.662273892065286,139.6174556050878,25.51,17.92
2024-02-07 11:00:00,South City,South,34.07985745781896,-118.27111001490834,32.43,3.43
2024-02-07 12:00:00,West City,West,51.565656186991006,-0.1267059339714341,24.45,27.32
2024-02-07 13:00:00,South City,South,34.07973938675584,-118.25343383311791,34.44,6.09
2024-02-07 14:00:00,West City,West,51.54567246192161,-0.10223733607302128,14.85,12.39
2024-02-07 15:00:00,North City,North,40.79496890779023,-73.98796760542821,9.22,15.76
2024-02-07 16:00:00,West City,West,51.45615969233314,-0.15382524539852943,41.81,9.6
2024-02-07 17:00:00,North City,North,40.67477909000943,-74.01233680178929,29.0,6.83
2024-02-07 18:00:00,North City,North,40.69670037363532,-74.03138615566516,41.93,16.96
2024-02-07 19:00:00,North City,North,40.70884663290678,-74.03495620548179,20.15,19.39
2024-02-07 20:00:00,North City,North,40.791968894076476,-74.07840317143216,25.83,16.18
2024-02-07 21:00:00,East City,East,35.627735975261686,139.63559233810594,46.85,30.91
2024-02-07 22:00:00,North City,North,40.72210066890996,-73.95297038320088,27.12,20.89
2024-02-07 23:00:00,North City,North,40.75591117559435,-74.07681135278963,45.99,23.61
2024-02-08 00:00:00,North City,North,40.67543108856269,-74.03256819334318,20.82,13.48
2024-02-08 01:00:00,West City,West,51.5537433442876,-0.017588551535217975,38.74,17.79
2024-02-08 02:00:00,North City,North,40.66505056760567,-74.00416208867253,19.36,13.14
2024-02-08 03:00:00,East City,East,35.652597145816934,139.7007625581301,28.96,20.75
2024-02-08 04:00:00,North City,North,40.69909112433178,-74.01054640864119,40.67,15.75
2024-02-08 05:00:00,South City,South,34.0686466446962,-118.20168404362076,24.99,27.99
2024-02-08 06:00:00,South City,South,34.09599382309994,-118.26703136937796,20.25,24.55
2024-02-08 07:00:00,West City,West,51.44793837674614,-0.07510071144085619,31.89,20.08
2024-02-08 08:00:00,West City,West,51.540647772886786,-0.17720816738352047,26.17,10.72
2024-02-08 09:00:00,North City,North,40.654136522199806,-74.01123959584474,29.07,16.28
2024-02-08 10:00:00,East City,East,35.68265325056953,139.71127441865653,26.03,21.28
2024-02-08 11:00:00,East City,East,35.75505837489013,139.6804840514561,46.79,4.62
2024-02-08 12:00:00,West City,West,51.592622727519704,-0.1892161197540445,30.06,14.1
2024-02-08 13:00:00,West City,West,51.51575185003632,-0.10693024346330414,28.2,19.13
2024-02-08 14:00:00,South City,South,33.989705625957086,-118.21550684155379,28.41,11.75
2024-02-08 15:00:00,North City,North,40.70619153221778,-74.00238605173078,35.95,13.87
2024-02-08 16:00:00,East City,East,35.68287171613276,139.67307155788117,22.59,13.49
2024-02-08 17:00:00,East City,East,35.74224295346055,139.68235570848097,42.12,14.55
2024-02-08 18:00:00,South City,South,33.987909868296775,-118.20001140019757,32.94,29.66
2024-02-08 19:00:00,South City,South,34.13368210655564,-118.2623337791976,45.59,7.29
2024-02-08 20:00:00,South City,South,34.0126307756959,-118.22672822225945,21.18,8.04
2024-02-08 21:00:00,East City,East,35.773717425806254,139.74170108575464,31.2,13.55
2024-02-08 22:00:00,South City,South,33.975449061866705,-118.216824130849,27.94,15.2
2024-02-08 23:00:00,North City,North,40.70725937198605,-74.02541215267608,40.7,26.9
2024-02-09 00:00:00,West City,West,51.50206621590278,-0.07033703249846826,31.5,4.26
2024-02-09 01:00:00,South City,South,34.04566314666434,-118.18845290388846,43.38,20.58
2024-02-09 02:00:00,West City,West,51.54713696085276,-0.07381593976388118,27.77,4.93
2024-02-09 03:00:00,South City,South,34.056505543412946,-118.28104616425351,29.4,25.89
2024-02-09 04:00:00,West City,West,51.48001850607426,-0.15018987757113347,36.25,20.65
2024-02-09 05:00:00,West City,West,51.56470891303524,-0.13269932233603457,11.38,18.79
2024-02-09 06:00:00,South City,South,34.14369798348771,-118.23809668124109,18.48,20.86
2024-02-09 07:00:00,East City,East,35.665291302437566,139.64338768401234,14.57,16.88
2024-02-09 08:00:00,South City,South,34.048623139396774,-118.27586621978824,10.2,14.49
2024-02-09 09:00:00,South City,South,34.047308459395005,-118.29909708354576,20.28,24.88
2024-02-09 10:00:00,North City,North,40.73855273131762,-74.09321210634697,29.29,23.07
2024-02-09 11:00:00,North City,North,40.77700478969741,-74.12731960352676,33.96,19.84
2024-02-09 12:00:00,South City,South,34.055333802508095,-118.23920719185433,30.65,6.33
2024-02-09 13:00:00,East City,East,35.69004393791011,139.7197533542013,36.77,19.28
2024-02-09 14:00:00,West City,West,51.49741667869313,-0.2131587362765435,39.73,18.83
2024-02-09 15:00:00,East City,East,35.6950267658737,139.66038423619085,20.14,11.21
2024-02-09 16:00:00,North City,North,40.68488957335841,-74.0151037235046,46.9,15.3
2024-02-09 17:00:00,West City,West,51.49941574062558,-0.10629671564123408,24.19,16.19
2024-02-09 18:00:00,North City,North,40.74225619738338,-73.9975720849351,41.38,13.86
2024-02-09 19:00:00,West City,West,51.60023237182809,-0.15188829855467376,30.45,21.91
2024-02-09 20:00:00,North City,North,40.70898051818666,-74.0133759782309,34.19,15.71
2024-02-09 21:00:00,West City,West,51.57173129050517,-0.15829923107592717,31.5,31.52
2024-02-09 22:00:00,East City,East,35.76160028988268,139.6950702943419,29.38,16.76
2024-02-09 23:00:00,North City,North,40.71406054337701,-74.08315591139714,24.1,22.89
2024-02-10 00:00:00,East City,East,35.69221757392735,139.6245286516439,27.03,15.64
2024-02-10 01:00:00,West City,West,51.5602508141474,-0.11786027058305731,30.72,21.3
2024-02-10 02:00:00,South City,South,34.003257608083835,-118.25846973093496,32.16,22.03
2024-02-10 03:00:00,East City,East,35.72747574437431,139.67711206838706,39.98,15.99
2024-02-10 04:00:00,West City,West,51.49051746352034,-0.14532227421181082,37.21,15.7
2024-02-10 05:00:00,East City,East,35.61082751199489,139.6306461267956,39.4,11.7
2024-02-10 06:00:00,North City,North,40.7189070357037,-73.93016288559392,30.85,29.16
2024-02-10 07:00:00,West City,West,51.468445363031165,-0.11763820227069845,41.59,24.81
2024-02-10 08:00:00,East City,East,35.76982736931442,139.64682166574997,29.96,16.26
2024-02-10 09:00:00,South City,South,34.03007885053782,-118.2607587290335,28.61,26.44
2024-02-10 10:00:00,South City,South,34.0791827297627,-118.26127559009497,14.82,17.38
2024-02-10 11:00:00,South City,South,34.03102007091359,-118.31198087020951,20.15,12.45
2024-02-10 12:00:00,South City,South,34.04098089450543,-118.1926449213547,30.04,16.3
2024-02-10 13:00:00,West City,West,51.584046668526774,-0.1261646121865616,18.63,11.75
2024-02-10 14:00:00,West City,West,51.53971170655788,-0.19154957253077676,19.07,21.49
2024-02-10 15:00:00,South City,South,34.11321414482089,-118.29753395637356,29.8,17.25
2024-02-10 16:00:00,South City,South,34.06523139288,-118.22876727758702,19.02,16.82
2024-02-10 17:00:00,West City,West,51.56159604832678,-0.047595437326137996,39.32,25.68
2024-02-10 18:00:00,West City,West,51.59810045905375,-0.21783501588884174,7.31,11.53
2024-02-10 19:00:00,East City,East,35.736559093321,139.70129488679365,9.37,15.78
2024-02-10 20:00:00,West City,West,51.485442036456156,-0.1303709777203421,47.73,20.71
2024-02-10 21:00:00,North City,North,40.71367277326264,-74.07320514080912,10.34,17.42
2024-02-10 22:00:00,North City,North,40.62260166796527,-73.98190211063762,29.23,13.51
2024-02-10 23:00:00,North City,North,40.724151723943244,-74.02220340876045,34.04,23.01
2024-02-11 00:00:00,South City,South,34.02561730876663,-118.24723582378901,32.56,23.57
2024-02-11 01:00:00,West City,West,51.59332035363242,-0.25241715639650325,48.59,24.88
2024-02-11 02:00:00,East City,East,35.637373027625856,139.6465468380452,29.98,25.81
2024-02-11 03:00:00,East City,East,35.57091703195706,139.79380348264638,39.94,22.52
2024-02-11 04:00:00,East City,East,35.708519552694895,139.66258464360345,28.67,23.94
2024-02-11 05:00:00,North City,North,40.741595221846616,-74.01347157430055,25.94,13.68
2024-02-11 06:00:00,South City,South,34.190506995990596,-118.23028625301053,29.53,21.36
2024-02-11 07:00:00,West City,West,51.462366430874376,-0.17601000357116223,38.4,8.5
2024-02-11 08:00:00,West City,West,51.54501624465137,-0.10985551200265736,12.61,10.63
2024-02-11 09:00:00,East City,East,35.66242454997769,139.68811765570942,33.52,11.9
2024-02-11 10:00:00,East City,East,35.683715289694575,139.74868064702866,42.04,20.4
2024-02-11 11:00:00,South City,South,34.065303340454335,-118.34117808588772,32.0,22.26
2024-02-11 12:00:00,North City,North,40.74147364934726,-73.96958820854557,36.4,16.25
2024-02-11 13:00:00,South City,South,34.01412851227872,-118.26242661296936,20.09,24.44
2024-02-11 14:00:00,East City,East,35.74451308016155,139.69080322597125,34.29,12.98
2024-02-11 15:00:00,East City,East,35.74817211383162,139.6780727639319,24.47,22.87
2024-02-11 16:00:00,East City,East,35.62973416009047,139.75346743253763,22.65,3.86
2024-02-11 17:00:00,West City,West,51.53723793231509,-0.22898269890060835,27.87,26.25
2024-02-11 18:00:00,East City,East,35.72154526568969,139.71141982620915,41.08,23.63
2024-02-11 19:00:00,North City,North,40.7761825755594,-73.99156359984951,41.5,20.08
2024-02-11 20:00:00,North City,North,40.631236275221596,-74.02617365299965,12.2,20.39
2024-02-11 21:00:00,West City,West,51.4545301071128,-0.09630095798262327,45.57,21.64
2024-02-11 22:00:00,West City,West,51.56013656674909,-0.16730304362989767,39.84,10.32
2024-02-11 23:00:00,East City,East,35.705659274122915,139.75589084299267,31.07,20.71
2024-02-12 00:00:00,South City,South,34.050547954396336,-118.14065202817687,40.67,21.88
2024-02-12 01:00:00,West City,West,51.51737426497214,-0.13184741031219216,38.99,8.42
2024-02-12 02:00:00,West City,West,51.534941329108804,-0.19192887707785222,36.56,22.83
2024-02-12 03:00:00,North City,North,40.75685733604067,-74.00593371556327,34.21,13.95
2024-02-12 04:00:00,West City,West,51.51599424171256,-0.08187245881031677,21.8,23.9
2024-02-12 05:00:00,South City,South,34.02681333483851,-118.33667066629732,44.67,21.77
2024-02-12 06:00:00,East City,East,35.67867977895201,139.70521031456192,13.35,15.96
2024-02-12 07:00:00,West City,West,51.54028815880751,-0.13127661431211346,36.9,19.86
2024-02-12 08:00:00,West City,West,51.54912463603522,-0.2197266561244869,3.3,30.62
2024-02-12 09:00:00,West City,West,51.45022202701172,-0.10071771560747038,43.59,15.52
2024-02-12 10:00:00,North City,North,40.68133662005373,-74.03071037274216,21.45,18.65
2024-02-12 11:00:00,West City,West,51.56640640868707,-0.07058534657200305,34.96,32.53
2024-02-12 12:00:00,East City,East,35.632103209089536,139.6933800658322,27.39,9.33
2024-02-12 13:00:00,East City,East,35.634955170501364,139.73141505659885,40.9,26.4
2024-02-12 14:00:00,West City,West,51.521624589294724,-0.11178157178536291,20.97,12.86
2024-02-12 15:00:00,West City,West,51.416345696535274,-0.15768338416274286,19.6,31.62
2024-02-12 16:00:00,North City,North,40.744658453535074,-74.07291033277522,28.85,11.62
2024-02-12 17:00:00,West City,West,51.51904356538701,-0.09176139575808914,28.73,16.34
2024-02-12 18:00:00,South City,South,34.084566280573114,-118.19147193621073,16.65,10.37
2024-02-12 19:00:00,West City,West,51.48051771211101,-0.09502980850748814,19.94,20.52
2024-02-12 20:00:00,South City,South,34.1387425772935,-118.28544751841439,38.19,19.11
2024-02-12 21:00:00,West City,West,51.487676365328596,-0.11182036751024976,30.06,24.01
2024-02-12 22:00:00,East City,East,35.69751582143935,139.7781340787907,24.93,16.74
2024-02-12 23:00:00,South City,South,34.01473211552886,-118.25477682987919,38.09,13.91
2024-02-13 00:00:00,South City,South,34.14524935200918,-118.23721580452174,15.4,5.32
2024-02-13 01:00:00,East City,East,35.725776418651904,139.69853359355815,26.61,16.79
2024-02-13 02:00:00,South City,South,34.06014159698644,-118.27491267102855,28.32,4.46
2024-02-13 03:00:00,West City,West,51.47672061973186,-0.11798795296666398,25.4,10.44
2024-02-13 04:00:00,South City,South,34.057098163223806,-118.26060190204551,13.07,22.87
2024-02-13 05:00:00,West City,West,51.55372409375526,-0.11636684859316404,43.75,15.79
2024-02-13 06:00:00,North City,North,40.697719893317846,-74.00194287405223,20.23,23.85
2024-02-13 07:00:00,West City,West,51.541717677750725,-0.1697446337012868,26.55,21.42
2024-02-13 08:00:00,West City,West,51.55438371240139,-0.06565433087999348,38.95,20.0
2024-02-13 09:00:00,East City,East,35.63093919133114,139.80539705193385,24.36,20.91
2024-02-13 10:00:00,West City,West,51.475936360461304,-0.10592794611672067,36.35,12.67
2024-02-13 11:00:00,North City,North,40.73061263943531,-73.94292403737323,21.13,23.4
2024-02-13 12:00:00,West City,West,51.513916337087245,-0.16368076981199886,22.01,4.14
2024-02-13 13:00:00,North City,North,40.68292371491828,-73.90858778374326,36.0,15.23
2024-02-13 14:00:00,East City,East,35.70244563737714,139.7180757507878,27.12,18.91
2024-02-13 15:00:00,North City,North,40.75349904300989,-73.99956912747975,9.83,-1.83
2024-02-13 16:00:00,South City,South,34.016255479241515,-118.23349656488625,45.81,22.75
2024-02-13 17:00:00,South City,South,34.07055479208669,-118.25037988966639,32.82,16.79
2024-02-13 18:00:00,East City,East,35.6844068244951,139.7383873104419,31.83,22.05
2024-02-13 19:00:00,West City,West,51.58149803842182,-0.14196090194726163,32.46,12.38
2024-02-13 20:00:00,East City,East,35.67332453902082,139.68765602135545,29.54,13.48
2024-02-13 21:00:00,East City,East,35.64331965186956,139.7018472025155,17.65,24.7
2024-02-13 22:00:00,East City,East,35.69058460277632,139.6443811006321,34.68,17.86
2024-02-13 23:00:00,North City,North,40.6609466963215,-73.97273155324837,44.71,13.1
2024-02-14 00:00:00,East City,East,35.64950034526525,139.67818858404863,25.93,18.84
2024-02-14 01:00:00,West City,West,51.492695076309715,-0.11425817420830227,17.29,9.27
2024-02-14 02:00:00,East City,East,35.72893924915637,139.70485404008562,42.75,23.54
2024-02-14 03:00:00,South City,South,34.08106817625533,-118.2501329723176,36.66,22.05
2024-02-14 04:00:00,South City,South,34.06409490944011,-118.27264079070594,24.49,18.17
2024-02-14 05:00:00,East City,East,35.71781532693668,139.6639443131836,34.9,21.83
2024-02-14 06:00:00,South City,South,34.07126806406792,-118.2487442687773,32.74,8.99
2024-02-14 07:00:00,East City,East,35.739857860029836,139.71759973881956,37.23,18.78
2024-02-14 08:00:00,North City,North,40.67215604845503,-73.98783573050581,38.56,22.03
2024-02-14 09:00:00,North City,North,40.73313637347306,-74.0540942431103,29.12,29.12
2024-02-14 10:00:00,East City,East,35.651885999774244,139.70144024575802,26.42,21.15
2024-02-14 11:00:00,East City,East,35.62124891022867,139.72677473909624,22.09,18.24
2024-02-14 12:00:00,East City,East,35.72082330458888,139.71178943728938,32.9,11.69
2024-02-14 13:00:00,West City,West,51.4991438538889,-0.16912575856230277,49.99,32.19
2024-02-14 14:00:00,North City,North,40.70778141138614,-74.04623924890983,31.15,19.27
2024-02-14 15:00:00,West City,West,51.43253711774106,-0.06375302116666362,24.65,20.06
2024-02-14 16:00:00,South City,South,34.00602637915791,-118.3016497300262,24.09,20.02
2024-02-14 17:00:00,South City,South,34.04220085507216,-118.2951583455373,32.61,25.16
2024-02-14 18:00:00,West City,West,51.52012902163217,-0.0725180744979444,28.77,10.93
2024-02-14 19:00:00,North City,North,40.59678422008848,-73.96686850868417,36.46,18.14
2024-02-14 20:00:00,East City,East,35.66109718561693,139.74545901984868,24.06,25.76
2024-02-14 21:00:00,North City,North,40.70773375418851,-74.11062666028745,26.61,26.17
2024-02-14 22:00:00,North City,North,40.731935989652854,-74.00370203019406,36.35,34.74
2024-02-14 23:00:00,West City,West,51.49989415243731,-0.1910003083973682,28.85,19.85
2024-02-15 00:00:00,East City,East,35.67087728439754,139.72521743514508,36.65,10.9
2024-02-15 01:00:00,South City,South,34.047239982353425,-118.22487449309148,22.49,3.69
2024-02-15 02:00:00,North City,North,40.760450079638304,-74.0522146229428,29.89,8.5
2024-02-15 03:00:00,North City,North,40.750624417715805,-74.10170300352938,44.27,15.06
2024-02-15 04:00:00,South City,South,34.11843493524865,-118.25148039641564,31.58,23.52
2024-02-15 05:00:00,South City,South,34.00521487008739,-118.18582234041624,26.58,24.07
2024-02-15 06:00:00,East City,East,35.610340633551516,139.69742379798979,20.22,11.57
2024-02-15 07:00:00,South City,South,34.056425257284644,-118.20380027251939,29.37,19.69
2024-02-15 08:00:00,South City,South,34.02511062993083,-118.24642254812105,29.87,24.05
2024-02-15 09:00:00,South City,South,34.054726817139645,-118.16920986842143,26.22,19.02
2024-02-15 10:00:00,East City,East,35.63582804404463,139.72164240037182,32.17,11.37
2024-02-15 11:00:00,North City,North,40.74707948731492,-74.01308242930051,21.94,18.53
2024-02-15 12:00:00,East City,East,35.70864005991507,139.69055906196348,31.11,26.29
2024-02-15 13:00:00,West City,West,51.509761404614906,-0.19172099611785742,32.96,20.75
2024-02-15 14:00:00,South City,South,34.07950641765968,-118.28337482291677,35.19,11.16
2024-02-15 15:00:00,West City,West,51.51393450122322,-0.13487628766834742,38.71,24.64
2024-02-15 16:00:00,West City,West,51.50339487825131,-0.16295605273328098,35.49,20.27
2024-02-15 17:00:00,North City,North,40.71503038622171,-73.94314601157595,24.66,19.06
2024-02-15 18:00:00,South City,South,34.05531936981901,-118.1539445775828,11.55,23.5
2024-02-15 19:00:00,West City,West,51.557089110726515,-0.059104280739427514,23.19,24.77
2024-02-15 20:00:00,South City,South,34.05825234749403,-118.21887091647251,20.45,20.59
2024-02-15 21:00:00,East City,East,35.654834462720544,139.70441707546493,37.5,16.78
2024-02-15 22:00:00,North City,North,40.764586825371474,-74.03905783423271,29.7,23.56
2024-02-15 23:00:00,West City,West,51.42297474059657,-0.18380237112349362,19.36,17.93
2024-02-16 00:00:00,North City,North,40.84743790812619,-73.96464198440674,27.01,14.44
2024-02-16 01:00:00,South City,South,34.00712524465529,-118.21353134135263,33.81,14.89
2024-02-16 02:00:00,South City,South,34.04219597170967,-118.2733250946901,25.08,17.08
2024-02-16 03:00:00,North City,North,40.649204049944366,-73.99543017162647,38.27,19.11
2024-02-16 04:00:00,South City,South,34.13242537900827,-118.29658011003924,19.87,5.15
2024-02-16 05:00:00,East City,East,35.7327622475172,139.73219784066762,30.98,11.71
2024-02-16 06:00:00,South City,South,34.099996873788214,-118.23676736872636,25.78,14.88
2024-02-16 07:00:00,East City,East,35.76622410508973,139.74781871093515,40.97,2.66
2024-02-16 08:00:00,East City,East,35.68113043303973,139.62347819638788,49.38,-0.61
2024-02-16 09:00:00,West City,West,51.49287007613284,-0.15750578152439923,33.89,18.0
2024-02-16 10:00:00,North City,North,40.684199878086844,-73.9064661991405,31.71,21.09
2024-02-16 11:00:00,South City,South,34.01521144180135,-118.31043053034551,47.48,25.28
2024-02-16 12:00:00,East City,East,35.69156185092583,139.76221162577755,31.39,26.24
2024-02-16 13:00:00,North City,North,40.765739033674514,-73.9960934174432,20.83,22.69
2024-02-16 14:00:00,South City,South,34.1052962392744,-118.28647596022883,21.47,18.51
2024-02-16 15:00:00,South City,South,34.019415614026926,-118.25548556224284,28.77,20.16
2024-02-16 16:00:00,West City,West,51.45424133221303,-0.1070683552379331,29.16,17.84
2024-02-16 17:00:00,West City,West,51.529353427794504,-0.2400433386946364,9.28,11.34
2024-02-16 18:00:00,West City,West,51.45187218755164,-0.19238173580671958,47.63,17.13
2024-02-16 19:00:00,North City,North,40.70174787682315,-74.0025315098671,35.65,29.45
2024-02-16 20:00:00,West City,West,51.500719803119836,-0.16616476872602878,20.71,27.65
2024-02-16 21:00:00,West City,West,51.52303254956036,-0.03867728917213427,21.23,1.17
2024-02-16 22:00:00,East City,East,35.678047322168396,139.6416021571652,21.42,16.84
2024-02-16 23:00:00,South City,South,34.08884145409109,-118.30741160595385,12.04,15.69
2024-02-17 00:00:00,East City,East,35.69943868251726,139.7004792401793,41.6,21.6
2024-02-17 01:00:00,North City,North,40.68502776035675,-74.00490671289089,30.57,19.99
2024-02-17 02:00:00,East City,East,35.71891032035201,139.68830668844635,27.12,28.44
2024-02-17 03:00:00,South City,South,34.049304612506155,-118.28045584003624,31.55,20.79
2024-02-17 04:00:00,North City,North,40.75221715104297,-74.03785392531252,51.73,22.89
2024-02-17 05:00:00,East City,East,35.71405330217227,139.74113272396832,30.14,9.17
2024-02-17 06:00:00,North City,North,40.727352201643086,-73.90578856128649,34.29,9.32
2024-02-17 07:00:00,East City,East,35.72528671205855,139.81141809502913,37.31,21.77
2024-02-17 08:00:00,North City,North,40.71593296831273,-73.9186804181092,37.92,20.06
2024-02-17 09:00:00,South City,South,34.01010031101192,-118.23706060924616,21.26,24.74
2024-02-17 10:00:00,North City,North,40.70396891230198,-74.0616488655569,38.11,27.65
2024-02-17 11:00:00,South City,South,34.108293075239715,-118.25303394811567,9.26,17.85
2024-02-17 12:00:00,North City,North,40.73824952604278,-74.001406453321,44.09,19.62
2024-02-17 13:00:00,West City,West,51.51387309675626,-0.22708316779017795,26.74,23.18
2024-02-17 14:00:00,North City,North,40.684231512035616,-74.033123777497,22.13,22.68
2024-02-17 15:00:00,East City,East,35.72668258877701,139.68145616680675,26.65,8.61
2024-02-17 16:00:00,South City,South,34.09887092414792,-118.33174682183154,23.46,23.9
2024-02-17 17:00:00,North City,North,40.792214707602746,-73.97343624779407,22.28,24.23
2024-02-17 18:00:00,East City,East,35.69902126775327,139.65741157960773,29.38,6.29
2024-02-17 19:00:00,West City,West,51.51162333931949,-0.181262724687754,20.06,18.95
2024-02-17 20:00:00,South City,South,33.99711529737215,-118.2150774032494,20.13,23.96
2024-02-17 21:00:00,North City,North,40.6760275539804,-74.00733025525184,34.92,18.29
2024-02-17 22:00:00,South City,South,34.178819380011916,-118.24474481383024,24.54,18.88
2024-02-17 23:00:00,South City,South,34.04644451530384,-118.26099596645236,16.08,29.93
2024-02-18 00:00:00,West City,West,51.50642477357295,-0.09480908570275089,37.05,20.46
2024-02-18 01:00:00,West City,West,51.542706427455464,-0.06826269419873762,30.58,13.3
2024-02-18 02:00:00,South City,South,34.15484208065399,-118.21148542368694,44.05,16.31
2024-02-18 03:00:00,West City,West,51.45371556705411,-0.1237458728549588,19.7,18.32
2024-02-18 04:00:00,East City,East,35.70942486751528,139.68771078272837,15.61,27.33
2024-02-18 05:00:00,West City,West,51.445719328798205,-0.22272615150322858,36.45,17.91
2024-02-18 06:00:00,North City,North,40.66271667431896,-73.96659282280146,27.24,17.01
2024-02-18 07:00:00,North City,North,40.747258222853716,-74.04018171411433,27.42,17.51
2024-02-18 08:00:00,South City,South,33.98835721117795,-118.19627457283683,31.91,18.3
2024-02-18 09:00:00,West City,West,51.53342509415385,-0.10649484345083014,26.63,18.97
2024-02-18 10:00:00,East City,East,35.6987562517157,139.61916891733236,43.48,22.98
2024-02-18 11:00:00,South City,South,34.023494966235816,-118.21687930500543,23.08,13.39
2024-02-18 12:00:00,North City,North,40.69585625272755,-73.9965004569648,32.52,21.14
2024-02-18 13:00:00,West City,West,51.547302993667614,-0.18663359145350317,31.92,26.39
2024-02-18 14:00:00,North City,North,40.72882158964734,-74.00179803954751,31.35,16.07
2024-02-18 15:00:00,North City,North,40.71966762397035,-73.860091322247,21.31,17.92
2024-02-18 16:00:00,South City,South,34.04330940077683,-118.34344172303005,38.58,23.85
2024-02-18 17:00:00,North City,North,40.66319782196115,-74.03368475765677,21.19,27.83
2024-02-18 18:00:00,East City,East,35.68532017858207,139.69517578118501,19.9,22.02
2024-02-18 19:00:00,South City,South,34.0459556557325,-118.24291511020212,16.98,5.03
2024-02-18 20:00:00,South City,South,34.044086444246545,-118.27254285473585,34.42,10.52
2024-02-18 21:00:00,West City,West,51.52012132287133,-0.15888846764166006,39.92,19.25
2024-02-18 22:00:00,South City,South,34.00286224054144,-118.28571948531699,42.61,11.54
2024-02-18 23:00:00,North City,North,40.76427202779635,-74.02284475633925,11.53,15.0
2024-02-19 00:00:00,South City,South,34.04614359370279,-118.19832562068893,37.87,16.52
2024-02-19 01:00:00,North City,North,40.71806298505117,-73.9365899530573,12.91,26.61
2024-02-19 02:00:00,South City,South,34.0607799386534,-118.23153911887195,37.53,14.0
2024-02-19 03:00:00,East City,East,35.70404823650687,139.6663495670365,33.6,21.53
2024-02-19 04:00:00,West City,West,51.475742549802135,-0.17653684953900844,14.39,30.74
2024-02-19 05:00:00,South City,South,34.11823750639131,-118.23523124743642,25.94,0.17
2024-02-19 06:00:00,West City,West,51.57009334444118,-0.16757189738184827,26.33,16.72
2024-02-19 07:00:00,East City,East,35.704891618625695,139.7951113020753,19.44,16.2
2024-02-19 08:00:00,South City,South,33.9800891763066,-118.2112998407423,29.24,12.71
2024-02-19 09:00:00,South City,South,34.05086243772129,-118.17088357640102,45.81,15.83
2024-02-19 10:00:00,East City,East,35.73442093358136,139.6442699047407,29.95,11.74
2024-02-19 11:00:00,South City,South,34.003910868356805,-118.27062868366484,38.19,20.97
2024-02-19 12:00:00,West City,West,51.52916190685925,-0.044197655899782945,36.33,35.9
2024-02-19 13:00:00,West City,West,51.53046152467933,-0.11335675264901568,10.25,12.76
2024-02-19 14:00:00,West City,West,51.551422509705276,-0.19422723390581986,42.96,14.73
2024-02-19 15:00:00,West City,West,51.57193792120612,0.0015954486765342446,16.64,23.07
2024-02-19 16:00:00,South City,South,34.052862068676376,-118.26247847301543,33.52,21.67
2024-02-19 17:00:00,North City,North,40.746660426067514,-74.05997752058197,36.1,3.44
2024-02-19 18:00:00,South City,South,34.0086086116721,-118.17587831449171,28.51,5.25
2024-02-19 19:00:00,North City,North,40.791486710827755,-73.98316559946348,23.95,24.37
2024-02-19 20:00:00,West City,West,51.5258648238215,-0.10607029156716088,25.19,8.18
2024-02-19 21:00:00,West City,West,51.545623911015284,-0.1768234767460949,50.14,21.94
2024-02-19 22:00:00,West City,West,51.497519476098915,-0.20847297040688162,34.76,12.39
2024-02-19 23:00:00,West City,West,51.46714524094847,-0.11837621194909485,27.28,26.64
2024-02-20 00:00:00,South City,South,34.0480391564883,-118.18622046551508,30.35,15.59
2024-02-20 01:00:00,West City,West,51.54012528763615,-0.12314206100411737,20.16,14.84
2024-02-20 02:00:00,South City,South,34.07264395003159,-118.27133139550382,28.55,24.8
2024-02-20 03:00:00,North City,North,40.722719675858876,-74.00645911766925,40.84,19.47
2024-02-20 04:00:00,North City,North,40.715209558147265,-74.05674844161588,45.8,15.05
2024-02-20 05:00:00,East City,East,35.639223999274236,139.64288767742727,42.25,16.72
2024-02-20 06:00:00,East City,East,35.691619749336944,139.71444880845596,23.5,19.06
2024-02-20 07:00:00,South City,South,33.99950822523178,-118.22230928024236,26.53,23.4
2024-02-20 08:00:00,West City,West,51.454638825493795,-0.11494307670959522,25.71,20.69
2024-02-20 09:00:00,North City,North,40.76962352541835,-74.0516253887197,36.2,-7.07
2024-02-20 10:00:00,South City,South,33.965447319728206,-118.29028873354966,31.94,25.65
2024-02-20 11:00:00,West City,West,51.4170479302534,-0.1415422650334896,13.68,11.67
2024-02-20 12:00:00,East City,East,35.71822586703086,139.58237833871326,48.58,26.12
2024-02-20 13:00:00,West City,West,51.415461164101046,-0.16853590906170657,36.43,23.63
2024-02-20 14:00:00,East City,East,35.69146695633888,139.76135843185838,31.57,15.07
2024-02-20 15:00:00,North City,North,40.84139976587475,-74.11847162271003,34.32,23.18
2024-02-20 16:00:00,East City,East,35.63616586483471,139.69419930176784,37.53,23.75
2024-02-20 17:00:00,North City,North,40.714039931731435,-74.05021445014941,36.87,16.94
2024-02-20 18:00:00,West City,West,51.464196502395595,-0.13983312302187673,28.18,22.05
2024-02-20 19:00:00,East City,East,35.65452927299384,139.69978492633524,16.69,2.75
2024-02-20 20:00:00,South City,South,34.09574560242247,-118.1630098642482,10.23,9.73
2024-02-20 21:00:00,South City,South,34.07502511675839,-118.25622801843093,40.92,7.66
2024-02-20 22:00:00,West City,West,51.51753320822317,-0.11578987857180217,17.21,13.76
2024-02-20 23:00:00,South City,South,33.99281173800412,-118.26356616262757,11.07,20.18
2024-02-21 00:00:00,West City,West,51.58830460090847,-0.15298903111297196,25.32,13.17
2024-02-21 01:00:00,West City,West,51.44069196204975,-0.14198637522266389,39.09,15.14
2024-02-21 02:00:00,West City,West,51.510738106267716,-0.16757236179334944,48.85,17.07
2024-02-21 03:00:00,South City,South,34.05389513618412,-118.30322038678374,24.3,9.75
2024-02-21 04:00:00,North City,North,40.737896157923856,-73.97315460605196,0.0,28.2
2024-02-21 05:00:00,North City,North,40.64709146204476,-73.9663325338157,15.43,15.05
2024-02-21 06:00:00,East City,East,35.664736648952946,139.75242104017343,16.67,12.06
2024-02-21 07:00:00,South City,South,34.02210277790324,-118.27536156983575,33.42,17.58
2024-02-21 08:00:00,East City,East,35.707748109032615,139.79248631131156,43.68,13.48
2024-02-21 09:00:00,South City,South,34.15216198481667,-118.18670124427499,36.8,17.03
2024-02-21 10:00:00,North City,North,40.761894947818426,-74.05426009463417,18.33,28.83
2024-02-21 11:00:00,South City,South,34.00038453763131,-118.25387305705402,23.71,16.06
2024-02-21 12:00:00,East City,East,35.59134448952809,139.74973299444005,23.83,17.48
2024-02-21 13:00:00,South City,South,34.07166711971099,-118.20238752886637,39.57,13.92
2024-02-21 14:00:00,West City,West,51.47402424873274,-0.09007296099925485,28.06,15.23
2024-02-21 15:00:00,East City,East,35.66538432145319,139.7466491678721,28.17,17.86
2024-02-21 16:00:00,West City,West,51.51580235845901,-0.24516583206067072,13.48,13.18
2024-02-21 17:00:00,South City,South,33.98350554412057,-118.19533635124692,35.29,17.18
2024-02-21 18:00:00,South City,South,34.03863164022686,-118.18820113639012,36.11,20.03
2024-02-21 19:00:00,East City,East,35.68307268533741,139.65911624389219,34.31,9.07
2024-02-21 20:00:00,South City,South,33.976361515180486,-118.30636704477675,21.63,14.34
2024-02-21 21:00:00,West City,West,51.522178030089336,-0.11334889746972984,37.35,18.43
2024-02-21 22:00:00,East City,East,35.706733475966466,139.71192255993319,24.94,26.24
2024-02-21 23:00:00,North City,North,40.71957817082074,-73.96957406782427,27.73,17.01
2024-02-22 00:00:00,North City,North,40.68544289306018,-73.97270958054813,48.18,15.25
2024-02-22 01:00:00,North City,North,40.67853747262315,-73.94480340907657,34.42,15.08
2024-02-22 02:00:00,North City,North,40.727762599663,-74.03991811230739,40.0,14.79
2024-02-22 03:00:00,North City,North,40.66998257408594,-74.03658168683472,37.53,13.7
2024-02-22 04:00:00,East City,East,35.64601109835975,139.74656040227822,27.64,20.4
2024-02-22 05:00:00,East City,East,35.660619289106755,139.6912818944438,34.61,27.11
2024-02-22 06:00:00,South City,South,34.107543179463015,-118.25067223532042,37.58,8.62
2024-02-22 07:00:00,South City,South,34.153993676759086,-118.22025109609258,26.35,6.3
2024-02-22 08:00:00,West City,West,51.51889508040122,-0.1535528011495064,31.66,36.24
2024-02-22 09:00:00,West City,West,51.545938440321756,-0.12535654083474235,40.55,17.75
2024-02-22 10:00:00,East City,East,35.683783266048344,139.74110675716213,27.21,5.82
2024-02-22 11:00:00,South City,South,34.10658552130789,-118.20911907124393,30.31,22.83
2024-02-22 12:00:00,West City,West,51.43775954459058,-0.15803924451527013,10.13,13.72
2024-02-22 13:00:00,South City,South,34.15098679340363,-118.29788676849701,25.22,10.14
2024-02-22 14:00:00,East City,East,35.699220510414136,139.74289373310648,36.44,13.89
2024-02-22 15:00:00,East City,East,35.6572829866489,139.55474298969312,41.68,12.93
2024-02-22 16:00:00,West City,West,51.41693365035693,-0.1177299953365914,30.85,14.93
2024-02-22 17:00:00,South City,South,34.03520774790778,-118.28792464093304,32.24,21.51
2024-02-22 18:00:00,East City,East,35.62526531494621,139.7358150189773,39.11,14.61
2024-02-22 19:00:00,South City,South,34.042789878061356,-118.24887934267029,31.13,21.21
2024-02-22 20:00:00,South City,South,34.04000509182759,-118.25259228877017,33.53,32.47
2024-02-22 21:00:00,East City,East,35.698689968649674,139.67098051040173,30.77,8.31
2024-02-22 22:00:00,West City,West,51.58248520095219,-0.12994790566689784,32.7,15.32
2024-02-22 23:00:00,East City,East,35.68108075387636,139.67539937520917,24.89,0.13
2024-02-23 00:00:00,South City,South,34.05782315207589,-118.2009399016768,35.32,13.17
2024-02-23 01:00:00,South City,South,34.08281200074534,-118.22379526103234,29.5,9.25
2024-02-23 02:00:00,North City,North,40.83997313298286,-74.05631129239083,36.71,26.25
2024-02-23 03:00:00,South City,South,34.01307007012907,-118.20834838201947,31.51,20.09
2024-02-23 04:00:00,North City,North,40.65216054634408,-73.96980593172604,27.76,14.58
2024-02-23 05:00:00,North City,North,40.7165430653125,-73.94006910368903,26.81,21.8
2024-02-23 06:00:00,East City,East,35.67765158622144,139.69823369695388,20.76,25.04
2024-02-23 07:00:00,South City,South,34.043394378302004,-118.23955062905938,44.48,24.57
2024-02-23 08:00:00,West City,West,51.531722484195626,-0.14125800851554554,33.77,14.21
2024-02-23 09:00:00,East City,East,35.66995384702376,139.7038066577837,27.25,24.11
2024-02-23 10:00:00,South City,South,33.93955914704754,-118.29207277594251,31.04,20.2
2024-02-23 11:00:00,North City,North,40.74749616165956,-73.97017053301202,25.12,7.95
2024-02-23 12:00:00,South City,South,34.03759553948445,-118.25703550049421,4.29,4.17
2024-02-23 13:00:00,South City,South,34.11640205034181,-118.42064288625349,41.8,32.49
2024-02-23 14:00:00,North City,North,40.66996697245333,-74.04284961653282,31.5,18.84
2024-02-23 15:00:00,East City,East,35.639153631952745,139.69409126598924,20.49,15.61
2024-02-23 16:00:00,North City,North,40.78978727787072,-74.0241556930677,29.15,4.86
2024-02-23 17:00:00,West City,West,51.48062214601506,-0.16567153873763948,27.89,27.97
2024-02-23 18:00:00,West City,West,51.52951641554995,-0.12552786338338892,33.93,21.46
2024-02-23 19:00:00,North City,North,40.70755161462182,-73.97536046292083,26.0,12.78
2024-02-23 20:00:00,West City,West,51.45846596342953,-0.145904802515241,36.06,15.64
2024-02-23 21:00:00,South City,South,34.11621076363587,-118.25691607443702,33.74,23.96
2024-02-23 22:00:00,West City,West,51.55239559331944,-0.10078388646312911,30.64,15.85
2024-02-23 23:00:00,South City,South,34.07192899927421,-118.26498778023259,38.57,20.79
2024-02-24 00:00:00,North City,North,40.72227580982386,-73.97431572340135,42.29,16.46
2024-02-24 01:00:00,East City,East,35.60831307089414,139.67320447652713,23.73,18.51
2024-02-24 02:00:00,South City,South,34.11055820087372,-118.28498477134504,26.43,26.68
2024-02-24 03:00:00,North City,North,40.60238596118859,-74.01752931992618,25.52,9.5
2024-02-24 04:00:00,North City,North,40.788247013212015,-74.02558155526035,32.09,14.07
2024-02-24 05:00:00,North City,North,40.65051287748832,-73.97987449648947,42.93,31.65
2024-02-24 06:00:00,South City,South,34.066648487775495,-118.24867335525018,30.76,22.36
2024-02-24 07:00:00,South City,South,34.04993728490178,-118.30535506525075,29.82,11.17
2024-02-24 08:00:00,North City,North,40.787146588596514,-74.06131477179817,15.7,24.31
2024-02-24 09:00:00,West City,West,51.4121532111291,-0.11492334234355077,39.67,13.27
2024-02-24 10:00:00,East City,East,35.67171588841948,139.65399447945208,30.78,20.42
2024-02-24 11:00:00,North City,North,40.80722184698072,-74.01421209925161,32.05,6.64
2024-02-24 12:00:00,South City,South,33.993099197627096,-118.20747896476338,35.9,23.33
2024-02-24 13:00:00,West City,West,51.398175363247404,-0.1141235614429118,15.89,20.55
2024-02-24 14:00:00,South City,South,34.028669892253774,-118.19204921277654,30.29,9.89
2024-02-24 15:00:00,North City,North,40.631522798321896,-74.13132857852683,12.53,18.66
2024-02-24 16:00:00,East City,East,35.70069595498768,139.6651481524691,33.02,28.35
2024-02-24 17:00:00,North City,North,40.80843634251533,-74.1146884452207,33.79,22.87
2024-02-24 18:00:00,North City,North,40.71915944693786,-74.01218436567005,36.23,12.25
2024-02-24 19:00:00,East City,East,35.7004481957928,139.64960891840659,41.03,28.09
2024-02-24 20:00:00,North City,North,40.64699828700366,-74.0422638304055,22.78,14.44
2024-02-24 21:00:00,East City,East,35.781210101792816,139.72161990038103,28.58,12.1
2024-02-24 22:00:00,East City,East,35.688365556260514,139.6881348066167,35.65,15.82
2024-02-24 23:00:00,East City,East,35.69752947165859,139.75980662018426,28.91,18.24
2024-02-25 00:00:00,West City,West,51.451411197543536,-0.07433980354795378,37.78,22.16
2024-02-25 01:00:00,North City,North,40.6268931254812,-74.06614015973227,36.73,30.39
2024-02-25 02:00:00,West City,West,51.48059907106098,-0.13825399590381038,18.22,43.2
2024-02-25 03:00:00,East City,East,35.72554984764528,139.6644406877637,15.06,3.13
2024-02-25 04:00:00,North City,North,40.66629087652712,-74.03646973782979,37.94,20.87
2024-02-25 05:00:00,West City,West,51.462059613698656,-0.04918468719071113,21.1,22.39
2024-02-25 06:00:00,North City,North,40.79892071469948,-73.99601810196457,31.78,9.93
2024-02-25 07:00:00,South City,South,34.035459850627774,-118.3333960556596,42.43,26.6
2024-02-25 08:00:00,North City,North,40.71644736893029,-73.94485121649359,42.84,16.07
2024-02-25 09:00:00,East City,East,35.70624472208762,139.6469002073415,22.5,11.51
2024-02-25 10:00:00,West City,West,51.53087274844028,-0.0969627273992194,45.95,15.83
2024-02-25 11:00:00,West City,West,51.38721656994497,-0.05817720292584662,21.83,20.25
2024-02-25 12:00:00,East City,East,35.675722651080214,139.6649712618988,29.68,32.27
2024-02-25 13:00:00,East City,East,35.6823566707329,139.60724437730144,16.09,14.62
2024-02-25 14:00:00,South City,South,34.05868035194856,-118.198400515532,25.43,18.77
2024-02-25 15:00:00,South City,South,33.973642382444105,-118.18962429568502,34.51,25.05
2024-02-25 16:00:00,North City,North,40.71555135422607,-74.02199298670728,17.42,10.47
2024-02-25 17:00:00,North City,North,40.613309224060046,-74.03974392482151,50.92,17.75
2024-02-25 18:00:00,South City,South,34.003608140529764,-118.2016916507455,26.07,19.48
2024-02-25 19:00:00,South City,South,34.11508095281797,-118.2233971938786,35.06,17.39
2024-02-25 20:00:00,West City,West,51.48067022506738,-0.16640792350907424,34.29,23.57
2024-02-25 21:00:00,West City,West,51.53269309549203,-0.02825526835278963,26.01,21.4
2024-02-25 22:00:00,South City,South,33.995776952750795,-118.20214487794271,23.57,22.79
2024-02-25 23:00:00,West City,West,51.56644949526528,-0.10763627184814141,36.72,19.17
2024-02-26 00:00:00,West City,West,51.47398483816428,-0.07370652421560715,46.18,20.25
2024-02-26 01:00:00,South City,South,34.01022592043636,-118.17759164268895,58.92,19.95
2024-02-26 02:00:00,East City,East,35.67742270003453,139.74933661956263,20.42,24.63
2024-02-26 03:00:00,West City,West,51.532044198592594,-0.08611983975813257,30.01,7.19
2024-02-26 04:00:00,East City,East,35.66307312871912,139.73380877825744,34.93,14.79
2024-02-26 05:00:00,North City,North,40.74795325733706,-74.03238425972084,31.34,13.46
2024-02-26 06:00:00,East City,East,35.747880697401044,139.69179537061385,31.7,11.55
2024-02-26 07:00:00,North City,North,40.71454439735447,-74.07477554447844,21.87,32.74
2024-02-26 08:00:00,South City,South,34.05614259020086,-118.25790433264747,42.57,20.02
2024-02-26 09:00:00,East City,East,35.68406561417067,139.67278617277114,30.03,30.66
2024-02-26 10:00:00,West City,West,51.47126573166993,-0.21081952334473206,44.74,24.1
2024-02-26 11:00:00,West City,West,51.51939288729246,-0.10348450033248892,46.53,22.36
2024-02-26 12:00:00,West City,West,51.566918524003555,-0.07686716350433495,44.16,12.2
2024-02-26 13:00:00,West City,West,51.515674469656126,-0.04049231102244713,21.69,30.33
2024-02-26 14:00:00,North City,North,40.689042606638026,-73.94732445708203,36.61,17.42
2024-02-26 15:00:00,South City,South,34.09537641212607,-118.23512653412048,20.02,21.63
2024-02-26 16:00:00,South City,South,34.07321336052398,-118.22871740383016,32.34,19.61
2024-02-26 17:00:00,North City,North,40.64103220420045,-74.03496769164188,23.36,10.81
2024-02-26 18:00:00,West City,West,51.5360546963622,-0.17824275162616646,25.27,19.02
2024-02-26 19:00:00,West City,West,51.61632810869958,-0.11808332683308834,34.79,11.97
2024-02-26 20:00:00,West City,West,51.51685878692827,-0.17545195791071447,27.15,10.46
2024-02-26 21:00:00,North City,North,40.70726042621561,-74.02057447106267,13.64,24.78
2024-02-26 22:00:00,North City,North,40.706097022309244,-74.02708772358046,31.62,10.6
2024-02-26 23:00:00,North City,North,40.64145867116093,-74.00253314191423,35.02,11.76
2024-02-27 00:00:00,North City,North,40.77812697921513,-73.99148954407893,40.54,22.9
2024-02-27 01:00:00,North City,North,40.69885581812634,-73.90334299081294,38.28,24.78
2024-02-27 02:00:00,East City,East,35.66509477647234,139.73320671996893,34.64,23.02
2024-02-27 03:00:00,South City,South,34.12105904682523,-118.1926981746549,16.55,11.97
2024-02-27 04:00:00,West City,West,51.481185696528634,-0.1757907002822522,44.59,14.73
2024-02-27 05:00:00,West City,West,51.58431652195262,-0.10377406609458878,47.66,37.5
2024-02-27 06:00:00,North City,North,40.786025677513344,-73.90098183600074,19.78,11.61
2024-02-27 07:00:00,East City,East,35.647715549749,139.74656100958032,31.8,16.09
2024-02-27 08:00:00,South City,South,34.019981546972524,-118.22227806520651,35.34,29.77
2024-02-27 09:00:00,East City,East,35.64777856332412,139.77854714715096,36.63,18.99
2024-02-27 10:00:00,South City,South,34.02422468672274,-118.22892497584432,27.14,21.39
2024-02-27 11:00:00,South City,South,34.1296319647512,-118.22768917110257,16.63,27.36
2024-02-27 12:00:00,East City,East,35.71971962851834,139.6102936619091,23.19,4.85
2024-02-27 13:00:00,East City,East,35.69118615514607,139.70684416383597,28.64,23.41
2024-02-27 14:00:00,East City,East,35.683991603708414,139.66043751199425,37.46,18.82
2024-02-27 15:00:00,North City,North,40.65563305044581,-74.00162631231596,30.72,23.17
2024-02-27 16:00:00,West City,West,51.51620396444657,-0.0761612123720788,14.32,10.04
2024-02-27 17:00:00,South City,South,34.06120527337327,-118.28026623034744,36.25,10.29
2024-02-27 18:00:00,North City,North,40.68300296513412,-74.00962926052011,32.76,15.69
2024-02-27 19:00:00,North City,North,40.736829337921385,-74.04964944834447,40.41,9.14
2024-02-27 20:00:00,North City,North,40.80674233546657,-73.96999596739255,30.5,24.98
2024-02-27 21:00:00,North City,North,40.70264096316896,-74.04461589213614,34.62,9.37
2024-02-27 22:00:00,West City,West,51.529165740481254,-0.07774945399840812,44.73,19.0
2024-02-27 23:00:00,East City,East,35.649390029598244,139.6343420244494,48.69,18.24
2024-02-28 00:00:00,South City,South,34.119323029764544,-118.20858961940911,37.52,12.3
2024-02-28 01:00:00,North City,North,40.60584429377846,-74.01329687180566,1.68,26.12
2024-02-28 02:00:00,South City,South,33.978631307595926,-118.27732087553527,50.28,18.02
2024-02-28 03:00:00,North City,North,40.674148514519864,-74.04953638858218,48.92,11.81
2024-02-28 04:00:00,West City,West,51.44655558298317,-0.0706761177628614,27.86,27.76
2024-02-28 05:00:00,North City,North,40.69082098622189,-73.97393604902948,33.16,14.04
2024-02-28 06:00:00,East City,East,35.67003745382166,139.8107722693838,25.21,7.68
2024-02-28 07:00:00,North City,North,40.71997132834288,-73.9624237806956,30.92,7.05
2024-02-28 08:00:00,West City,West,51.53032382323626,-0.04081703133649474,30.55,22.28
2024-02-28 09:00:00,East City,East,35.62234373661777,139.6719199813377,37.11,4.54
2024-02-28 10:00:00,South City,South,34.04691059489676,-118.18177210019222,50.78,20.54
2024-02-28 11:00:00,North City,North,40.709745124599706,-74.043439989801,12.71,31.67
2024-02-28 12:00:00,East City,East,35.62560758414685,139.7289639165038,25.44,22.02
2024-02-28 13:00:00,West City,West,51.417600425929514,-0.20696527948135582,29.6,4.76
2024-02-28 14:00:00,North City,North,40.63161576273026,-74.04100950915367,37.97,20.36
2024-02-28 15:00:00,South City,South,34.16679556334093,-118.15032689979193,24.48,10.32
2024-02-28 16:00:00,South City,South,33.984158710934864,-118.33389839497073,15.31,15.6
2024-02-28 17:00:00,South City,South,34.02700803730561,-118.21566737402107,51.6,4.97
2024-02-28 18:00:00,East City,East,35.751729012769815,139.7053133692203,29.72,22.76
2024-02-28 19:00:00,East City,East,35.74946497864608,139.69008615529486,27.34,27.59
2024-02-28 20:00:00,North City,North,40.62609396552438,-74.08566269958948,29.52,19.61
2024-02-28 21:00:00,North City,North,40.68997513507659,-73.94177814736113,22.75,11.87
2024-02-28 22:00:00,East City,East,35.665659058778495,139.77345075604154,35.8,25.33
2024-02-28 23:00:00,East City,East,35.678673840123196,139.6447379229659,22.44,20.52
2024-02-29 00:00:00,North City,North,40.71029353170385,-74.01229967500501,34.37,17.59
2024-02-29 01:00:00,North City,North,40.731370201721155,-73.98123100923358,36.59,14.88
2024-02-29 02:00:00,North City,North,40.709668144771534,-74.03239561963431,32.65,14.71
2024-02-29 03:00:00,East City,East,35.67018387622765,139.5814352813622,56.38,20.11
2024-02-29 04:00:00,East City,East,35.666751484351984,139.67308134707972,49.58,23.87
2024-02-29 05:00:00,West City,West,51.52069662931591,-0.12075411758826218,33.44,11.08
2024-02-29 06:00:00,North City,North,40.72432477025449,-74.03110199384061,19.76,14.63
2024-02-29 07:00:00,South City,South,34.10055890612195,-118.21900113088972,30.73,24.78
2024-02-29 08:00:00,South City,South,33.97480437786321,-118.21567297873482,37.97,12.58
2024-02-29 09:00:00,East City,East,35.685611364986784,139.6688947575125,53.92,12.63
2024-02-29 10:00:00,South City,South,33.998989492308,-118.3319855093475,28.06,17.13
2024-02-29 11:00:00,North City,North,40.68308945638092,-74.03680717290244,39.2,25.13
2024-02-29 12:00:00,East City,East,35.5882828250897,139.68186603008564,11.42,14.39
2024-02-29 13:00:00,North City,North,40.73537347932819,-73.95661324494874,44.3,16.4
2024-02-29 14:00:00,South City,South,34.078920050064696,-118.2402316083485,32.01,23.37
2024-02-29 15:00:00,East City,East,35.73744081532339,139.74808431472582,27.78,7.91
2024-02-29 16:00:00,North City,North,40.69234367957584,-73.99797425658339,23.51,17.01
2024-02-29 17:00:00,South City,South,34.08673152848784,-118.29806201693724,50.74,12.5
2024-02-29 18:00:00,East City,East,35.73638826771816,139.64374880165795,39.45,13.65
2024-02-29 19:00:00,South City,South,34.03280621090688,-118.17839638980642,42.33,17.95
2024-02-29 20:00:00,West City,West,51.42949007851249,-0.056853549791063246,21.93,22.84
2024-02-29 21:00:00,North City,North,40.6988037728839,-74.0305514849039,31.78,16.35
2024-02-29 22:00:00,East City,East,35.68636664542723,139.65915623136522,31.46,27.5
2024-02-29 23:00:00,South City,South,34.045017023505146,-118.25195402825015,20.74,17.2
2024-03-01 00:00:00,West City,West,51.47544671952742,-0.06603080529390518,32.51,22.74
2024-03-01 01:00:00,West City,West,51.61192649509858,-0.08668839089803293,28.85,6.91
2024-03-01 02:00:00,West City,West,51.481809876699735,-0.09960412984475916,10.08,9.02
2024-03-01 03:00:00,East City,East,35.734417978417355,139.7479388359993,10.18,7.51
2024-03-01 04:00:00,East City,East,35.70185164351117,139.7782671594548,34.4,5.85
2024-03-01 05:00:00,South City,South,34.03381488368911,-118.26670754808383,10.21,16.96
2024-03-01 06:00:00,West City,West,51.38408916055852,-0.08318564951374391,28.73,24.69
2024-03-01 07:00:00,South City,South,34.070083068331556,-118.24047470135687,28.28,25.69
2024-03-01 08:00:00,East City,East,35.76448616031281,139.66427893572714,35.9,16.2
2024-03-01 09:00:00,East City,East,35.626155164353676,139.7136333981279,42.57,20.36
2024-03-01 10:00:00,South City,South,34.0141562061914,-118.22493263182301,35.02,9.61
2024-03-01 11:00:00,South City,South,34.00705955365186,-118.20323676508791,14.1,13.35
2024-03-01 12:00:00,West City,West,51.46993063000275,-0.14326562067510037,43.21,20.99
2024-03-01 13:00:00,East City,East,35.70748245789411,139.69584602796547,37.38,13.06
2024-03-01 14:00:00,North City,North,40.7597798685936,-74.08289769635363,25.95,20.25
2024-03-01 15:00:00,North City,North,40.731028073867776,-74.0400086738174,11.96,20.32
2024-03-01 16:00:00,East City,East,35.65761493528037,139.70895741868642,30.58,14.34
2024-03-01 17:00:00,East City,East,35.700888350070244,139.60925120810543,27.67,21.84
2024-03-01 18:00:00,North City,North,40.728604638478416,-74.03617855595706,30.87,17.53
2024-03-01 19:00:00,East City,East,35.757140026744835,139.66837129643986,21.86,28.51
2024-03-01 20:00:00,North City,North,40.72494960142177,-73.9998389879504,15.96,-4.77
2024-03-01 21:00:00,South City,South,34.02075510229788,-118.15223351682364,25.09,16.95
2024-03-01 22:00:00,East City,East,35.65823944854755,139.6554533399299,45.33,26.49
2024-03-01 23:00:00,East City,East,35.728707320817676,139.64679863868378,16.17,24.31
2024-03-02 00:00:00,North City,North,40.71342524955127,-73.99295972396679,23.29,9.87
2024-03-02 01:00:00,North City,North,40.757933014469124,-74.02233986714496,30.34,23.15
2024-03-02 02:00:00,North City,North,40.67903814955577,-74.06690543039753,22.93,20.54
2024-03-02 03:00:00,West City,West,51.47248690756243,-0.12159121576276932,18.18,24.97
2024-03-02 04:00:00,South City,South,34.03442943046129,-118.16933594873885,27.79,11.58
2024-03-02 05:00:00,North City,North,40.69646607170455,-74.02315312716928,28.47,15.58
2024-03-02 06:00:00,West City,West,51.523289777536164,-0.16097648356546157,22.11,27.61
2024-03-02 07:00:00,East City,East,35.677298582391444,139.70643596264512,40.37,11.63
2024-03-02 08:00:00,East City,East,35.70424928839446,139.63177541312396,22.29,9.44
2024-03-02 09:00:00,East City,East,35.61783380358097,139.69776636413727,32.38,11.03
2024-03-02 10:00:00,North City,North,40.705662037259124,-74.05450906148982,9.89,20.14
2024-03-02 11:00:00,North City,North,40.66149595779022,-73.98692871912328,39.58,22.64
2024-03-02 12:00:00,North City,North,40.695531337723935,-73.92086776653139,41.85,9.11
2024-03-02 13:00:00,East City,East,35.72941740256746,139.70047860308577,18.95,22.62
2024-03-02 14:00:00,West City,West,51.4623690203386,-0.09489039130077917,36.02,22.05
2024-03-02 15:00:00,West City,West,51.57082916178237,-0.10322936218222364,40.65,16.19
2024-03-02 16:00:00,West City,West,51.55211970901506,-0.21113445673872747,0.0,15.66
2024-03-02 17:00:00,West City,West,51.4554721846982,-0.06317853128314586,43.05,6.94
2024-03-02 18:00:00,South City,South,34.06792002103636,-118.20306948480534,18.84,17.89
2024-03-02 19:00:00,South City,South,34.03479213015913,-118.24744632780593,2.97,20.38
2024-03-02 20:00:00,North City,North,40.695553133713425,-73.99225332169911,38.42,22.23
2024-03-02 21:00:00,North City,North,40.690344626558534,-73.9958887062704,35.01,18.08
2024-03-02 22:00:00,North City,North,40.66400253345702,-73.97289175961113,42.54,18.54
2024-03-02 23:00:00,North City,North,40.66525233084528,-73.97120339495295,23.14,23.74
2024-03-03 00:00:00,West City,West,51.532384291806906,-0.06480719045484376,44.57,21.33
2024-03-03 01:00:00,East City,East,35.726470474430826,139.67141558100968,14.46,28.97
2024-03-03 02:00:00,East City,East,35.64292369756052,139.72580688331695,35.57,3.77
2024-03-03 03:00:00,North City,North,40.74706450423555,-73.93589953370405,28.92,25.78
2024-03-03 04:00:00,South City,South,33.97431006517645,-118.28043828473704,31.84,10.75
2024-03-03 05:00:00,West City,West,51.536518847297636,-0.10198675418600008,0.11,10.37
2024-03-03 06:00:00,West City,West,51.505445844353204,-0.06438110230527774,35.2,17.5
2024-03-03 07:00:00,North City,North,40.72548686483874,-74.09565381989562,23.92,10.94
2024-03-03 08:00:00,South City,South,34.10118836084707,-118.1774585789005,25.9,25.12
2024-03-03 09:00:00,North City,North,40.611087557024454,-74.06811246157346,35.17,26.87
2024-03-03 10:00:00,East City,East,35.63766343512352,139.64368508617423,10.73,34.5
2024-03-03 11:00:00,West City,West,51.442925970639514,-0.1248775259647175,12.35,30.19
2024-03-03 12:00:00,East City,East,35.63680892098865,139.7430209727436,48.89,22.83
2024-03-03 13:00:00,West City,West,51.553301573434,-0.09344664651819401,32.04,12.47
2024-03-03 14:00:00,East City,East,35.731687723585374,139.6608647768778,11.37,25.12
2024-03-03 15:00:00,North City,North,40.767276829153836,-73.8877296114,37.67,17.99
2024-03-03 16:00:00,East City,East,35.65433122972529,139.6855290571476,32.67,19.77
2024-03-03 17:00:00,West City,West,51.45288824599071,-0.13491242143198928,20.86,3.09
2024-03-03 18:00:00,West City,West,51.53303033014306,-0.16261548221948327,26.66,22.99
2024-03-03 19:00:00,West City,West,51.48773088511276,-0.16592089753014572,14.32,21.2
2024-03-03 20:00:00,East City,East,35.62447832098142,139.67480729663745,29.79,5.79
2024-03-03 21:00:00,West City,West,51.42841862737224,-0.1573650723348269,30.34,17.18
2024-03-03 22:00:00,North City,North,40.74092979742142,-74.08296859930807,30.63,13.43
2024-03-03 23:00:00,North City,North,40.725662671055574,-74.02322386043762,41.06,19.4
2024-03-04 00:00:00,East City,East,35.70831299280286,139.7020821749925,32.73,23.56
2024-03-04 01:00:00,West City,West,51.530722290041986,-0.13382540983829483,33.77,11.38
2024-03-04 02:00:00,West City,West,51.51750107849189,-0.047793815675989074,38.52,25.8
2024-03-04 03:00:00,South City,South,34.0162005233389,-118.28990314036706,38.64,-0.95
2024-03-04 04:00:00,West City,West,51.58263606466942,-0.12177668238292504,39.42,26.24
2024-03-04 05:00:00,East City,East,35.69738676038059,139.7071503466387,31.44,17.41
2024-03-04 06:00:00,West City,West,51.48714535421315,-0.09276531735950255,33.85,14.29
2024-03-04 07:00:00,South City,South,34.02640473434338,-118.28996961288215,30.16,19.0
2024-03-04 08:00:00,West City,West,51.51810972019421,-0.1001054617328149,51.3,25.42
2024-03-04 09:00:00,East City,East,35.64591989009214,139.66231170475143,37.75,19.25
2024-03-04 10:00:00,South City,South,34.02718605544975,-118.37327706286877,41.34,16.94
2024-03-04 11:00:00,East City,East,35.57851110262741,139.62171592476335,41.91,16.97
2024-03-04 12:00:00,North City,North,40.808847733354014,-74.01203481242035,22.5,20.16
2024-03-04 13:00:00,East City,East,35.72601419096535,139.70375001266987,36.85,25.49
2024-03-04 14:00:00,North City,North,40.65595102731248,-73.99342037656157,15.57,6.1
2024-03-04 15:00:00,West City,West,51.594629193503756,-0.0848083219266271,40.48,17.43
2024-03-04 16:00:00,South City,South,34.103836522368155,-118.27062067722495,32.78,25.37
2024-03-04 17:00:00,East City,East,35.70221578132769,139.65661247789345,16.18,7.08
2024-03-04 18:00:00,North City,North,40.662853649434936,-74.0495314515547,10.27,24.07
2024-03-04 19:00:00,North City,North,40.85957031031943,-74.05739618825054,38.12,20.32
2024-03-04 20:00:00,South City,South,33.98869256286979,-118.25463531790044,10.14,17.09
2024-03-04 21:00:00,East City,East,35.69972580014056,139.66693519645594,36.6,15.04
2024-03-04 22:00:00,South City,South,34.02575804576895,-118.2657137949778,17.22,24.92
2024-03-04 23:00:00,East City,East,35.592421609968994,139.57245472455247,27.35,20.56
2024-03-05 00:00:00,East City,East,35.59408987108345,139.71070979467558,36.7,22.35
2024-03-05 01:00:00,West City,West,51.51940572488609,-0.1074546637071684,29.98,17.92
2024-03-05 02:00:00,East City,East,35.68946968245639,139.68650615515142,17.58,6.09
2024-03-05 03:00:00,South City,South,33.94132044603206,-118.3021088913925,29.68,18.23
2024-03-05 04:00:00,East City,East,35.67002502788682,139.64013039028566,29.76,12.18
2024-03-05 05:00:00,East City,East,35.690031813417434,139.62489985537826,27.5,15.42
2024-03-05 06:00:00,East City,East,35.660745610660356,139.74747558457145,40.57,21.02
2024-03-05 07:00:00,South City,South,33.99725418726359,-118.20932866224368,39.76,10.07
2024-03-05 08:00:00,North City,North,40.72482181576018,-73.93909422941141,33.99,18.25
2024-03-05 09:00:00,East City,East,35.747908420072704,139.71031373050192,52.49,11.65
2024-03-05 10:00:00,North City,North,40.70276296721454,-73.85691032531224,42.79,2.28
2024-03-05 11:00:00,West City,West,51.461883782903584,-0.09304173758349296,21.36,17.11
2024-03-05 12:00:00,East City,East,35.64132109830573,139.55599316107447,19.92,17.99
2024-03-05 13:00:00,West City,West,51.498675774669145,-0.07772347878127997,25.31,15.17
2024-03-05 14:00:00,South City,South,34.20024348452315,-118.2035796507009,29.07,18.21
2024-03-05 15:00:00,East City,East,35.711615843408225,139.65416351964973,28.27,14.95
2024-03-05 16:00:00,West City,West,51.49454866603734,-0.0812361999998539,38.27,16.55
2024-03-05 17:00:00,South City,South,34.04815375233591,-118.249732647137,12.78,23.59
2024-03-05 18:00:00,South City,South,34.022325449214826,-118.2521663300917,25.58,18.15
2024-03-05 19:00:00,West City,West,51.451379104053174,-0.16554330982859605,55.3,11.04
2024-03-05 20:00:00,South City,South,34.072247001740344,-118.20182890533144,33.8,19.63
2024-03-05 21:00:00,East City,East,35.73821311315432,139.62922220486303,38.5,22.35
2024-03-05 22:00:00,North City,North,40.73489005638731,-74.01931466846985,36.69,21.28
2024-03-05 23:00:00,West City,West,51.481072243343164,-0.1939173717341648,40.95,12.36
2024-03-06 00:00:00,West City,West,51.45176891575835,-0.095595228887902,34.09,25.7
2024-03-06 01:00:00,South City,South,34.00913184735252,-118.2014304308361,21.67,14.12
2024-03-06 02:00:00,West City,West,51.497688954276754,-0.17764288143163443,2.2,10.77
2024-03-06 03:00:00,East City,East,35.65783636476449,139.68686199484065,15.24,30.64
2024-03-06 04:00:00,East City,East,35.6835601368434,139.77202003763256,30.88,15.53
2024-03-06 05:00:00,North City,North,40.681595762748124,-74.04410207636938,32.31,12.13
2024-03-06 06:00:00,South City,South,34.02636331292745,-118.30812620681323,25.58,25.41
2024-03-06 07:00:00,East City,East,35.736840378325596,139.69445014680167,29.59,7.68
2024-03-06 08:00:00,South City,South,34.09672087619976,-118.2395421673643,22.96,19.04
2024-03-06 09:00:00,East City,East,35.71912668597936,139.6858380205282,33.92,6.44
2024-03-06 10:00:00,North City,North,40.75900983872213,-74.043675842087,22.33,15.78
2024-03-06 11:00:00,East City,East,35.63507943821636,139.81972514796777,40.69,9.0
2024-03-06 12:00:00,North City,North,40.69670275284141,-74.04525049798514,28.85,17.02
2024-03-06 13:00:00,West City,West,51.45571320997188,-0.1415322424280919,25.04,30.0
2024-03-06 14:00:00,East City,East,35.687288788530886,139.77148468667482,17.72,17.59
2024-03-06 15:00:00,South City,South,34.09614819865353,-118.21966957033264,32.47,17.93
2024-03-06 16:00:00,South City,South,34.074691495887755,-118.29022594159892,31.18,7.44
2024-03-06 17:00:00,East City,East,35.75410268161136,139.62746802023062,41.06,15.81
2024-03-06 18:00:00,West City,West,51.48653309800603,-0.2238465917947357,31.64,16.17
2024-03-06 19:00:00,East City,East,35.62287758260528,139.7502583816353,26.32,22.92
2024-03-06 20:00:00,South City,South,34.061177177893136,-118.2690255223392,32.81,26.06
2024-03-06 21:00:00,South City,South,34.05239806404623,-118.27327219097698,36.91,18.13
2024-03-06 22:00:00,North City,North,40.64560155091149,-74.05536553377443,36.08,22.48
2024-03-06 23:00:00,West City,West,51.51715384627113,-0.10092606476967857,34.99,15.6
2024-03-07 00:00:00,North City,North,40.69041111685767,-73.83529064870099,24.87,19.25
2024-03-07 01:00:00,North City,North,40.69825926936462,-74.02511709704878,28.13,31.68
2024-03-07 02:00:00,East City,East,35.61106624057857,139.67795721613936,21.39,19.65
2024-03-07 03:00:00,South City,South,34.13021277647655,-118.34128014564415,33.21,25.02
2024-03-07 04:00:00,North City,North,40.66590658443542,-73.96920613191936,40.09,27.86
2024-03-07 05:00:00,South City,South,34.07273369866374,-118.31261872361604,18.74,7.59
2024-03-07 06:00:00,South City,South,33.95557511374781,-118.31199898534751,9.18,22.71
2024-03-07 07:00:00,West City,West,51.50714466839864,-0.10786181177875928,37.69,14.31
2024-03-07 08:00:00,East City,East,35.58882053817462,139.70736857158593,30.73,35.83
2024-03-07 09:00:00,South City,South,34.08184061174171,-118.17275409640438,30.52,18.54
2024-03-07 10:00:00,East City,East,35.62281696386609,139.67594885258575,33.85,23.35
2024-03-07 11:00:00,West City,West,51.505645176660764,-0.1704966454230028,26.91,20.83
2024-03-07 12:00:00,North City,North,40.68647573954964,-73.9901194019283,30.72,20.31
2024-03-07 13:00:00,North City,North,40.69619576266629,-73.99009659185694,31.07,14.98
2024-03-07 14:00:00,North City,North,40.70342734320253,-74.05240093290095,25.93,24.92
2024-03-07 15:00:00,East City,East,35.769767798118096,139.7528968172119,35.01,11.12
2024-03-07 16:00:00,West City,West,51.57312553497658,-0.16211388122169967,31.77,15.1
2024-03-07 17:00:00,West City,West,51.497427814205594,-0.10602060416540804,40.04,15.88
2024-03-07 18:00:00,East City,East,35.69111565189878,139.70553522119263,35.73,14.49
2024-03-07 19:00:00,North City,North,40.71340848411415,-74.01064372506966,37.98,14.11
2024-03-07 20:00:00,North City,North,40.76982469911541,-74.03784214550949,15.68,20.17
2024-03-07 21:00:00,East City,East,35.69099971193466,139.6788085311682,2.15,25.69
2024-03-07 22:00:00,North City,North,40.697459118606965,-74.07055233412575,31.45,27.78
2024-03-07 23:00:00,East City,East,35.67028063117036,139.68141165031614,32.36,11.43
2024-03-08 00:00:00,West City,West,51.57562895918227,-0.07485518671219644,35.18,11.8
2024-03-08 01:00:00,West City,West,51.571935275765604,-0.05798262480440779,41.76,12.6
2024-03-08 02:00:00,East City,East,35.73182035639183,139.71715703811353,14.39,27.67
2024-03-08 03:00:00,West City,West,51.46843123373699,-0.16039442912656904,33.43,26.7
2024-03-08 04:00:00,North City,North,40.68593974493238,-73.94404944327924,50.53,24.76
2024-03-08 05:00:00,West City,West,51.607264025114226,-0.17691366267390768,47.69,19.4
2024-03-08 06:00:00,North City,North,40.81471644923154,-74.0326650499833,6.11,23.5
2024-03-08 07:00:00,North City,North,40.717932276426986,-74.0208898078112,27.8,17.11
2024-03-08 08:00:00,East City,East,35.64246527360389,139.69565418523644,27.38,19.4
2024-03-08 09:00:00,East City,East,35.596004865854184,139.64583986599342,40.97,3.91
2024-03-08 10:00:00,South City,South,34.05309651762921,-118.26454386085291,33.68,7.07
2024-03-08 11:00:00,South City,South,34.03041051351882,-118.28577247570645,21.6,22.81
2024-03-08 12:00:00,South City,South,34.04565800624965,-118.13835449907744,11.87,6.5
2024-03-08 13:00:00,North City,North,40.77961909017266,-74.00249557623957,35.8,18.64
2024-03-08 14:00:00,East City,East,35.63879130280864,139.74408801821207,35.21,16.83
2024-03-08 15:00:00,East City,East,35.52844918220072,139.71147994173813,24.72,27.47
2024-03-08 16:00:00,South City,South,34.100625816499246,-118.26202721489635,33.08,16.88
2024-03-08 17:00:00,North City,North,40.598102920757675,-73.9908686184235,25.31,28.72
2024-03-08 18:00:00,East City,East,35.74068184342445,139.73447699746265,31.92,30.62
2024-03-08 19:00:00,North City,North,40.6700753268631,-74.02615329340183,41.68,12.57
2024-03-08 20:00:00,North City,North,40.70694044742977,-74.02818872392189,33.47,20.84
2024-03-08 21:00:00,West City,West,51.513602090388595,-0.032955542191746456,29.78,12.53
2024-03-08 22:00:00,North City,North,40.71704645811214,-73.93813987250361,38.64,17.28
2024-03-08 23:00:00,South City,South,34.111553883937084,-118.29193948688149,43.75,20.52
2024-03-09 00:00:00,South City,South,34.036925047395975,-118.17557976315307,35.76,16.6
2024-03-09 01:00:00,North City,North,40.838174761892944,-73.919015129644,32.02,18.69
2024-03-09 02:00:00,East City,East,35.58767288137391,139.75674040149485,31.19,14.92
2024-03-09 03:00:00,East City,East,35.726872248571354,139.70659380955118,29.18,24.94
2024-03-09 04:00:00,North City,North,40.79835703227745,-73.96757844650048,33.16,21.97
2024-03-09 05:00:00,East City,East,35.73333437379376,139.65502284184512,31.42,29.71
2024-03-09 06:00:00,North City,North,40.684512316851325,-73.94678734740431,28.79,28.07
2024-03-09 07:00:00,West City,West,51.508100248368564,-0.09961060624965426,17.09,15.15
2024-03-09 08:00:00,West City,West,51.47074101208213,-0.12711520202167303,18.83,30.97
2024-03-09 09:00:00,South City,South,33.99615764232172,-118.24413674879489,50.27,32.42
2024-03-09 10:00:00,North City,North,40.65584251342386,-73.97529007242878,16.1,25.23
2024-03-09 11:00:00,North City,North,40.725055714218634,-73.96966029767991,19.61,29.81
2024-03-09 12:00:00,East City,East,35.599660494388466,139.69031004480703,18.77,13.34
2024-03-09 13:00:00,East City,East,35.639654651983484,139.6450568444103,24.59,12.58
2024-03-09 14:00:00,North City,North,40.82533875521545,-73.94861742912552,43.71,29.54
2024-03-09 15:00:00,West City,West,51.41153255569948,-0.2013563202686759,28.82,18.11
2024-03-09 16:00:00,South City,South,34.0636488069596,-118.2446432447902,35.39,11.0
2024-03-09 17:00:00,North City,North,40.72503751633424,-74.02684426400262,34.37,20.81
2024-03-09 18:00:00,West City,West,51.55679549988658,-0.13917706612487438,30.19,9.54
2024-03-09 19:00:00,West City,West,51.6065816826218,-0.1272059782741104,24.16,35.17
2024-03-09 20:00:00,East City,East,35.759495578011574,139.70466631926456,16.57,13.47
2024-03-09 21:00:00,West City,West,51.52907328250278,-0.22807880864598704,26.75,17.53
2024-03-09 22:00:00,East City,East,35.71627243975426,139.80180852332836,37.71,13.29
2024-03-09 23:00:00,West City,West,51.552648102074706,-0.1390903374538021,12.82,19.65
2024-03-10 00:00:00,West City,West,51.5191338201847,-0.14609661053884362,24.61,15.58
2024-03-10 01:00:00,East City,East,35.68544880816306,139.69058155690607,46.87,15.69
2024-03-10 02:00:00,East City,East,35.67753208449687,139.6895905541915,21.67,15.48
2024-03-10 03:00:00,South City,South,34.09537186400949,-118.24447815444351,40.75,25.33
2024-03-10 04:00:00,West City,West,51.57049282682604,-0.12127737925141288,23.98,12.34
2024-03-10 05:00:00,West City,West,51.55883051556516,-0.16499296945614578,16.75,22.93
2024-03-10 06:00:00,East City,East,35.73093196897125,139.65438634891845,22.93,26.9
2024-03-10 07:00:00,East City,East,35.63699067313192,139.64308508776327,40.22,28.05
2024-03-10 08:00:00,West City,West,51.56372450879645,-0.08911813333721291,19.35,13.16
2024-03-10 09:00:00,West City,West,51.44481982037676,-0.17668891054794256,44.66,12.44
2024-03-10 10:00:00,West City,West,51.52918563202248,-0.10535899544645941,30.33,24.85
2024-03-10 11:00:00,West City,West,51.5663126423774,-0.10739320436108218,34.75,22.95
2024-03-10 12:00:00,South City,South,34.05047460779076,-118.21896112776932,42.23,21.67
2024-03-10 13:00:00,North City,North,40.699229746991776,-74.02919739847422,36.19,18.63
2024-03-10 14:00:00,East City,East,35.68756381834869,139.77119384451214,21.85,9.36
2024-03-10 15:00:00,South City,South,34.01109171966553,-118.30808026418266,25.49,10.87
2024-03-10 16:00:00,East City,East,35.68091498491355,139.81732970753916,38.94,18.85
2024-03-10 17:00:00,East City,East,35.645680312826265,139.7257171288993,44.5,9.11
2024-03-10 18:00:00,South City,South,34.01272405804448,-118.24719051950889,32.96,18.0
2024-03-10 19:00:00,West City,West,51.56037827863117,-0.15556402484526646,22.4,22.65
2024-03-10 20:00:00,East City,East,35.6332259980952,139.69637849235127,37.74,16.36
2024-03-10 21:00:00,North City,North,40.81187621335413,-74.02822387665955,35.62,9.44
2024-03-10 22:00:00,North City,North,40.64284112093864,-74.03891866068132,29.26,25.13
2024-03-10 23:00:00,East City,East,35.73608329834341,139.71146868405927,35.72,20.78
2024-03-11 00:00:00,West City,West,51.47955007355685,-0.08389756867684425,15.06,20.34
2024-03-11 01:00:00,North City,North,40.723478059984465,-74.01616582669149,35.32,21.2
2024-03-11 02:00:00,North City,North,40.80260341646259,-73.98597116142861,28.67,17.25
2024-03-11 03:00:00,West City,West,51.57683322600512,-0.12068110437447668,30.44,5.15
2024-03-11 04:00:00,West City,West,51.55508451503134,-0.11036294404732318,19.69,32.64
2024-03-11 05:00:00,West City,West,51.55659617686222,-0.13963802790187704,38.16,10.59
2024-03-11 06:00:00,West City,West,51.51574836395539,-0.1176804771345433,24.95,18.89
2024-03-11 07:00:00,North City,North,40.75190136937871,-74.0515808651077,52.89,5.66
2024-03-11 08:00:00,South City,South,33.998391707211496,-118.23795371244856,39.67,12.53
2024-03-11 09:00:00,East City,East,35.64624951784946,139.66583267135303,35.14,5.63
2024-03-11 10:00:00,South City,South,34.05862402664592,-118.27333218469428,27.15,14.03
2024-03-11 11:00:00,West City,West,51.48485029914853,-0.11310253060284188,34.61,11.53
2024-03-11 12:00:00,North City,North,40.68656154274161,-73.9862263354177,32.78,23.47
2024-03-11 13:00:00,South City,South,34.16262583400046,-118.17839692690787,38.07,18.23
2024-03-11 14:00:00,North City,North,40.729990216176795,-74.01517557797891,23.19,18.64
2024-03-11 15:00:00,East City,East,35.63670050940366,139.63919726050884,19.37,25.15
2024-03-11 16:00:00,North City,North,40.705548911506014,-74.06430589536198,21.34,21.55
2024-03-11 17:00:00,South City,South,34.02887225155865,-118.35998158389206,27.48,15.34
2024-03-11 18:00:00,East City,East,35.70311335494013,139.70198046560714,42.6,32.26
2024-03-11 19:00:00,South City,South,34.031132159611474,-118.21263266300154,26.77,15.43
2024-03-11 20:00:00,North City,North,40.68113378589812,-73.90704108744431,24.59,24.31
2024-03-11 21:00:00,West City,West,51.508728598170215,-0.08312039796842693,43.66,17.6
2024-03-11 22:00:00,East City,East,35.73216967194295,139.6079711840106,41.44,11.48
2024-03-11 23:00:00,North City,North,40.69590924529043,-74.03737103672132,24.41,15.82
2024-03-12 00:00:00,South City,South,34.10469056197434,-118.29457198781444,52.7,18.38
2024-03-12 01:00:00,North City,North,40.69172567320742,-74.16680285996286,34.92,10.49
2024-03-12 02:00:00,South City,South,34.01236017948604,-118.23232595595871,29.35,12.47
2024-03-12 03:00:00,South City,South,34.018833330939174,-118.35579579672545,37.53,18.7
2024-03-12 04:00:00,East City,East,35.734948901817944,139.6641817236134,23.44,18.92
2024-03-12 05:00:00,North City,North,40.724723257016194,-73.91675588004838,28.66,8.45
2024-03-12 06:00:00,South City,South,34.00825464761308,-118.31297907565111,29.36,6.22
2024-03-12 07:00:00,North City,North,40.638540691865,-74.10847372428348,40.16,15.18
2024-03-12 08:00:00,North City,North,40.67884002607838,-74.05290037120159,39.88,29.52
2024-03-12 09:00:00,West City,West,51.50575048485864,-0.15366814945711163,9.51,15.32
2024-03-12 10:00:00,West City,West,51.44400505407551,-0.1818650412419549,32.91,13.98
2024-03-12 11:00:00,South City,South,34.052793133959035,-118.29273940042069,40.58,21.29
2024-03-12 12:00:00,North City,North,40.72696541115943,-73.94761909600201,33.46,19.82
2024-03-12 13:00:00,West City,West,51.565106811826396,-0.20408089641491248,7.37,22.46
2024-03-12 14:00:00,South City,South,34.090218271391066,-118.26298784998117,29.63,26.58
2024-03-12 15:00:00,East City,East,35.738122199895905,139.73533937072347,14.67,10.1
2024-03-12 16:00:00,South City,South,34.01660703477471,-118.25020527669233,12.91,11.05
2024-03-12 17:00:00,East City,East,35.69207895447632,139.7651840298602,12.65,10.14
2024-03-12 18:00:00,West City,West,51.467854297000166,-0.10409085094546591,37.39,11.72
2024-03-12 19:00:00,South City,South,34.024103494307106,-118.31514523032558,8.47,17.78
2024-03-12 20:00:00,North City,North,40.71000130710291,-74.08389745980942,44.79,18.72
2024-03-12 21:00:00,North City,North,40.64011007246269,-74.00760137845793,36.44,21.93
2024-03-12 22:00:00,South City,South,33.99449800603395,-118.35310215022051,28.97,25.97
2024-03-12 23:00:00,East City,East,35.647175109856555,139.7220973783503,33.96,19.19
2024-03-13 00:00:00,North City,North,40.702890856432745,-73.96933647745156,27.66,5.53
2024-03-13 01:00:00,West City,West,51.45315606118618,-0.14597810222762841,39.52,6.15
2024-03-13 02:00:00,North City,North,40.70101548084699,-73.9842935287472,18.73,25.24
2024-03-13 03:00:00,North City,North,40.724572789755555,-74.19041826457142,26.25,17.66
2024-03-13 04:00:00,South City,South,34.03772629718235,-118.30214199650021,30.18,11.64
2024-03-13 05:00:00,East City,East,35.65732824664849,139.6464105310699,54.39,23.84
2024-03-13 06:00:00,West City,West,51.5312431292441,-0.11654481704129606,29.71,22.3
2024-03-13 07:00:00,East City,East,35.60918716057991,139.71144789851616,41.02,21.44
2024-03-13 08:00:00,East City,East,35.76967399381774,139.60229169592773,41.95,6.25
2024-03-13 09:00:00,South City,South,34.008516555403865,-118.16647789505629,27.67,28.33
2024-03-13 10:00:00,South City,South,34.05431560305263,-118.30110577117406,12.51,5.63
2024-03-13 11:00:00,East City,East,35.66737053536129,139.6920863946588,9.32,18.63
2024-03-13 12:00:00,North City,North,40.636397287460404,-74.03339515200928,29.56,21.82
2024-03-13 13:00:00,North City,North,40.700681169230684,-73.94854314757657,9.47,9.73
2024-03-13 14:00:00,East City,East,35.67760398357785,139.6454506780671,30.54,24.57
2024-03-13 15:00:00,East City,East,35.73415941736037,139.72379470614294,23.27,22.64
2024-03-13 16:00:00,North City,North,40.65526582093541,-74.00600364259563,35.32,18.02
2024-03-13 17:00:00,South City,South,34.04675024196443,-118.32100461601519,25.78,22.38
2024-03-13 18:00:00,North City,North,40.69331993842731,-73.99046232841361,31.97,13.45
2024-03-13 19:00:00,South City,South,34.027206378479455,-118.21654838603553,39.94,24.32
2024-03-13 20:00:00,South City,South,34.08836794236365,-118.26820339991646,28.76,10.42
2024-03-13 21:00:00,West City,West,51.58779271684041,-0.08267335199623374,37.04,23.66
2024-03-13 22:00:00,North City,North,40.69224364218853,-73.93230251493868,16.13,29.32
2024-03-13 23:00:00,West City,West,51.551993151108036,-0.18346474170573157,34.45,23.96
2024-03-14 00:00:00,South City,South,33.98521069857786,-118.18137943494771,41.56,27.68
2024-03-14 01:00:00,South City,South,34.00690899102886,-118.28427767717382,22.7,22.93
2024-03-14 02:00:00,North City,North,40.75695183892655,-73.9425345855854,31.96,13.79
2024-03-14 03:00:00,East City,East,35.75445749102739,139.7250774040185,27.53,20.33
2024-03-14 04:00:00,West City,West,51.47939379654667,-0.08828032306805153,28.28,5.86
2024-03-14 05:00:00,North City,North,40.8228695356144,-74.1091089052374,43.62,15.45
2024-03-14 06:00:00,East City,East,35.68546090291357,139.66459015890754,29.12,14.8
2024-03-14 07:00:00,North City,North,40.69259214202604,-74.00591025635609,45.43,19.7
2024-03-14 08:00:00,North City,North,40.71207605706677,-74.03409178175949,34.72,28.27
2024-03-14 09:00:00,West City,West,51.45463068893291,-0.03784678829881735,37.54,18.91
2024-03-14 10:00:00,West City,West,51.50571469526687,-0.10415584324186303,37.53,12.98
2024-03-14 11:00:00,North City,North,40.749290968113385,-73.936403955616,44.19,20.05
2024-03-14 12:00:00,West City,West,51.495470289783434,-0.1518667413620247,28.1,18.46
2024-03-14 13:00:00,North City,North,40.604882904155545,-74.03752890811582,37.97,29.43
2024-03-14 14:00:00,West City,West,51.50358647944889,-0.07151146919356247,43.16,24.18
2024-03-14 15:00:00,East City,East,35.81944114500373,139.6054969094566,44.68,17.79
2024-03-14 16:00:00,West City,West,51.54534048425078,-0.11835801502381899,38.39,11.27
2024-03-14 17:00:00,West City,West,51.52452594855702,-0.11296257595109209,38.21,11.62
2024-03-14 18:00:00,South City,South,34.10458806206937,-118.21107134372728,42.14,15.6
2024-03-14 19:00:00,North City,North,40.71819919603626,-73.87565704184252,26.14,25.11
2024-03-14 20:00:00,East City,East,35.725462985579284,139.716762673243,30.63,24.41
2024-03-14 21:00:00,East City,East,35.59402644910494,139.72611934653563,21.76,17.75
2024-03-14 22:00:00,South City,South,34.14836859398649,-118.20908427131796,13.2,9.22
2024-03-14 23:00:00,South City,South,34.05941550097175,-118.33538528838147,16.6,15.76
2024-03-15 00:00:00,East City,East,35.688165650935275,139.60564978444145,17.83,20.07
2024-03-15 01:00:00,West City,West,51.402224995413725,-0.053058855005383654,44.2,12.24
2024-03-15 02:00:00,South City,South,34.08757274177764,-118.290412117855,35.05,18.48
2024-03-15 03:00:00,North City,North,40.68385241213255,-74.05081837739127,31.18,19.06
2024-03-15 04:00:00,North City,North,40.64122068701423,-73.98725118767685,36.31,23.37
2024-03-15 05:00:00,North City,North,40.75375274692104,-74.00027096914496,19.84,15.43
2024-03-15 06:00:00,South City,South,34.04761446585649,-118.2449367812345,41.36,31.0
2024-03-15 07:00:00,West City,West,51.54257460741125,-0.13169107180682366,32.18,12.23
2024-03-15 08:00:00,South City,South,34.038482372416844,-118.21507433561872,28.52,21.5
2024-03-15 09:00:00,North City,North,40.74512246842711,-73.89043704975286,32.8,24.9
2024-03-15 10:00:00,East City,East,35.742187450273924,139.72732385173083,48.46,24.93
2024-03-15 11:00:00,West City,West,51.607521373382234,-0.14317857085578994,23.49,15.71
2024-03-15 12:00:00,East City,East,35.68195235241267,139.64921144417048,35.28,24.76
2024-03-15 13:00:00,West City,West,51.536875152493856,-0.2697420165391597,30.87,5.7
2024-03-15 14:00:00,South City,South,34.03881617614806,-118.17410970541904,8.48,21.11
2024-03-15 15:00:00,East City,East,35.63172741030912,139.72795405222237,38.6,23.67
2024-03-15 16:00:00,North City,North,40.77980421163403,-74.04479442226474,36.7,22.98
2024-03-15 17:00:00,South City,South,34.047754370454825,-118.27813620782622,32.97,14.75
2024-03-15 18:00:00,West City,West,51.586198726280394,-0.20065882653579697,6.54,13.55
2024-03-15 19:00:00,East City,East,35.718726202591874,139.6782930430379,41.71,6.41
2024-03-15 20:00:00,East City,East,35.790798353291756,139.67969711722458,16.67,21.6
2024-03-15 21:00:00,West City,West,51.490800277055996,-0.22827700275857335,27.92,27.25
2024-03-15 22:00:00,North City,North,40.63403483605315,-74.02635232716108,34.54,12.61
2024-03-15 23:00:00,East City,East,35.70894094551319,139.6330063336847,15.12,10.12
2024-03-16 00:00:00,East City,East,35.68106970657482,139.71986897717048,28.08,21.19
2024-03-16 01:00:00,West City,West,51.52265002726048,-0.11963569734599337,34.46,20.1
2024-03-16 02:00:00,East City,East,35.76328347193048,139.58978517351187,30.92,15.57
2024-03-16 03:00:00,North City,North,40.678344410113915,-73.98261549480705,27.25,14.8
2024-03-16 04:00:00,North City,North,40.68019368814531,-74.04825286419043,35.88,6.54
2024-03-16 05:00:00,North City,North,40.75080540154074,-74.0209852796764,32.99,23.2
2024-03-16 06:00:00,North City,North,40.724140954462705,-74.00555791138225,34.92,20.54
2024-03-16 07:00:00,North City,North,40.74321335831721,-73.93870324960808,33.14,7.61
2024-03-16 08:00:00,West City,West,51.54720951501259,-0.11333084974989642,27.65,17.54
2024-03-16 09:00:00,North City,North,40.74731279645614,-74.13078536918913,39.1,17.37
2024-03-16 10:00:00,South City,South,34.139005797494754,-118.22962774721391,19.37,14.21
2024-03-16 11:00:00,East City,East,35.71007828595822,139.6446298415499,15.56,21.11
2024-03-16 12:00:00,South City,South,34.03958254808564,-118.27568944454949,33.56,21.87
2024-03-16 13:00:00,East City,East,35.656280885425204,139.68736388754292,21.39,13.42
2024-03-16 14:00:00,North City,North,40.689957885165825,-73.93331145225207,43.03,11.67
2024-03-16 15:00:00,South City,South,34.01319280593061,-118.20693653450125,23.7,29.46
2024-03-16 16:00:00,West City,West,51.5282267331306,-0.1283741284810053,19.25,8.72
2024-03-16 17:00:00,West City,West,51.460193622176874,-0.08752097627346365,43.39,5.68
2024-03-16 18:00:00,North City,North,40.58393274885029,-74.02171609556102,53.45,22.95
2024-03-16 19:00:00,South City,South,34.05647566648198,-118.32948541593191,20.12,23.06
2024-03-16 20:00:00,East City,East,35.60238236952408,139.71439715798786,23.86,33.27
2024-03-16 21:00:00,East City,East,35.649573024272065,139.70277837638042,20.87,17.88
2024-03-16 22:00:00,West City,West,51.51751251977646,-0.13842749567102963,40.8,27.64
2024-03-16 23:00:00,West City,West,51.47202802275939,-0.01730721671257679,46.39,24.36
2024-03-17 00:00:00,West City,West,51.533335097150676,-0.08027261340032438,53.35,16.23
2024-03-17 01:00:00,East City,East,35.729495564084424,139.6888086245847,25.16,18.39
2024-03-17 02:00:00,West City,West,51.514460090624446,-0.12054218165519971,23.66,16.66
2024-03-17 03:00:00,North City,North,40.70712187176048,-74.00879260913264,27.12,21.02
2024-03-17 04:00:00,West City,West,51.45883336533929,-0.22650656880320794,13.34,19.87
2024-03-17 05:00:00,North City,North,40.68692567258372,-73.88898517509773,31.98,26.64
2024-03-17 06:00:00,West City,West,51.461321496739345,-0.043543324952371495,24.76,18.15
2024-03-17 07:00:00,South City,South,33.99510290904193,-118.24070473716019,0.0,17.04
2024-03-17 08:00:00,North City,North,40.71937675564931,-73.94975400029031,4.18,12.17
2024-03-17 09:00:00,East City,East,35.73521297723971,139.74972009146336,49.26,10.28
2024-03-17 10:00:00,East City,East,35.67369573291969,139.72872699590144,13.66,19.77
2024-03-17 11:00:00,East City,East,35.61740448219441,139.7389964792635,27.98,16.72
2024-03-17 12:00:00,West City,West,51.59037858978974,-0.14111017009911977,24.15,19.78
2024-03-17 13:00:00,North City,North,40.71912378377442,-74.0850350025837,22.81,22.43
2024-03-17 14:00:00,East City,East,35.71505051393852,139.6876849698898,34.79,15.25
2024-03-17 15:00:00,West City,West,51.51135239010751,-0.14220780152555587,24.62,21.27
2024-03-17 16:00:00,East City,East,35.62591086989192,139.69213862557947,34.45,24.04
2024-03-17 17:00:00,North City,North,40.80331513050021,-73.9860365296193,32.71,13.67
2024-03-17 18:00:00,East City,East,35.61664495888405,139.6168785646272,15.91,30.55
2024-03-17 19:00:00,West City,West,51.52535275467402,-0.06108854029136547,29.17,25.95
2024-03-17 20:00:00,East City,East,35.69187372521882,139.60271285129193,20.37,5.25
2024-03-17 21:00:00,East City,East,35.72252104679707,139.6843319932622,18.57,11.76
2024-03-17 22:00:00,South City,South,34.02541033544635,-118.273178110198,33.77,16.23
2024-03-17 23:00:00,North City,North,40.73457731594962,-73.99767573637115,41.54,26.14
2024-03-18 00:00:00,South City,South,34.118441576601114,-118.2172178549749,41.22,14.5
2024-03-18 01:00:00,South City,South,34.02974341295228,-118.19056152002356,53.23,15.4
2024-03-18 02:00:00,West City,West,51.46705194729915,-0.10219357566528603,46.27,15.98
2024-03-18 03:00:00,West City,West,51.49578632486002,-0.1272727144129487,19.86,20.37
2024-03-18 04:00:00,North City,North,40.73894406573569,-73.97630256298966,11.38,24.88
2024-03-18 05:00:00,North City,North,40.702673850126544,-73.99727342958278,25.75,17.08
2024-03-18 06:00:00,South City,South,33.967996187268575,-118.27806012619243,32.12,15.07
2024-03-18 07:00:00,North City,North,40.63628604320351,-74.01212179948737,32.81,30.83
2024-03-18 08:00:00,East City,East,35.657665061801225,139.73055779372183,26.33,27.66
2024-03-18 09:00:00,West City,West,51.50484075771798,-0.20686776130650286,25.06,7.63
2024-03-18 10:00:00,North City,North,40.64501470198815,-74.06556073083414,38.18,7.41
2024-03-18 11:00:00,East City,East,35.66427886583514,139.61570536001904,34.67,14.19
2024-03-18 12:00:00,West City,West,51.5706930218816,-0.13635287541796465,22.76,6.92
2024-03-18 13:00:00,North City,North,40.71473511473788,-73.96659754578414,24.91,-1.57
2024-03-18 14:00:00,South City,South,34.100118785232404,-118.28261389238702,15.8,19.04
2024-03-18 15:00:00,North City,North,40.685628978511176,-73.94280720304518,22.47,17.2
2024-03-18 16:00:00,South City,South,34.021704485068625,-118.23684663833872,34.81,13.21
2024-03-18 17:00:00,East City,East,35.75266422511844,139.60850798133615,41.61,14.94
2024-03-18 18:00:00,West City,West,51.52001844183936,-0.17865247264756673,16.92,19.59
2024-03-18 19:00:00,East City,East,35.71737042784256,139.72331081570158,30.54,8.72
2024-03-18 20:00:00,North City,North,40.61648924172532,-74.04712693094577,34.08,24.42
2024-03-18 21:00:00,East City,East,35.79438475945027,139.72156516834158,26.86,16.18
2024-03-18 22:00:00,West City,West,51.60178428884333,-0.1851528587701086,20.02,6.34
2024-03-18 23:00:00,West City,West,51.487477736250526,-0.15013215234073032,24.6,12.39
2024-03-19 00:00:00,South City,South,34.02478195623766,-118.23963898113742,42.04,15.23
2024-03-19 01:00:00,West City,West,51.47323834786111,-0.09070956292611157,34.03,14.68
2024-03-19 02:00:00,West City,West,51.40162442644527,-0.07921092611210742,20.82,13.7
2024-03-19 03:00:00,East City,East,35.67846356215208,139.62506607794873,44.85,3.67
2024-03-19 04:00:00,West City,West,51.45888589455255,-0.1930872628939222,22.1,22.61
2024-03-19 05:00:00,East City,East,35.70095473781062,139.65800261691183,27.45,19.74
2024-03-19 06:00:00,East City,East,35.63368151624471,139.68118574074362,23.01,28.26
2024-03-19 07:00:00,North City,North,40.758503858211206,-74.05535230894682,40.56,23.52
2024-03-19 08:00:00,East City,East,35.611352911494464,139.72795518209583,35.65,19.01
2024-03-19 09:00:00,East City,East,35.68198739879917,139.68966934893396,13.64,16.12
2024-03-19 10:00:00,North City,North,40.80878098143988,-73.99610362254505,17.75,1.44
2024-03-19 11:00:00,West City,West,51.51314708858796,-0.056433567420261524,11.2,10.82
2024-03-19 12:00:00,South City,South,34.0003945568054,-118.21125580621548,40.68,20.7
2024-03-19 13:00:00,South City,South,34.05128218879031,-118.2760908650614,12.48,14.15
2024-03-19 14:00:00,West City,West,51.48121661999702,-0.20382098274291036,38.97,23.95
2024-03-19 15:00:00,North City,North,40.686192805491345,-74.02542841102456,15.23,25.4
2024-03-19 16:00:00,South City,South,34.03973217609451,-118.16138172096763,30.93,4.48
2024-03-19 17:00:00,East City,East,35.61347687087646,139.58128139054935,40.27,13.58
2024-03-19 18:00:00,East City,East,35.72745127603155,139.66127706067508,24.14,19.32
2024-03-19 19:00:00,North City,North,40.708381335623685,-73.89546551369921,23.66,4.66
2024-03-19 20:00:00,West City,West,51.51818240757383,-0.11814426831549876,41.04,19.24
2024-03-19 21:00:00,South City,South,33.96024148054142,-118.2828792528742,31.28,13.86
2024-03-19 22:00:00,East City,East,35.71115922057034,139.71297413415317,31.0,21.49
2024-03-19 23:00:00,West City,West,51.498013648821,-0.08576966436083083,38.64,23.38
2024-03-20 00:00:00,East City,East,35.66351064059812,139.62811508851604,28.96,34.55
2024-03-20 01:00:00,South City,South,34.12811614122837,-118.21837723767462,44.43,4.91
2024-03-20 02:00:00,West City,West,51.50991364456576,-0.14503980614970916,44.7,12.03
2024-03-20 03:00:00,South City,South,34.05502553242328,-118.24994607976618,28.4,16.3
2024-03-20 04:00:00,North City,North,40.658384512381836,-74.04760417884572,7.65,24.35
2024-03-20 05:00:00,South City,South,34.0883791142955,-118.25668808276438,25.23,23.68
2024-03-20 06:00:00,South City,South,34.03004161360934,-118.20662717565037,50.2,13.3
2024-03-20 07:00:00,East City,East,35.81867868300833,139.62518868721793,30.87,17.89
2024-03-20 08:00:00,North City,North,40.65840784841043,-74.04139365870613,17.59,17.41
2024-03-20 09:00:00,East City,East,35.62619044901936,139.77939126224248,33.76,14.57
2024-03-20 10:00:00,North City,North,40.661306007072774,-74.03292207648116,26.19,17.98
2024-03-20 11:00:00,West City,West,51.47918550736404,-0.15743514114785534,29.43,11.77
2024-03-20 12:00:00,South City,South,34.044838291091274,-118.20598970046933,17.52,9.78
2024-03-20 13:00:00,East City,East,35.6948992758343,139.74616696546582,33.74,21.91
2024-03-20 14:00:00,East City,East,35.754290795647506,139.71195926146476,31.81,17.28
2024-03-20 15:00:00,North City,North,40.64457645731914,-74.0524132919328,28.16,16.56
2024-03-20 16:00:00,West City,West,51.42759870742857,-0.16963776350209855,26.19,18.41
2024-03-20 17:00:00,South City,South,34.18488624376832,-118.18422908577683,15.42,18.88
2024-03-20 18:00:00,West City,West,51.55094616460338,-0.10493584759783992,13.58,12.43
2024-03-20 19:00:00,North City,North,40.670930960515875,-73.9612101890882,45.74,15.58
2024-03-20 20:00:00,North City,North,40.72261329860331,-74.08979746572739,25.09,-0.52
2024-03-20 21:00:00,South City,South,34.068661293345514,-118.22807400601114,34.43,19.27
2024-03-20 22:00:00,East City,East,35.69794611400694,139.6258551509261,55.35,17.42
2024-03-20 23:00:00,West City,West,51.47604535876138,-0.12984587675975345,50.52,6.06
2024-03-21 00:00:00,North City,North,40.805294569284854,-74.05320495450432,48.47,18.76
2024-03-21 01:00:00,South City,South,34.02022969820627,-118.27454163004886,38.17,10.88
2024-03-21 02:00:00,West City,West,51.59531338405853,-0.1547267356152809,37.25,12.34
2024-03-21 03:00:00,West City,West,51.53807300828359,-0.12942519465288446,24.02,11.92
2024-03-21 04:00:00,East City,East,35.71708964770677,139.66990493950848,27.59,12.06
2024-03-21 05:00:00,West City,West,51.51812144652062,-0.1363993247704089,38.14,11.51
2024-03-21 06:00:00,North City,North,40.7038676401161,-74.03563316503275,24.09,20.76
2024-03-21 07:00:00,East City,East,35.65017139542211,139.7083186166612,36.65,33.47
2024-03-21 08:00:00,East City,East,35.65366336280889,139.62888487832524,41.16,12.27
2024-03-21 09:00:00,North City,North,40.71543412271551,-74.08467485620072,37.79,10.14
2024-03-21 10:00:00,South City,South,34.07805677283022,-118.28108010470622,36.92,14.8
2024-03-21 11:00:00,North City,North,40.76223043967496,-74.02505688483367,34.58,10.27
2024-03-21 12:00:00,West City,West,51.50448913743563,-0.06983657307611482,33.54,15.06
2024-03-21 13:00:00,West City,West,51.48407842938193,-0.14904634177784798,14.58,17.47
2024-03-21 14:00:00,West City,West,51.51051583063373,-0.1932029636063296,32.29,13.7
2024-03-21 15:00:00,West City,West,51.606585206773936,-0.08994115894489887,49.13,8.73
2024-03-21 16:00:00,North City,North,40.66898663254094,-73.96360994879353,29.88,5.2
2024-03-21 17:00:00,West City,West,51.49425464010625,-0.23750451998806238,41.96,30.51
2024-03-21 18:00:00,East City,East,35.673268357281955,139.71913499499303,30.0,18.37
2024-03-21 19:00:00,East City,East,35.65948306704968,139.72137697161466,40.48,12.13
2024-03-21 20:00:00,East City,East,35.635965372920474,139.62155661036272,28.09,4.25
2024-03-21 21:00:00,South City,South,34.10388146013894,-118.26976680712336,41.49,13.64
2024-03-21 22:00:00,East City,East,35.63096281112869,139.7322409361867,19.56,22.13
2024-03-21 23:00:00,West City,West,51.55791896566416,-0.15008787298984244,26.76,19.48
2024-03-22 00:00:00,West City,West,51.48161913348388,-0.1184661537951205,31.25,22.1
2024-03-22 01:00:00,East City,East,35.775227707388055,139.74866356995986,42.79,13.87
2024-03-22 02:00:00,South City,South,34.00109511062467,-118.22358215868394,17.0,12.64
2024-03-22 03:00:00,North City,North,40.678607554975024,-74.00645795192673,26.79,8.47
2024-03-22 04:00:00,West City,West,51.45448512160622,-0.1541081651483415,31.0,33.12
2024-03-22 05:00:00,South City,South,34.036364627786284,-118.28756099929434,14.46,18.97
2024-03-22 06:00:00,North City,North,40.716930663639666,-74.03415035757402,44.07,19.63
2024-03-22 07:00:00,South City,South,34.047504821564345,-118.18554995151474,26.48,33.04
2024-03-22 08:00:00,South City,South,34.11092249664941,-118.18432234051096,57.07,26.59
2024-03-22 09:00:00,East City,East,35.76171300234102,139.61995917443267,30.01,13.28
2024-03-22 10:00:00,West City,West,51.519927975346505,-0.1465971484666128,12.32,15.05
2024-03-22 11:00:00,West City,West,51.500156662242695,-0.10750879566630928,34.1,26.5
2024-03-22 12:00:00,North City,North,40.68780211145171,-73.97992760366854,22.76,30.98
2024-03-22 13:00:00,South City,South,34.022330143715465,-118.25273883774018,31.62,29.44
2024-03-22 14:00:00,West City,West,51.541090672653176,-0.15329289095233212,38.62,24.16
2024-03-22 15:00:00,East City,East,35.76224130870734,139.6098798490397,23.0,16.53
2024-03-22 16:00:00,West City,West,51.44516242005144,-0.09385398372787516,44.65,21.73
2024-03-22 17:00:00,North City,North,40.69241364913657,-74.02156104487543,42.73,6.95
2024-03-22 18:00:00,North City,North,40.78490530583841,-73.99657389535676,35.97,25.47
2024-03-22 19:00:00,West City,West,51.381952141075246,-0.16623832050192602,15.79,30.27
2024-03-22 20:00:00,North City,North,40.779464727795926,-74.02042210855137,26.72,15.51
2024-03-22 21:00:00,North City,North,40.760355815365116,-74.05537513967347,54.64,17.24
2024-03-22 22:00:00,South City,South,34.02218871349447,-118.20978631498052,4.23,14.0
2024-03-22 23:00:00,West City,West,51.53974522616282,-0.16202202010430913,26.6,24.73
2024-03-23 00:00:00,West City,West,51.50019920191579,-0.12807901488833986,40.64,19.9
2024-03-23 01:00:00,North City,North,40.65596795582664,-74.069730564568,17.3,25.61
2024-03-23 02:00:00,East City,East,35.625460609166645,139.65160151991086,25.21,25.37
2024-03-23 03:00:00,West City,West,51.56456807651029,-0.11855706729698176,46.17,12.61
2024-03-23 04:00:00,South City,South,33.99580504539838,-118.26462968039861,44.6,13.6
2024-03-23 05:00:00,South City,South,34.03003408488073,-118.30564075090622,48.4,24.29
2024-03-23 06:00:00,South City,South,34.109910744614574,-118.29540816060808,18.55,15.92
2024-03-23 07:00:00,West City,West,51.49115710367507,-0.08481846065725769,37.96,29.65
2024-03-23 08:00:00,South City,South,34.06232490035973,-118.29609138521272,35.99,19.96
2024-03-23 09:00:00,North City,North,40.765506350415485,-73.98869738449565,41.46,26.92
2024-03-23 10:00:00,West City,West,51.54788841541727,-0.08696939231826498,41.51,20.31
2024-03-23 11:00:00,North City,North,40.656593907056966,-74.00087292800913,34.24,6.77
2024-03-23 12:00:00,South City,South,33.99585323186008,-118.23667864021941,14.67,18.23
2024-03-23 13:00:00,East City,East,35.69937115238463,139.58043520486115,33.63,23.44
2024-03-23 14:00:00,North City,North,40.769329569883205,-74.01128176213487,27.35,24.67
2024-03-23 15:00:00,South City,South,34.07871845944994,-118.24967793783132,35.11,19.41
2024-03-23 16:00:00,South City,South,34.061948394292024,-118.26394818306564,31.43,15.29
2024-03-23 17:00:00,North City,North,40.776383261664826,-74.0119207552358,18.59,19.51
2024-03-23 18:00:00,East City,East,35.687278132302694,139.67857696256482,16.14,17.66
2024-03-23 19:00:00,West City,West,51.59461555573715,-0.09462010657196185,15.57,22.47
2024-03-23 20:00:00,East City,East,35.76726205698061,139.6889509803276,10.88,15.25
2024-03-23 21:00:00,West City,West,51.56185495014237,-0.21198528126829919,33.71,11.83
2024-03-23 22:00:00,East City,East,35.674853652996994,139.66859558696794,22.98,8.48
2024-03-23 23:00:00,West City,West,51.500483235899175,-0.14667117005651648,32.78,20.24
2024-03-24 00:00:00,South City,South,34.06751862719832,-118.24838847005107,32.82,7.54
2024-03-24 01:00:00,South City,South,33.93088412132706,-118.20257838441137,29.32,16.91
2024-03-24 02:00:00,North City,North,40.72875341625758,-74.15160671896895,21.8,22.93
2024-03-24 03:00:00,North City,North,40.719355966233756,-73.96175787085994,22.49,28.64
2024-03-24 04:00:00,West City,West,51.55118560817975,-0.08267124851979664,37.44,25.43
2024-03-24 05:00:00,South City,South,34.109277936613836,-118.29658517534511,26.41,3.69
2024-03-24 06:00:00,West City,West,51.59561806581149,-0.1870931229357664,28.67,15.12
2024-03-24 07:00:00,West City,West,51.44802234166124,-0.09885450909654328,39.71,8.93
2024-03-24 08:00:00,West City,West,51.5287274189759,-0.14992791009006673,29.03,22.01
2024-03-24 09:00:00,North City,North,40.7928281253685,-74.02573912045978,46.29,19.29
2024-03-24 10:00:00,East City,East,35.757345481409274,139.7586205158108,44.35,8.95
2024-03-24 11:00:00,West City,West,51.470666445316155,-0.08000320888346188,41.57,16.8
2024-03-24 12:00:00,East City,East,35.729808500539185,139.63047367032684,20.44,3.15
2024-03-24 13:00:00,West City,West,51.55248425610708,-0.14686353530158336,26.36,32.18
2024-03-24 14:00:00,East City,East,35.66715020339928,139.7722557491206,25.77,20.74
2024-03-24 15:00:00,East City,East,35.75230987197069,139.75108566920693,24.86,24.28
2024-03-24 16:00:00,West City,West,51.50735275927803,-0.14332162892558659,38.74,19.21
2024-03-24 17:00:00,South City,South,34.048629251081366,-118.3170452972676,22.85,18.39
2024-03-24 18:00:00,West City,West,51.47618311743719,-0.1838345791191874,48.26,9.32
2024-03-24 19:00:00,South City,South,34.06784328257454,-118.24041311699764,30.85,22.8
2024-03-24 20:00:00,North City,North,40.73911338393389,-74.06510187795284,24.79,11.21
2024-03-24 21:00:00,East City,East,35.62804985697528,139.73914741114035,47.64,24.04
2024-03-24 22:00:00,North City,North,40.68603757264218,-74.01508347807334,37.01,21.59
2024-03-24 23:00:00,West City,West,51.48306618385592,-0.0806201111863527,26.17,13.76
2024-03-25 00:00:00,South City,South,34.10992023935592,-118.22184536578713,31.2,4.57
2024-03-25 01:00:00,North City,North,40.71509039842658,-74.00256015608302,33.75,19.67
2024-03-25 02:00:00,North City,North,40.7487184653947,-74.01203683713665,24.86,23.84
2024-03-25 03:00:00,East City,East,35.699893025053356,139.6983298836013,28.5,13.36
2024-03-25 04:00:00,West City,West,51.44414024639836,-0.04644417191638717,20.7,10.67
2024-03-25 05:00:00,East City,East,35.631621597111575,139.71530057157315,21.14,19.75
2024-03-25 06:00:00,East City,East,35.788356326026054,139.717026310917,9.25,2.95
2024-03-25 07:00:00,South City,South,34.03840521392799,-118.30492011035237,34.63,15.67
2024-03-25 08:00:00,East City,East,35.68444844104955,139.70708630700543,22.74,10.44
2024-03-25 09:00:00,South City,South,34.07977965070202,-118.22856615532885,31.76,26.06
2024-03-25 10:00:00,West City,West,51.48960501296928,-0.06931774889397814,10.63,25.11
2024-03-25 11:00:00,South City,South,33.99604024745623,-118.14141727261615,20.64,10.47
2024-03-25 12:00:00,East City,East,35.74456840961307,139.6206516622815,16.69,20.99
2024-03-25 13:00:00,West City,West,51.51399850009727,-0.17048604096078038,23.16,14.78
2024-03-25 14:00:00,West City,West,51.47888527773692,-0.13178667137642683,35.54,15.31
2024-03-25 15:00:00,West City,West,51.46341781622243,-0.16881642305662337,35.65,22.79
2024-03-25 16:00:00,West City,West,51.48208179654609,-0.12135990039395267,32.79,23.73
2024-03-25 17:00:00,West City,West,51.53530198357595,-0.22216684757175423,36.97,29.52
2024-03-25 18:00:00,East City,East,35.73348842479729,139.66624991190847,25.57,22.45
2024-03-25 19:00:00,East City,East,35.62193547986508,139.67669356065858,18.81,22.5
2024-03-25 20:00:00,South City,South,34.00304206583881,-118.29604045363908,38.59,27.3
2024-03-25 21:00:00,North City,North,40.555729272935174,-73.96631209284504,34.37,12.75
2024-03-25 22:00:00,South City,South,34.09581587079434,-118.1823338780931,31.73,16.72
2024-03-25 23:00:00,East City,East,35.76026022633509,139.78379078046933,34.76,16.93
2024-03-26 00:00:00,North City,North,40.73418348598777,-74.03425604636912,39.2,27.82
2024-03-26 01:00:00,South City,South,33.96153509638168,-118.21184740801957,22.49,21.6
2024-03-26 02:00:00,East City,East,35.78020231645295,139.6958493596827,45.19,21.95
2024-03-26 03:00:00,East City,East,35.70233916286624,139.68027637280952,34.6,17.02
2024-03-26 04:00:00,North City,North,40.705067123068766,-74.0090065511504,47.1,10.53
2024-03-26 05:00:00,South City,South,33.98542154901493,-118.27715297419829,45.22,15.07
2024-03-26 06:00:00,East City,East,35.65914575322526,139.67100197972402,31.19,12.08
2024-03-26 07:00:00,West City,West,51.502463955277214,-0.08647888379041169,26.93,27.58
2024-03-26 08:00:00,South City,South,34.03689475366808,-118.19530848032473,33.54,22.56
2024-03-26 09:00:00,East City,East,35.63337578381386,139.7403355196461,35.86,27.97
2024-03-26 10:00:00,West City,West,51.52467131801792,-0.13008982683612227,38.65,6.49
2024-03-26 11:00:00,South City,South,34.01795064104281,-118.20364091180059,41.67,29.12
2024-03-26 12:00:00,East City,East,35.739775673892716,139.6849569031567,20.86,24.46
2024-03-26 13:00:00,East City,East,35.74800385315148,139.6781220848103,40.19,17.11
2024-03-26 14:00:00,North City,North,40.760772135449834,-74.03941806380861,27.98,34.19
2024-03-26 15:00:00,South City,South,34.04247542575676,-118.21040610881468,12.99,12.86
2024-03-26 16:00:00,South City,South,34.01289932590704,-118.20127245541427,19.82,11.62
2024-03-26 17:00:00,East City,East,35.650467280007206,139.67852395399203,42.71,18.81
2024-03-26 18:00:00,West City,West,51.40993273723945,-0.15704649592841413,19.71,28.21
2024-03-26 19:00:00,North City,North,40.714451165359655,-73.93865293778055,29.71,20.77
2024-03-26 20:00:00,East City,East,35.6717927656357,139.65791050053744,11.66,12.35
2024-03-26 21:00:00,East City,East,35.67535950024787,139.68919673208848,22.05,-1.76
2024-03-26 22:00:00,North City,North,40.7217816555299,-74.09526292339619,24.54,23.36
2024-03-26 23:00:00,West City,West,51.498222983899176,-0.1335475465745921,12.55,13.17
2024-03-27 00:00:00,North City,North,40.72273601676875,-73.98261946549134,14.84,12.83
2024-03-27 01:00:00,North City,North,40.800356779870725,-74.03487010961148,19.69,22.68
2024-03-27 02:00:00,West City,West,51.526093769512165,-0.05720487831450698,31.59,17.79
2024-03-27 03:00:00,North City,North,40.81552574447024,-73.92885966131152,14.02,28.43
2024-03-27 04:00:00,East City,East,35.71224542999764,139.61432475199737,33.27,23.07
2024-03-27 05:00:00,West City,West,51.473403187285264,-0.21101046363502665,37.1,17.8
2024-03-27 06:00:00,West City,West,51.50680617901494,-0.1009694137282085,26.23,11.7
2024-03-27 07:00:00,South City,South,33.994372239146635,-118.17963806732385,36.97,15.57
2024-03-27 08:00:00,South City,South,34.05135648131459,-118.21093942668605,21.99,15.92
2024-03-27 09:00:00,East City,East,35.74281759455977,139.70646185183466,26.91,17.22
2024-03-27 10:00:00,East City,East,35.749885837795475,139.6674918291711,18.24,15.4
2024-03-27 11:00:00,North City,North,40.78941901912938,-73.9849731647048,37.59,21.14
2024-03-27 12:00:00,West City,West,51.47617620785624,-0.06882936934558061,34.79,7.16
2024-03-27 13:00:00,East City,East,35.73121313789448,139.71779241860128,55.77,19.22
2024-03-27 14:00:00,West City,West,51.48354779671212,-0.12191257127684775,11.29,15.51
2024-03-27 15:00:00,West City,West,51.53594728473019,-0.16852014104965954,36.06,18.45
2024-03-27 16:00:00,North City,North,40.63656369256916,-73.9992396557214,45.85,16.46
2024-03-27 17:00:00,East City,East,35.675725092416265,139.74757903661228,28.65,18.8
2024-03-27 18:00:00,East City,East,35.694677923624866,139.68753836448647,40.34,5.95
2024-03-27 19:00:00,South City,South,34.039802289633606,-118.26769840730744,25.71,6.07
2024-03-27 20:00:00,East City,East,35.68726397865787,139.5945539549742,30.99,22.31
2024-03-27 21:00:00,South City,South,34.09667768155398,-118.1751429476329,34.44,16.04
2024-03-27 22:00:00,East City,East,35.69345613413796,139.7479156720653,22.36,9.71
2024-03-27 23:00:00,West City,West,51.44469886737857,-0.17774681881227955,39.39,17.55
2024-03-28 00:00:00,West City,West,51.53062064212176,-0.1681672406007906,21.96,24.22
2024-03-28 01:00:00,South City,South,34.02816117192477,-118.1837009891026,18.47,28.97
2024-03-28 02:00:00,East City,East,35.69935591675614,139.7010818927182,35.63,19.22
2024-03-28 03:00:00,South City,South,33.96673868003987,-118.22411509919948,28.29,17.54
2024-03-28 04:00:00,West City,West,51.441247423741665,-0.01178908898662602,34.59,27.18
2024-03-28 05:00:00,South City,South,34.088359648801436,-118.25058139411287,8.61,16.62
2024-03-28 06:00:00,South City,South,34.082595825918744,-118.2194467589267,34.37,23.61
2024-03-28 07:00:00,North City,North,40.68826938829867,-74.02013796638147,46.64,14.67
2024-03-28 08:00:00,East City,East,35.64021743086037,139.64918653599017,49.98,20.07
2024-03-28 09:00:00,East City,East,35.7163716295694,139.69818615243418,22.58,18.98
2024-03-28 10:00:00,South City,South,34.08831876524096,-118.35563519061193,43.37,16.69
2024-03-28 11:00:00,West City,West,51.47653571465605,-0.06768754983194145,42.13,21.73
2024-03-28 12:00:00,East City,East,35.70570704854355,139.71678970874694,32.36,18.72
2024-03-28 13:00:00,North City,North,40.74608800270039,-73.89190485417429,22.99,10.78
2024-03-28 14:00:00,North City,North,40.75554495183691,-74.03574907146046,36.31,12.64
2024-03-28 15:00:00,South City,South,34.11105003183952,-118.30932336517243,30.69,17.07
2024-03-28 16:00:00,North City,North,40.709818907515846,-74.00956018401348,24.56,12.19
2024-03-28 17:00:00,East City,East,35.64246565575148,139.67104385571153,20.21,17.92
2024-03-28 18:00:00,South City,South,34.04708071861873,-118.25272184853098,43.68,6.04
2024-03-28 19:00:00,South City,South,34.0304430626019,-118.30944393322022,21.93,29.74
2024-03-28 20:00:00,East City,East,35.659060171007255,139.71600764754277,30.57,10.18
2024-03-28 21:00:00,South City,South,34.140134641847744,-118.15232790294431,29.8,25.86
2024-03-28 22:00:00,East City,East,35.60746202343347,139.71324353545674,34.96,14.7
2024-03-28 23:00:00,East City,East,35.67715408362553,139.59540110907776,20.67,22.71
2024-03-29 00:00:00,North City,North,40.709108462381025,-73.96767866439957,23.76,23.91
2024-03-29 01:00:00,West City,West,51.5117553109653,-0.17818921359588422,11.89,13.92
2024-03-29 02:00:00,North City,North,40.74674424048263,-73.99952841974756,45.4,15.01
2024-03-29 03:00:00,West City,West,51.50840605647904,-0.08321497094652124,34.28,20.74
2024-03-29 04:00:00,North City,North,40.81149547378206,-74.03794506549931,33.45,24.39
2024-03-29 05:00:00,South City,South,34.01517870096564,-118.26297618522219,27.17,15.04
2024-03-29 06:00:00,West City,West,51.47222842060236,-0.17850116901519972,26.29,10.38
2024-03-29 07:00:00,North City,North,40.75430806861732,-73.98735788756721,39.95,24.56
2024-03-29 08:00:00,North City,North,40.692181656505454,-74.07875098433259,38.25,26.66
2024-03-29 09:00:00,North City,North,40.69622994481519,-73.98358014917352,28.75,8.64
2024-03-29 10:00:00,South City,South,34.098261100019926,-118.3049005950805,22.84,24.7
2024-03-29 11:00:00,North City,North,40.71763774592194,-74.08673749311457,25.51,15.16
2024-03-29 12:00:00,West City,West,51.46448710160733,-0.12038164041818113,41.78,13.26
2024-03-29 13:00:00,West City,West,51.536039568110475,-0.1016830684763907,22.17,31.5
2024-03-29 14:00:00,North City,North,40.737758456140895,-74.02296978402156,26.3,14.29
2024-03-29 15:00:00,East City,East,35.69113868187779,139.6927611325417,43.91,16.51
2024-03-29 16:00:00,East City,East,35.74088268096542,139.71174014457074,35.93,20.68
2024-03-29 17:00:00,North City,North,40.684227469767286,-73.95769143470261,39.29,19.57
2024-03-29 18:00:00,East City,East,35.72004562002239,139.69384504168679,28.2,22.07
2024-03-29 19:00:00,West City,West,51.39933480568488,-0.10367331450894074,19.93,19.18
2024-03-29 20:00:00,South City,South,34.0791166636335,-118.20115146283591,37.87,8.11
2024-03-29 21:00:00,West City,West,51.42479279340556,-0.17790519623152154,30.46,16.81
2024-03-29 22:00:00,West City,West,51.52553123457177,-0.16227222687546708,23.2,15.04
2024-03-29 23:00:00,West City,West,51.466932665760254,-0.17908616974873037,24.1,20.32
2024-03-30 00:00:00,South City,South,34.01490046097893,-118.34369873052823,41.62,29.79
2024-03-30 01:00:00,North City,North,40.69392995179733,-74.01489898744163,8.83,17.93
2024-03-30 02:00:00,West City,West,51.56103222085786,-0.06468940135535463,42.96,19.73
2024-03-30 03:00:00,North City,North,40.76415755179466,-73.96558202251671,22.04,30.23
2024-03-30 04:00:00,West City,West,51.49791008768674,-0.17212444947016087,21.13,23.25
2024-03-30 05:00:00,North City,North,40.7296912957966,-73.98810361500075,17.13,21.14
2024-03-30 06:00:00,East City,East,35.70370326035323,139.6679037594232,20.47,14.25
2024-03-30 07:00:00,East City,East,35.720676289941295,139.781970842321,14.13,16.55
2024-03-30 08:00:00,West City,West,51.573296885675646,-0.1570781015863351,24.05,30.91
2024-03-30 09:00:00,South City,South,34.00753752512408,-118.24540906644152,21.55,16.78
2024-03-30 10:00:00,West City,West,51.472753150070396,-0.060775924441352755,24.04,12.54
2024-03-30 11:00:00,North City,North,40.79950209772113,-73.98678953891752,17.76,11.75
2024-03-30 12:00:00,South City,South,34.06502512182397,-118.26948203765743,25.46,24.42
2024-03-30 13:00:00,East City,East,35.70040567775203,139.6228519172782,25.36,23.93
2024-03-30 14:00:00,West City,West,51.45791959438593,-0.023289265643141585,7.57,27.38
2024-03-30 15:00:00,North City,North,40.789927360568704,-74.07699385821354,27.18,13.54
2024-03-30 16:00:00,East City,East,35.71773670293293,139.7447876802779,10.43,8.43
2024-03-30 17:00:00,East City,East,35.677481748418366,139.64809427237458,30.1,16.97
2024-03-30 18:00:00,West City,West,51.53262890280938,-0.08677606902084514,27.06,17.62
2024-03-30 19:00:00,South City,South,34.04352277912193,-118.22290986371398,26.18,23.18
2024-03-30 20:00:00,South City,South,34.03011962949332,-118.2319961669614,33.2,22.88
2024-03-30 21:00:00,West City,West,51.50000918674621,-0.07425435283127063,28.76,23.2
2024-03-30 22:00:00,East City,East,35.670854850157426,139.72119258196622,24.68,22.35
2024-03-30 23:00:00,North City,North,40.67855939451306,-74.01071345353824,44.34,4.98
2024-03-31 00:00:00,West City,West,51.454212140773045,-0.08568732517975808,29.27,16.03
2024-03-31 01:00:00,North City,North,40.76498566766381,-73.99992162561436,41.97,12.74
2024-03-31 02:00:00,West City,West,51.468841839364075,-0.09436919440435346,39.53,13.16
2024-03-31 03:00:00,East City,East,35.681396894898164,139.75145887057556,15.08,27.07
2024-03-31 04:00:00,East City,East,35.67072943809197,139.6788535483841,44.77,22.95
2024-03-31 05:00:00,West City,West,51.54762898178688,-0.08636699392411341,41.76,8.68
2024-03-31 06:00:00,East City,East,35.61969974670798,139.70988166165807,13.92,6.65
2024-03-31 07:00:00,East City,East,35.683448948449524,139.72805856297668,48.48,24.93
2024-03-31 08:00:00,West City,West,51.51964865951252,-0.12424951948757598,42.79,3.65
2024-03-31 09:00:00,North City,North,40.707514098764946,-73.98070948671781,18.91,16.12
2024-03-31 10:00:00,West City,West,51.60275978633461,-0.16054325793280133,39.02,26.73
2024-03-31 11:00:00,South City,South,34.042165739081234,-118.26393479284317,48.48,26.33
2024-03-31 12:00:00,East City,East,35.731805626067526,139.64905085819743,28.97,12.8
2024-03-31 13:00:00,South City,South,34.0697250748411,-118.19118002320629,24.36,15.22
2024-03-31 14:00:00,East City,East,35.64796070184498,139.675380624102,17.06,9.25
2024-03-31 15:00:00,South City,South,34.012289696182094,-118.19277312861749,38.2,14.73
2024-03-31 16:00:00,North City,North,40.67728891297975,-74.0665389886999,35.96,20.18
2024-03-31 17:00:00,West City,West,51.4715826030432,-0.06613040337953094,35.85,22.28
2024-03-31 18:00:00,South City,South,34.06348739538056,-118.34787435926411,26.59,20.23
2024-03-31 19:00:00,West City,West,51.433782296924456,-0.09110247608178806,25.7,32.06
2024-03-31 20:00:00,South City,South,34.028035394884384,-118.21367817111872,34.47,15.79
2024-03-31 21:00:00,West City,West,51.5228110655792,-0.07424897639435821,21.5,19.62
2024-03-31 22:00:00,South City,South,34.040639968736805,-118.31549236946043,45.06,16.16
2024-03-31 23:00:00,North City,North,40.68832928827528,-74.14326497768361,26.24,14.07
2024-04-01 00:00:00,East City,East,35.76468992938856,139.69686856199942,23.34,10.46
2024-04-01 01:00:00,South City,South,34.09158727706557,-118.13681941853105,26.27,10.68
2024-04-01 02:00:00,West City,West,51.42159463936144,-0.1483216148141166,34.58,26.68
2024-04-01 03:00:00,South City,South,34.1148173181149,-118.18687722128377,38.77,15.82
2024-04-01 04:00:00,East City,East,35.701137301428474,139.75885902224277,33.04,0.85
2024-04-01 05:00:00,North City,North,40.67652861284083,-74.01334933250826,31.24,24.8
2024-04-01 06:00:00,East City,East,35.72989032292727,139.6897504531807,32.11,22.49
2024-04-01 07:00:00,East City,East,35.70762249407973,139.66620530235673,40.27,13.46
2024-04-01 08:00:00,West City,West,51.54396182505308,-0.1986796762934356,37.34,24.51
2024-04-01 09:00:00,East City,East,35.65648353691243,139.7068215572888,25.5,-2.32
2024-04-01 10:00:00,North City,North,40.66601462742654,-74.009895880262,20.3,14.53
2024-04-01 11:00:00,West City,West,51.47684574687616,-0.13983621519945252,29.24,28.48
2024-04-01 12:00:00,North City,North,40.681210851066474,-74.03234906598256,25.98,24.82
2024-04-01 13:00:00,North City,North,40.69801561412712,-73.97059350697523,28.62,7.68
2024-04-01 14:00:00,West City,West,51.46504644468856,-0.12671372091228975,32.8,13.43
2024-04-01 15:00:00,East City,East,35.69914309215751,139.7676211015326,41.23,22.74
2024-04-01 16:00:00,West City,West,51.53505963438621,-0.12346454249274491,19.16,26.29
2024-04-01 17:00:00,East City,East,35.69885920137443,139.678168662673,44.52,14.57
2024-04-01 18:00:00,West City,West,51.44653990864089,-0.11501460338613406,35.92,26.13
2024-04-01 19:00:00,North City,North,40.661437405624746,-74.08605905994058,31.87,20.72
2024-04-01 20:00:00,North City,North,40.7207818314276,-73.98174524844484,34.4,26.24
2024-04-01 21:00:00,South City,South,34.09019684909799,-118.20554499877261,13.32,13.39
2024-04-01 22:00:00,North City,North,40.701445319678,-73.96002645127365,18.57,7.29
2024-04-01 23:00:00,North City,North,40.73703673239845,-74.02108992466981,29.82,20.05
2024-04-02 00:00:00,North City,North,40.656575088338585,-74.06108685314325,1.92,16.9
2024-04-02 01:00:00,East City,East,35.69151652004446,139.6026287550224,37.47,19.6
2024-04-02 02:00:00,North City,North,40.67908569783907,-74.11685261958567,48.09,12.24
2024-04-02 03:00:00,North City,North,40.73553521982084,-74.00930829672733,17.15,15.68
2024-04-02 04:00:00,South City,South,34.13769543407039,-118.21032769880084,28.55,16.07
2024-04-02 05:00:00,South City,South,34.0461262990725,-118.22608239448431,34.55,9.4
2024-04-02 06:00:00,West City,West,51.45848895731728,-0.09636781461174043,26.74,26.28
2024-04-02 07:00:00,North City,North,40.776280663129995,-74.068257528798,17.23,26.1
2024-04-02 08:00:00,East City,East,35.682399591349316,139.70227810301395,31.94,14.1
2024-04-02 09:00:00,North City,North,40.74252051769786,-74.03354951954219,34.28,4.04
2024-04-02 10:00:00,West City,West,51.490176525526955,-0.05636744585713954,28.85,28.27
2024-04-02 11:00:00,West City,West,51.453617475821254,-0.11097084772704825,25.15,19.0
2024-04-02 12:00:00,West City,West,51.44688814390442,-0.1155165656682676,26.72,27.02
2024-04-02 13:00:00,North City,North,40.69800141033939,-73.97428580334089,32.31,30.71
2024-04-02 14:00:00,South City,South,33.95650416504018,-118.14161442542927,27.65,15.2
2024-04-02 15:00:00,West City,West,51.52739982764718,-0.11950704866006637,26.98,29.11
2024-04-02 16:00:00,North City,North,40.77786515929997,-74.09593193099806,24.05,20.67
2024-04-02 17:00:00,West City,West,51.545280546846314,-0.1696966791184858,31.25,9.54
2024-04-02 18:00:00,East City,East,35.621601816148484,139.70057087442322,15.96,24.9
2024-04-02 19:00:00,East City,East,35.69851525256688,139.64389321485206,38.23,20.35
2024-04-02 20:00:00,North City,North,40.73123762681639,-73.99749528956134,34.59,31.16
2024-04-02 21:00:00,West City,West,51.49959931702883,-0.06494575539473271,49.74,15.37
2024-04-02 22:00:00,North City,North,40.658325140392265,-73.9794312784964,41.49,18.39
2024-04-02 23:00:00,North City,North,40.609193244195176,-74.01624662371208,31.57,24.84
2024-04-03 00:00:00,South City,South,34.0538234995354,-118.29835608748908,19.24,11.71
2024-04-03 01:00:00,North City,North,40.71297524158343,-74.01700910570207,25.54,15.79
2024-04-03 02:00:00,West City,West,51.579704930928756,-0.13747578587628667,29.06,14.26
2024-04-03 03:00:00,South City,South,34.04339329011446,-118.32040623467245,21.93,14.79
2024-04-03 04:00:00,South City,South,34.15027745213929,-118.3139819416974,42.07,22.31
2024-04-03 05:00:00,North City,North,40.79099960774234,-73.96589216044185,31.56,10.29
2024-04-03 06:00:00,East City,East,35.714597109397864,139.7885871881635,34.04,15.65
2024-04-03 07:00:00,North City,North,40.69125018998901,-74.01793027658573,24.53,9.24
2024-04-03 08:00:00,South City,South,34.05074440594353,-118.26041823675824,14.68,7.68
2024-04-03 09:00:00,East City,East,35.7190858863391,139.7201687078412,25.17,8.84
2024-04-03 10:00:00,West City,West,51.54357072718916,-0.11728857042107371,24.33,19.95
2024-04-03 11:00:00,North City,North,40.74307022523814,-73.9823680118505,35.56,32.38
2024-04-03 12:00:00,East City,East,35.75122058659389,139.74205509873104,18.78,10.35
2024-04-03 13:00:00,West City,West,51.58032163517134,-0.12373119839909001,25.97,23.75
2024-04-03 14:00:00,South City,South,34.036672842659854,-118.20538552162456,33.26,24.38
2024-04-03 15:00:00,South City,South,34.05449804680244,-118.2558291518145,18.91,29.99
2024-04-03 16:00:00,East City,East,35.68334889913497,139.70845344140432,22.64,9.95
2024-04-03 17:00:00,East City,East,35.779929498356076,139.7365199670252,21.53,14.84
2024-04-03 18:00:00,East City,East,35.76531248867097,139.76199537758202,33.2,23.27
2024-04-03 19:00:00,South City,South,34.13284341853536,-118.19636908458348,25.57,16.11
2024-04-03 20:00:00,West City,West,51.55584039070317,-0.19868347006828502,37.81,0.26
2024-04-03 21:00:00,North City,North,40.78296893283493,-73.98433579332804,38.62,20.17
2024-04-03 22:00:00,North City,North,40.74547317544425,-73.9503356736114,47.29,11.77
2024-04-03 23:00:00,South City,South,34.000719451445526,-118.23235340280999,28.13,18.67
2024-04-04 00:00:00,North City,North,40.71474606734663,-74.10458104314282,26.57,39.3
2024-04-04 01:00:00,North City,North,40.6006889170628,-73.9643747609313,27.34,17.38
2024-04-04 02:00:00,North City,North,40.78433111028643,-73.95380215959955,40.74,15.39
2024-04-04 03:00:00,East City,East,35.70510310658634,139.7346135215091,30.6,18.87
2024-04-04 04:00:00,North City,North,40.62343035884968,-74.0079019889385,32.29,12.76
2024-04-04 05:00:00,South City,South,33.96688695900152,-118.22160331564558,47.47,3.58
2024-04-04 06:00:00,West City,West,51.492845164796094,-0.17532088891396455,11.03,26.75
2024-04-04 07:00:00,East City,East,35.645007761452945,139.64366102208774,38.68,19.59
2024-04-04 08:00:00,South City,South,34.06661609095912,-118.18214013596767,30.15,20.28
2024-04-04 09:00:00,West City,West,51.47577657918449,-0.17738863230396698,43.77,23.34
2024-04-04 10:00:00,South City,South,34.015192288849825,-118.23497497153949,29.74,13.99
2024-04-04 11:00:00,East City,East,35.69266916963189,139.6552804843379,25.13,17.93
2024-04-04 12:00:00,West City,West,51.48293702108641,-0.08893071667569993,26.39,15.4
2024-04-04 13:00:00,North City,North,40.768428205103746,-73.96841880194768,24.21,28.41
2024-04-04 14:00:00,North City,North,40.74247144368278,-74.02731969157573,24.31,19.77
2024-04-04 15:00:00,South City,South,34.03362689894561,-118.3324991123481,18.07,15.25
2024-04-04 16:00:00,East City,East,35.69000209416249,139.73222919950396,31.86,19.32
2024-04-04 17:00:00,East City,East,35.771613614058296,139.74191689718208,23.33,23.86
2024-04-04 18:00:00,West City,West,51.50447357369683,-0.18957787876840818,37.55,18.43
2024-04-04 19:00:00,East City,East,35.749358926573095,139.65314789214293,24.03,18.77
2024-04-04 20:00:00,South City,South,34.04377489797357,-118.29624245122585,25.16,13.93
2024-04-04 21:00:00,East City,East,35.70034721637979,139.7244395630834,31.08,7.71
2024-04-04 22:00:00,South City,South,34.005061067563325,-118.20623488483521,22.17,22.82
2024-04-04 23:00:00,South City,South,34.09047187471875,-118.1698139852349,43.61,18.45
2024-04-05 00:00:00,South City,South,34.10161502721748,-118.28949610451352,26.9,10.87
2024-04-05 01:00:00,West City,West,51.47235376839157,-0.10617103389575759,38.65,12.26
2024-04-05 02:00:00,South City,South,34.05875542815424,-118.2705446222202,28.36,29.8
2024-04-05 03:00:00,West City,West,51.538327817848895,-0.02851617944925801,26.96,15.81
2024-04-05 04:00:00,South City,South,33.994953600114734,-118.2239484344567,30.39,13.2
2024-04-05 05:00:00,West City,West,51.52049303296451,-0.06609150706043124,32.76,21.96
2024-04-05 06:00:00,South City,South,34.14473082922603,-118.21387236449644,24.89,8.73
2024-04-05 07:00:00,North City,North,40.73670189075962,-74.07798040653994,27.77,6.23
2024-04-05 08:00:00,East City,East,35.65666886209056,139.7566171881574,30.61,14.82
2024-04-05 09:00:00,South City,South,34.01681897315656,-118.21643052595377,26.55,16.51
2024-04-05 10:00:00,North City,North,40.73544976385454,-73.9812898531035,30.61,17.47
2024-04-05 11:00:00,North City,North,40.75868840988976,-74.02151980682378,39.88,21.21
2024-04-05 12:00:00,West City,West,51.46123949057277,-0.07502761171489837,7.39,19.63
2024-04-05 13:00:00,North City,North,40.82035513601449,-73.96748569743085,43.75,22.17
2024-04-05 14:00:00,North City,North,40.72922469311983,-73.94473548470751,21.25,14.55
2024-04-05 15:00:00,East City,East,35.56659152847255,139.64266175781688,25.61,10.03
2024-04-05 16:00:00,South City,South,34.03014637410939,-118.26194643867511,37.14,28.19
2024-04-05 17:00:00,South City,South,34.050643223084236,-118.22699005284142,32.78,6.62
2024-04-05 18:00:00,West City,West,51.52431579158726,-0.18451905878924535,34.3,18.13
2024-04-05 19:00:00,East City,East,35.68565672964982,139.75737365806626,35.63,17.25
2024-04-05 20:00:00,East City,East,35.63992007802084,139.56280344038626,16.52,13.38
2024-04-05 21:00:00,South City,South,34.04146896673074,-118.34494766674466,24.68,22.61
2024-04-05 22:00:00,South City,South,34.04121401225663,-118.28613927501556,36.31,27.92
2024-04-05 23:00:00,North City,North,40.72110703065392,-74.0634870727684,34.73,-1.06
2024-04-06 00:00:00,North City,North,40.73191588660214,-74.02889591275469,37.62,14.86
2024-04-06 01:00:00,West City,West,51.48580887252875,-0.18343522975032506,26.97,12.4
2024-04-06 02:00:00,East City,East,35.72317390764061,139.64036206904856,45.4,3.52
2024-04-06 03:00:00,East City,East,35.70081190443337,139.74759669113635,23.85,12.22
2024-04-06 04:00:00,North City,North,40.70904898101268,-74.06636573328609,35.84,18.38
2024-04-06 05:00:00,West City,West,51.55658677556978,-0.13944551037451222,14.59,18.65
2024-04-06 06:00:00,East City,East,35.602742068088425,139.71900445050616,16.98,9.3
2024-04-06 07:00:00,South City,South,34.06635654111597,-118.24880281953145,15.07,16.82
2024-04-06 08:00:00,North City,North,40.697642408051166,-73.95249811205328,25.27,20.58
2024-04-06 09:00:00,North City,North,40.774920465394814,-73.95775511404469,33.27,9.35
2024-04-06 10:00:00,North City,North,40.714327503968185,-73.97962762694415,17.46,19.52
2024-04-06 11:00:00,North City,North,40.6418307822102,-73.99480025155495,45.09,25.83
2024-04-06 12:00:00,West City,West,51.49960912223994,-0.14219688474803285,41.14,18.03
2024-04-06 13:00:00,North City,North,40.74496750897849,-73.94895152528719,32.42,17.29
2024-04-06 14:00:00,South City,South,33.916874077109256,-118.26723371181296,46.18,13.34
2024-04-06 15:00:00,West City,West,51.490669807273484,-0.09951835490566399,40.77,17.87
2024-04-06 16:00:00,East City,East,35.70875686414025,139.76000666194733,35.44,15.94
2024-04-06 17:00:00,West City,West,51.38524273473846,-0.12799311393959306,31.31,24.78
2024-04-06 18:00:00,East City,East,35.74430232047102,139.7599208004885,36.93,18.35
2024-04-06 19:00:00,North City,North,40.617132983263865,-74.05425227902882,36.69,17.22
2024-04-06 20:00:00,East City,East,35.70179935240641,139.7078170222239,36.91,4.97
2024-04-06 21:00:00,West City,West,51.53039973082065,-0.04153571715153276,42.46,9.08
2024-04-06 22:00:00,South City,South,34.06683395594109,-118.21510175326394,30.51,12.84
2024-04-06 23:00:00,West City,West,51.43288762383504,-0.12047928540786983,21.06,10.27
2024-04-07 00:00:00,North City,North,40.68509596018299,-74.09862785673798,34.11,9.36
2024-04-07 01:00:00,East City,East,35.66844848270688,139.616822551942,26.97,23.29
2024-04-07 02:00:00,East City,East,35.71000966850236,139.63926659845598,43.96,23.9
2024-04-07 03:00:00,West City,West,51.50985473656528,-0.19538537660123234,35.28,12.62
2024-04-07 04:00:00,South City,South,34.04142122564642,-118.27528525877065,41.55,16.7
2024-04-07 05:00:00,South City,South,34.0120567379883,-118.24196154927034,29.86,16.62
2024-04-07 06:00:00,East City,East,35.78626302815201,139.75187212696255,29.9,19.97
2024-04-07 07:00:00,East City,East,35.671148869263924,139.6721795406789,28.52,21.54
2024-04-07 08:00:00,East City,East,35.66572488071622,139.68732950658793,35.11,15.07
2024-04-07 09:00:00,North City,North,40.59591364297365,-73.95136907043715,40.02,20.8
2024-04-07 10:00:00,West City,West,51.52686511902613,-0.04776765215584386,43.18,19.88
2024-04-07 11:00:00,West City,West,51.478065270561906,-0.16535836098119394,29.06,18.06
2024-04-07 12:00:00,South City,South,33.99988969514619,-118.30306351128309,28.27,6.1
2024-04-07 13:00:00,East City,East,35.79207871609101,139.6490815937979,34.27,31.91
2024-04-07 14:00:00,North City,North,40.709861653952395,-73.99548214303144,49.37,32.8
2024-04-07 15:00:00,West City,West,51.51933689626456,-0.19149186625671022,48.88,11.24
2024-04-07 16:00:00,South City,South,34.05818619249986,-118.20474076196793,20.64,20.98
2024-04-07 17:00:00,East City,East,35.609894816518114,139.7223357365598,24.65,18.65
2024-04-07 18:00:00,East City,East,35.63015067937061,139.67710601970916,34.64,7.34
2024-04-07 19:00:00,North City,North,40.76944631936505,-73.90297886507777,42.23,6.32
2024-04-07 20:00:00,West City,West,51.55868637144792,-0.12383525234149319,12.45,18.36
2024-04-07 21:00:00,South City,South,34.10975486727244,-118.22093040279488,36.27,18.43
2024-04-07 22:00:00,South City,South,33.996001207005165,-118.26984684446937,19.21,23.9
2024-04-07 23:00:00,South City,South,34.062201689365615,-118.24705050208627,48.96,16.95
2024-04-08 00:00:00,South City,South,34.06634678154408,-118.22714657621175,14.48,22.64
2024-04-08 01:00:00,North City,North,40.641381778637495,-74.01527652511733,28.45,15.16
2024-04-08 02:00:00,South City,South,34.10443253178164,-118.34329498985787,35.32,22.53
2024-04-08 03:00:00,North City,North,40.719855724835284,-74.0822492470072,37.81,16.49
2024-04-08 04:00:00,East City,East,35.71366834704121,139.77432514820464,29.56,11.88
2024-04-08 05:00:00,South City,South,34.08198997377082,-118.30026304966951,35.69,18.37
2024-04-08 06:00:00,South City,South,33.93881238452745,-118.24241667724732,35.62,19.84
2024-04-08 07:00:00,West City,West,51.46015456386574,-0.09551011791981442,32.45,9.3
2024-04-08 08:00:00,South City,South,34.10207543931648,-118.18475224583663,41.47,4.59
2024-04-08 09:00:00,East City,East,35.69379081597782,139.69388958239315,22.04,7.69
2024-04-08 10:00:00,North City,North,40.68356364821136,-74.09436426020008,44.77,10.35
2024-04-08 11:00:00,South City,South,34.16965542790125,-118.19620554658754,28.28,16.97
2024-04-08 12:00:00,East City,East,35.697945750642944,139.76113922537374,32.14,8.03
2024-04-08 13:00:00,South City,South,34.06812531993007,-118.1481038380715,32.62,8.74
2024-04-08 14:00:00,East City,East,35.65563548324418,139.73824859429263,35.22,23.39
2024-04-08 15:00:00,South City,South,34.03861349800651,-118.33718658309775,25.3,28.49
2024-04-08 16:00:00,South City,South,34.02623490779805,-118.25353463849362,39.24,4.78
2024-04-08 17:00:00,North City,North,40.79764449097903,-73.90649852432404,23.72,16.6
2024-04-08 18:00:00,North City,North,40.764870314775955,-74.0974298158172,34.68,13.32
2024-04-08 19:00:00,West City,West,51.550145196131815,-0.12733023227120752,42.72,19.52
2024-04-08 20:00:00,West City,West,51.533500930529954,-0.14927529223683894,36.35,9.7
2024-04-08 21:00:00,West City,West,51.555051768254884,-0.10463877719999327,10.73,15.29
2024-04-08 22:00:00,North City,North,40.73914514143417,-74.08925016175404,19.57,23.49
2024-04-08 23:00:00,South City,South,34.04784923883409,-118.27285614156622,26.82,14.21
2024-04-09 00:00:00,South City,South,34.14897151413518,-118.28792165298508,21.32,22.7
2024-04-09 01:00:00,North City,North,40.65396674213073,-73.94346459408655,40.55,24.61
2024-04-09 02:00:00,West City,West,51.4076610321055,-0.12366387307477911,26.38,13.78
2024-04-09 03:00:00,East City,East,35.65516977340759,139.64941553442767,17.33,11.07
2024-04-09 04:00:00,West City,West,51.47824941255954,-0.1711869351570645,17.01,15.45
2024-04-09 05:00:00,South City,South,34.00380138048123,-118.26928908620626,28.23,19.35
2024-04-09 06:00:00,West City,West,51.51525823424701,-0.09424318842696085,41.19,16.18
2024-04-09 07:00:00,West City,West,51.44051629069561,-0.09719141906907079,41.06,16.28
2024-04-09 08:00:00,South City,South,34.05475634970657,-118.26253883564299,36.35,24.11
2024-04-09 09:00:00,North City,North,40.71915213460075,-74.05572796231657,31.92,7.01
2024-04-09 10:00:00,South City,South,34.04118868827192,-118.20610681983833,31.81,14.35
2024-04-09 11:00:00,West City,West,51.433031277679795,-0.12343975039813665,22.94,16.18
2024-04-09 12:00:00,South City,South,34.09675324847312,-118.29558764639697,26.96,21.07
2024-04-09 13:00:00,South City,South,33.98502496350877,-118.25236107156759,10.62,18.89
2024-04-09 14:00:00,West City,West,51.45576724918516,-0.13699557586743666,27.09,16.62
2024-04-09 15:00:00,North City,North,40.65638292148671,-73.94237583345756,31.65,24.76
2024-04-09 16:00:00,North City,North,40.751237901861046,-74.09794324170238,27.92,22.09
2024-04-09 17:00:00,East City,East,35.694662082934954,139.59320516032795,19.76,9.58
2024-04-09 18:00:00,North City,North,40.68081895305306,-74.07573621724713,27.71,21.49
2024-04-09 19:00:00,West City,West,51.41644744923487,-0.03437364059634544,40.97,9.8
2024-04-09 20:00:00,East City,East,35.76068205350184,139.63374760617796,20.71,13.6
2024-04-09 21:00:00,South City,South,34.000231419703454,-118.28711403659,36.06,15.24
2024-04-09 22:00:00,North City,North,40.7765231564906,-73.96520155533442,39.93,16.25
2024-04-09 23:00:00,South City,South,34.030278631639234,-118.21311992192253,28.97,27.55
2024-04-10 00:00:00,East City,East,35.72379528132311,139.66173267924054,41.26,19.23
2024-04-10 01:00:00,East City,East,35.679394935982295,139.6981112270752,30.83,20.03
2024-04-10 02:00:00,South City,South,33.93933035088945,-118.24849221853526,23.88,19.61
2024-04-10 03:00:00,North City,North,40.657146794940644,-73.98434680266294,17.92,20.88
2024-04-10 04:00:00,South City,South,34.087273585832584,-118.23939978024201,17.77,5.98
2024-04-10 05:00:00,West City,West,51.47655337648529,-0.12908595360902783,31.94,8.98
2024-04-10 06:00:00,South City,South,34.131049421834014,-118.19740403099968,14.02,13.47
2024-04-10 07:00:00,North City,North,40.754107280802025,-73.98991736702042,21.58,9.13
2024-04-10 08:00:00,West City,West,51.56795096296871,-0.09890750676660405,34.37,17.01
2024-04-10 09:00:00,North City,North,40.740872223043,-74.02935703491589,21.93,17.46
2024-04-10 10:00:00,West City,West,51.48107631445635,-0.10783571508758107,21.95,28.43
2024-04-10 11:00:00,South City,South,34.06134572818101,-118.33638661206096,21.44,9.7
2024-04-10 12:00:00,South City,South,33.95783420178406,-118.2475498156476,25.26,9.19
2024-04-10 13:00:00,South City,South,34.0688407967163,-118.23371519016874,9.93,10.57
2024-04-10 14:00:00,South City,South,34.12220678555663,-118.25406744967192,41.47,21.18
2024-04-10 15:00:00,West City,West,51.56731126966006,-0.14207708126536117,34.57,27.47
2024-04-10 16:00:00,East City,East,35.72620825510269,139.61119593776107,45.42,36.23
2024-04-10 17:00:00,East City,East,35.72757448694697,139.75272149547945,25.15,10.23
2024-04-10 18:00:00,North City,North,40.707154786043255,-74.01866847210695,27.35,8.06
2024-04-10 19:00:00,West City,West,51.4677432668193,-0.18733729003683358,33.11,10.19
2024-04-10 20:00:00,West City,West,51.517128902938346,-0.0771407884236352,16.16,18.11
2024-04-10 21:00:00,South City,South,34.05847726396499,-118.25277794607976,34.1,23.38
2024-04-10 22:00:00,West City,West,51.506623307598225,-0.2089046489085234,22.98,11.66
2024-04-10 23:00:00,North City,North,40.693420955437226,-74.08926923191206,27.81,19.64
2024-04-11 00:00:00,North City,North,40.742805093583904,-73.97886631073213,29.11,14.95
2024-04-11 01:00:00,East City,East,35.6398538759985,139.7148259619796,20.3,23.18
2024-04-11 02:00:00,West City,West,51.5338400255059,-0.1175448508774674,37.47,32.15
2024-04-11 03:00:00,West City,West,51.541281855096244,-0.12818370318422517,39.5,5.99
2024-04-11 04:00:00,North City,North,40.65940681656496,-74.00474394557244,25.65,14.49
2024-04-11 05:00:00,West City,West,51.47718552841954,-0.2062440646511694,28.74,19.56
2024-04-11 06:00:00,East City,East,35.68112558242298,139.67146752585649,42.18,25.24
2024-04-11 07:00:00,South City,South,33.97333858145402,-118.28620988729074,28.2,23.45
2024-04-11 08:00:00,East City,East,35.611407777499245,139.61956837028842,33.02,16.19
2024-04-11 09:00:00,East City,East,35.67764280452819,139.7081313057688,26.99,4.7
2024-04-11 10:00:00,East City,East,35.64985197774568,139.67619420846103,23.2,20.8
2024-04-11 11:00:00,West City,West,51.48632585014168,-0.06419007228749511,24.42,22.29
2024-04-11 12:00:00,West City,West,51.502784822592695,-0.14868403011451348,46.72,27.66
2024-04-11 13:00:00,North City,North,40.606954870402184,-73.94370430756908,41.78,6.29
2024-04-11 14:00:00,East City,East,35.61403802979682,139.73121151378396,45.38,12.87
2024-04-11 15:00:00,West City,West,51.49774223875752,-0.22671924582865421,44.94,19.41
2024-04-11 16:00:00,West City,West,51.497845169901076,-0.07975131252150136,46.84,9.51
2024-04-11 17:00:00,West City,West,51.469013099068526,-0.16588226194678818,22.33,25.0
2024-04-11 18:00:00,South City,South,34.026296442379916,-118.2519329689855,39.27,29.23
2024-04-11 19:00:00,North City,North,40.66357934769124,-74.16762827162562,24.82,14.23
2024-04-11 20:00:00,East City,East,35.613554333936555,139.71554260321184,35.15,20.28
2024-04-11 21:00:00,East City,East,35.67311906669673,139.7282982068697,45.35,3.58
2024-04-11 22:00:00,North City,North,40.72648299425737,-73.95147406231756,16.31,13.15
2024-04-11 23:00:00,South City,South,34.02316294547218,-118.24387404242866,7.52,10.12
2024-04-12 00:00:00,West City,West,51.48827722906647,-0.12540841178190643,27.76,25.12
2024-04-12 01:00:00,East City,East,35.712358776557856,139.72328176049103,42.55,26.76
2024-04-12 02:00:00,South City,South,34.01724841195353,-118.22832405593748,21.41,12.91
2024-04-12 03:00:00,South City,South,34.11407322958667,-118.16478286612514,37.95,32.04
2024-04-12 04:00:00,South City,South,34.05426374696715,-118.24293009394445,29.9,3.16
2024-04-12 05:00:00,West City,West,51.50381355090945,-0.11557823260104909,50.61,27.54
2024-04-12 06:00:00,North City,North,40.69270707766626,-73.98067183974653,14.67,10.98
2024-04-12 07:00:00,South City,South,34.10507136435571,-118.24774077865818,45.8,24.42
2024-04-12 08:00:00,South City,South,34.09457241053406,-118.20351778757588,27.97,17.19
2024-04-12 09:00:00,East City,East,35.683580996247294,139.74079585816344,9.49,24.63
2024-04-12 10:00:00,South City,South,34.05469988164638,-118.27638290191632,49.15,16.77
2024-04-12 11:00:00,North City,North,40.72730439498177,-74.00380497334383,24.32,21.59
2024-04-12 12:00:00,East City,East,35.585642044013206,139.6525188218971,41.29,17.71
2024-04-12 13:00:00,East City,East,35.640808583204596,139.65462522862947,34.29,10.43
2024-04-12 14:00:00,East City,East,35.679280644293684,139.74516615601462,28.86,18.48
2024-04-12 15:00:00,South City,South,33.97351854889415,-118.22509592606663,20.09,17.55
2024-04-12 16:00:00,North City,North,40.656843709395986,-74.06208990117989,37.34,17.93
2024-04-12 17:00:00,East City,East,35.65601223501051,139.74346982249023,32.82,7.99
2024-04-12 18:00:00,South City,South,34.054271609097846,-118.30791538658926,27.13,25.2
2024-04-12 19:00:00,West City,West,51.44341760758253,-0.18401000484734892,24.51,13.84
2024-04-12 20:00:00,East City,East,35.678465075827184,139.63839389377273,22.23,13.38
2024-04-12 21:00:00,East City,East,35.670059510727036,139.72338234820356,26.42,20.44
2024-04-12 22:00:00,North City,North,40.72152590347484,-73.97835521962438,49.14,21.68
2024-04-12 23:00:00,South City,South,34.04196463832388,-118.26302474451614,21.36,22.85
2024-04-13 00:00:00,East City,East,35.75645743375788,139.69063935125416,22.42,25.69
2024-04-13 01:00:00,North City,North,40.66923770940927,-74.00704197763856,23.15,17.8
2024-04-13 02:00:00,West City,West,51.49280029111421,-0.10416631914982782,36.52,1.68
2024-04-13 03:00:00,North City,North,40.746160946965226,-73.95681319780482,44.19,4.35
2024-04-13 04:00:00,East City,East,35.73967892954139,139.65377127498786,23.0,12.3
2024-04-13 05:00:00,East City,East,35.69955274936553,139.67442286292913,37.26,11.25
2024-04-13 06:00:00,East City,East,35.65749671081998,139.65120020344733,32.86,11.37
2024-04-13 07:00:00,South City,South,34.03539666517471,-118.23025975327805,29.7,21.67
2024-04-13 08:00:00,South City,South,33.96441210524441,-118.2329048064737,23.94,5.64
2024-04-13 09:00:00,West City,West,51.46461538999131,-0.17142716883877548,33.31,9.54
2024-04-13 10:00:00,South City,South,34.07825155783071,-118.23555722591081,26.44,25.62
2024-04-13 11:00:00,North City,North,40.672785335919635,-74.0068963984125,15.64,21.85
2024-04-13 12:00:00,South City,South,34.14730001835037,-118.21087142511234,30.72,27.43
2024-04-13 13:00:00,North City,North,40.70584672007654,-73.94275182201142,33.96,18.75
2024-04-13 14:00:00,North City,North,40.72374148590799,-74.01837842132058,29.54,19.27
2024-04-13 15:00:00,East City,East,35.72384137477265,139.67178364935592,32.48,10.51
2024-04-13 16:00:00,North City,North,40.78085436378126,-74.00366041188335,30.8,5.23
2024-04-13 17:00:00,North City,North,40.72993745027177,-73.9765331357633,19.5,10.32
2024-04-13 18:00:00,North City,North,40.748453877976814,-74.09751682505332,26.6,18.0
2024-04-13 19:00:00,North City,North,40.67927284192917,-74.01356987459707,38.44,20.21
2024-04-13 20:00:00,North City,North,40.68076986759716,-74.08659232167176,27.54,20.98
2024-04-13 21:00:00,East City,East,35.67567743731701,139.66946544333248,50.96,14.79
2024-04-13 22:00:00,South City,South,33.97226291582919,-118.26307260918334,28.55,9.87
2024-04-13 23:00:00,South City,South,34.14373719124156,-118.2190402155755,33.78,16.73
2024-04-14 00:00:00,East City,East,35.63480603856787,139.67337866596833,15.95,12.44
2024-04-14 01:00:00,North City,North,40.71570319150122,-73.943614385407,34.47,26.28
2024-04-14 02:00:00,West City,West,51.4949836275831,-0.12253846136102868,50.12,37.22
2024-04-14 03:00:00,North City,North,40.79606261169724,-74.01493534422818,39.44,19.37
2024-04-14 04:00:00,West City,West,51.49269881308794,-0.16500134112549186,18.85,7.32
2024-04-14 05:00:00,East City,East,35.601912204160506,139.74814163734717,31.83,10.13
2024-04-14 06:00:00,West City,West,51.54492480003882,-0.14693636196653864,36.71,11.08
2024-04-14 07:00:00,West City,West,51.56162387624286,-0.13839447655991213,41.11,23.29
2024-04-14 08:00:00,East City,East,35.68382481952722,139.70844430695607,43.63,9.03
2024-04-14 09:00:00,West City,West,51.59223955493701,-0.1845612677944221,25.43,19.58
2024-04-14 10:00:00,South City,South,33.98399048864262,-118.13686371821424,7.41,18.74
2024-04-14 11:00:00,South City,South,34.06303598210614,-118.31454117639747,31.24,29.19
2024-04-14 12:00:00,South City,South,33.994898728625856,-118.16164248648803,38.48,23.58
2024-04-14 13:00:00,East City,East,35.66532654900113,139.72600608043868,27.68,16.74
2024-04-14 14:00:00,West City,West,51.55196239021911,-0.10398223221491924,48.64,21.44
2024-04-14 15:00:00,West City,West,51.4820955354404,-0.1844521173688731,31.64,12.8
2024-04-14 16:00:00,East City,East,35.61768896442424,139.70493803941338,28.01,17.57
2024-04-14 17:00:00,West City,West,51.52005927175703,-0.16199607626747375,28.24,18.72
2024-04-14 18:00:00,East City,East,35.73386367031988,139.74588061651517,38.6,22.51
2024-04-14 19:00:00,North City,North,40.68420357269008,-73.96523379165954,21.6,13.27
2024-04-14 20:00:00,North City,North,40.883730608968456,-74.0836024227945,40.12,34.26
2024-04-14 21:00:00,South City,South,34.05383431172193,-118.24237464103123,28.22,11.83
2024-04-14 22:00:00,South City,South,34.10405836686312,-118.2302927946595,22.06,5.66
2024-04-14 23:00:00,South City,South,34.01943362383996,-118.23395161470047,18.85,18.51
2024-04-15 00:00:00,South City,South,34.11245155378254,-118.18595098854011,32.87,12.18
2024-04-15 01:00:00,North City,North,40.642605332429994,-73.98348405866096,45.57,10.7
2024-04-15 02:00:00,North City,North,40.66641798810331,-73.98542394418334,16.38,35.06
2024-04-15 03:00:00,East City,East,35.71405019729789,139.70819115304343,0.53,29.23
2024-04-15 04:00:00,West City,West,51.516229851695286,-0.20886617697326937,27.78,8.87
2024-04-15 05:00:00,North City,North,40.77383763016274,-73.91906008195245,24.96,10.59
2024-04-15 06:00:00,East City,East,35.79206081095095,139.64550514417397,45.25,8.42
2024-04-15 07:00:00,West City,West,51.46481913799066,-0.07949373372348442,28.07,8.62
2024-04-15 08:00:00,North City,North,40.67433842877923,-74.02486267560512,32.25,27.43
2024-04-15 09:00:00,South City,South,34.067949376771026,-118.2124954908408,34.88,29.93
2024-04-15 10:00:00,West City,West,51.571131718502244,-0.1720460614599527,26.67,20.21
2024-04-15 11:00:00,East City,East,35.70762715455465,139.74983240293432,14.24,20.76
2024-04-15 12:00:00,West City,West,51.493986248739674,-0.1399313052757058,29.41,12.57
2024-04-15 13:00:00,East City,East,35.75825272455824,139.63481776978654,44.57,9.01
2024-04-15 14:00:00,West City,West,51.50578841556193,-0.2030392446052709,27.18,6.37
2024-04-15 15:00:00,South City,South,33.991012757667185,-118.36757530593145,29.26,15.13
2024-04-15 16:00:00,South City,South,34.02909091717092,-118.27697731583476,27.01,11.86
2024-04-15 17:00:00,West City,West,51.524149177774895,-0.03580445004155583,10.81,24.05
2024-04-15 18:00:00,East City,East,35.65740711904651,139.69829517643652,61.46,28.81
2024-04-15 19:00:00,East City,East,35.734222942155256,139.70841873734366,28.92,17.21
2024-04-15 20:00:00,West City,West,51.55258479544513,-0.15167016641741315,32.33,15.61
2024-04-15 21:00:00,East City,East,35.702935272647345,139.66595338185093,40.23,20.12
2024-04-15 22:00:00,North City,North,40.66852352116773,-74.0241627202255,27.01,22.96
2024-04-15 23:00:00,West City,West,51.54867072989115,-0.2141106980978945,40.03,21.84
2024-04-16 00:00:00,West City,West,51.47400375348042,-0.23514104660834104,32.82,18.42
2024-04-16 01:00:00,East City,East,35.631211469141654,139.78454218314246,15.7,1.77
2024-04-16 02:00:00,North City,North,40.687114326914376,-73.99295391715967,0.0,15.78
2024-04-16 03:00:00,West City,West,51.53174210344837,-0.043938020351277154,34.5,13.87
2024-04-16 04:00:00,East City,East,35.62467914904632,139.65317821479715,32.32,10.16
2024-04-16 05:00:00,East City,East,35.66575326888894,139.65908667484484,27.15,24.7
2024-04-16 06:00:00,North City,North,40.756468985155166,-73.98907497567849,8.15,26.72
2024-04-16 07:00:00,East City,East,35.704648593679366,139.66224198060056,27.39,18.07
2024-04-16 08:00:00,East City,East,35.71276128413468,139.7654416985108,19.14,8.64
2024-04-16 09:00:00,West City,West,51.530554846533185,-0.15234132399570244,30.76,5.62
2024-04-16 10:00:00,East City,East,35.783721550895265,139.66000042707697,26.45,16.43
2024-04-16 11:00:00,South City,South,34.06292316337338,-118.24851923181575,42.97,17.44
2024-04-16 12:00:00,South City,South,34.02273905306462,-118.26795120701746,47.69,20.31
2024-04-16 13:00:00,East City,East,35.62842857507905,139.6772497223228,30.01,4.44
2024-04-16 14:00:00,East City,East,35.847276893869285,139.71738299844353,40.7,25.75
2024-04-16 15:00:00,East City,East,35.703546424847396,139.73214943046145,33.16,27.56
2024-04-16 16:00:00,North City,North,40.72624709813746,-73.92159522281932,32.13,10.37
2024-04-16 17:00:00,East City,East,35.72930899474881,139.65386077906263,33.77,21.42
2024-04-16 18:00:00,South City,South,34.061534338665204,-118.3199907491308,23.7,8.75
2024-04-16 19:00:00,East City,East,35.710807827982315,139.64268058742582,48.89,18.08
2024-04-16 20:00:00,South City,South,34.10131356176858,-118.24392358347147,12.17,5.0
2024-04-16 21:00:00,East City,East,35.65130262988779,139.65519942385677,24.76,14.09
2024-04-16 22:00:00,North City,North,40.73380085709742,-73.99679879276164,40.37,36.35
2024-04-16 23:00:00,West City,West,51.4188288724278,-0.18929415576432704,41.77,30.84
2024-04-17 00:00:00,South City,South,34.11318319254712,-118.20234861995846,39.75,34.33
2024-04-17 01:00:00,East City,East,35.693796330466625,139.71697097795374,22.12,10.59
2024-04-17 02:00:00,North City,North,40.76273864844299,-73.94685223121223,29.91,14.09
2024-04-17 03:00:00,South City,South,34.02765967667518,-118.30024936942428,27.53,10.09
2024-04-17 04:00:00,East City,East,35.657631449101444,139.731564282958,36.97,22.52
2024-04-17 05:00:00,South City,South,34.083144240893255,-118.187450644681,37.93,15.47
2024-04-17 06:00:00,West City,West,51.48338782400754,-0.05830681488246711,38.59,12.33
2024-04-17 07:00:00,West City,West,51.514534420610076,-0.04761490722665347,33.81,22.83
2024-04-17 08:00:00,South City,South,34.04053348363721,-118.17048986844088,23.19,16.06
2024-04-17 09:00:00,North City,North,40.72614980484288,-74.02021441138847,13.31,22.99
2024-04-17 10:00:00,North City,North,40.745246552801646,-73.9770525398049,40.03,11.68
2024-04-17 11:00:00,West City,West,51.676288412064466,-0.1020140190414932,32.3,12.93
2024-04-17 12:00:00,West City,West,51.543094585104654,-0.19082648114719658,31.97,18.3
2024-04-17 13:00:00,North City,North,40.72029153642914,-73.93272849228362,23.1,17.22
2024-04-17 14:00:00,North City,North,40.724422314379396,-74.03319124336038,19.88,16.73
2024-04-17 15:00:00,East City,East,35.62243701363816,139.71862515783195,43.85,19.76
2024-04-17 16:00:00,West City,West,51.55165471599391,-0.025290030397499275,30.69,13.21
2024-04-17 17:00:00,North City,North,40.700704017063146,-74.04656892504478,49.94,21.11
2024-04-17 18:00:00,North City,North,40.60667787515874,-74.01114761839636,16.47,17.49
2024-04-17 19:00:00,East City,East,35.66683702370265,139.77762198078014,27.73,22.54
2024-04-17 20:00:00,South City,South,34.03663705925222,-118.21977755697854,42.47,14.89
2024-04-17 21:00:00,West City,West,51.551503740764474,-0.13897555295078448,25.32,25.17
2024-04-17 22:00:00,West City,West,51.45390801519422,-0.10525384571212079,30.11,9.85
2024-04-17 23:00:00,East City,East,35.679341573550765,139.6836673356817,15.7,8.05
2024-04-18 00:00:00,South City,South,34.06965936139274,-118.22800323275173,24.42,16.79
2024-04-18 01:00:00,North City,North,40.728076198311335,-74.01719436276781,31.77,23.92
2024-04-18 02:00:00,East City,East,35.78699782596937,139.69936625896312,30.61,13.6
2024-04-18 03:00:00,North City,North,40.71871751005617,-74.04616802163828,21.66,13.16
2024-04-18 04:00:00,South City,South,34.0239356237193,-118.22813975937775,31.3,15.61
2024-04-18 05:00:00,North City,North,40.672206016556665,-73.97041891329079,38.18,15.34
2024-04-18 06:00:00,East City,East,35.70747838691441,139.69881135583296,14.58,24.95
2024-04-18 07:00:00,West City,West,51.527509891245614,-0.11537274474405064,23.58,3.81
2024-04-18 08:00:00,East City,East,35.71932671657459,139.70560136516696,29.16,16.8
2024-04-18 09:00:00,East City,East,35.71946055855732,139.70071313969507,35.91,16.68
2024-04-18 10:00:00,East City,East,35.66283336386423,139.67018629391552,39.97,15.63
2024-04-18 11:00:00,West City,West,51.49396610612375,-0.11041632288775002,29.18,21.95
2024-04-18 12:00:00,North City,North,40.662204046811134,-73.88487717885394,35.53,-0.91
2024-04-18 13:00:00,East City,East,35.76690371992721,139.68829885546475,43.27,-0.76
2024-04-18 14:00:00,North City,North,40.64471376117122,-73.94616223378455,15.72,21.25
2024-04-18 15:00:00,North City,North,40.68372096183864,-74.04877638439703,39.61,6.29
2024-04-18 16:00:00,South City,South,34.10838865541743,-118.20403693301361,33.2,3.49
2024-04-18 17:00:00,West City,West,51.524854900120275,-0.152801933827464,16.88,25.37
2024-04-18 18:00:00,East City,East,35.7808781626037,139.59003484671973,30.44,20.08
2024-04-18 19:00:00,East City,East,35.67736357053445,139.69783644538526,26.74,18.79
2024-04-18 20:00:00,East City,East,35.66316991358558,139.63757047961678,13.31,25.76
2024-04-18 21:00:00,East City,East,35.627041469017655,139.67421848618866,32.62,20.63
2024-04-18 22:00:00,West City,West,51.46723815647919,-0.2230000040848423,33.51,22.73
2024-04-18 23:00:00,East City,East,35.6707688590337,139.66769152078965,30.15,20.35
2024-04-19 00:00:00,North City,North,40.7670678562156,-74.01762068060586,27.62,16.73
2024-04-19 01:00:00,South City,South,34.0133861758016,-118.10200538840313,32.37,15.09
2024-04-19 02:00:00,West City,West,51.44395238432709,-0.14492745139161295,26.66,16.25
2024-04-19 03:00:00,West City,West,51.495346838876706,-0.14950166771618,25.25,13.35
2024-04-19 04:00:00,East City,East,35.72580413661285,139.8212046088877,33.77,-0.99
2024-04-19 05:00:00,South City,South,34.06926171858417,-118.1497861324128,34.72,24.37
2024-04-19 06:00:00,North City,North,40.6708790690156,-73.98507103335318,37.97,6.08
2024-04-19 07:00:00,East City,East,35.6283624860631,139.64591838518209,43.16,-2.36
2024-04-19 08:00:00,West City,West,51.53585431447449,-0.1802295647138145,16.81,25.61
2024-04-19 09:00:00,West City,West,51.478082959934994,-0.16857884272190896,38.49,29.23
2024-04-19 10:00:00,South City,South,34.014310507608904,-118.3142423801389,19.05,12.4
2024-04-19 11:00:00,South City,South,34.06596981170716,-118.19801441738288,23.59,25.77
2024-04-19 12:00:00,West City,West,51.544302226469576,-0.14200339800819972,13.28,13.0
2024-04-19 13:00:00,North City,North,40.66033883749765,-73.97177126374821,34.9,24.47
2024-04-19 14:00:00,West City,West,51.37948560703367,-0.14119546241827782,11.89,14.34
2024-04-19 15:00:00,West City,West,51.448152402938696,-0.047553274912304905,31.71,10.0
2024-04-19 16:00:00,South City,South,34.01719795524668,-118.23312160500318,27.23,20.5
2024-04-19 17:00:00,South City,South,34.05577690812253,-118.1897702441944,24.89,27.99
2024-04-19 18:00:00,South City,South,34.08862220164973,-118.23870082215927,18.46,25.67
2024-04-19 19:00:00,East City,East,35.68297122713524,139.71476653565176,42.16,12.96
2024-04-19 20:00:00,East City,East,35.70844359428447,139.71294426516968,26.54,10.31
2024-04-19 21:00:00,North City,North,40.65036557572857,-74.03065616257898,22.53,15.2
2024-04-19 22:00:00,West City,West,51.416608750014944,-0.06906771349957255,32.75,9.36
2024-04-19 23:00:00,South City,South,33.97035990678446,-118.11753133343002,30.13,24.07
2024-04-20 00:00:00,South City,South,34.16474691542654,-118.2141034297801,42.32,22.16
2024-04-20 01:00:00,West City,West,51.49422222239917,-0.1644353394548587,41.44,6.95
2024-04-20 02:00:00,West City,West,51.46637985046553,-0.1043362548029348,15.07,23.08
2024-04-20 03:00:00,East City,East,35.67114429149639,139.6932794503076,34.78,11.58
2024-04-20 04:00:00,West City,West,51.49943179567023,-0.17351402920035353,16.34,18.71
2024-04-20 05:00:00,North City,North,40.66466125743665,-74.01503611450909,42.78,20.74
2024-04-20 06:00:00,West City,West,51.56159179449554,-0.12900890787105615,13.88,29.7
2024-04-20 07:00:00,East City,East,35.81080890019209,139.71011760019204,44.94,15.69
2024-04-20 08:00:00,North City,North,40.70303928894191,-74.00224403119691,12.14,17.87
2024-04-20 09:00:00,East City,East,35.66001903687198,139.58680476578556,37.19,16.88
2024-04-20 10:00:00,West City,West,51.51767747294262,-0.20373621480401716,28.66,30.9
2024-04-20 11:00:00,North City,North,40.73829436239606,-73.97011306466705,45.1,-2.77
2024-04-20 12:00:00,West City,West,51.51183833429272,-0.11123353739695963,42.45,23.87
2024-04-20 13:00:00,North City,North,40.749719922453025,-73.96368757457138,15.44,32.73
2024-04-20 14:00:00,South City,South,34.02981255388713,-118.33773356721278,56.28,29.76
2024-04-20 15:00:00,West City,West,51.533522260546334,-0.150229843655456,44.66,25.65
2024-04-20 16:00:00,East City,East,35.68293821953267,139.70149475589218,29.26,20.23
2024-04-20 17:00:00,North City,North,40.738232527177374,-73.95748921288644,12.41,21.39
2024-04-20 18:00:00,West City,West,51.49352150464981,-0.10051591809048321,23.37,20.03
2024-04-20 19:00:00,South City,South,33.996992727166806,-118.29159639197476,30.17,15.44
2024-04-20 20:00:00,West City,West,51.557003889433126,-0.12972171298694005,29.09,7.66
2024-04-20 21:00:00,North City,North,40.781579538032624,-74.00176961281436,27.82,27.64
2024-04-20 22:00:00,East City,East,35.728049938075216,139.6928409156915,46.29,13.13
2024-04-20 23:00:00,East City,East,35.65802028840681,139.63007054679156,24.97,10.9
2024-04-21 00:00:00,West City,West,51.54187948429881,-0.11166843001872032,24.07,7.99
2024-04-21 01:00:00,West City,West,51.564538763333374,-0.14493105649238563,30.26,18.94
2024-04-21 02:00:00,East City,East,35.68977301887866,139.7408524326453,20.31,27.5
2024-04-21 03:00:00,North City,North,40.769839290022624,-73.99134955963707,50.02,18.31
2024-04-21 04:00:00,East City,East,35.66613293868265,139.6529305069901,14.14,11.32
2024-04-21 05:00:00,East City,East,35.639758450431536,139.68041133636422,31.03,16.12
2024-04-21 06:00:00,West City,West,51.482981737518145,-0.1436069614819828,30.23,15.08
2024-04-21 07:00:00,East City,East,35.66449236593927,139.71830112161365,35.29,27.49
2024-04-21 08:00:00,West City,West,51.48741097173706,-0.09447877641570815,21.34,17.91
2024-04-21 09:00:00,West City,West,51.46255591892828,-0.1313364449760504,32.34,21.74
2024-04-21 10:00:00,North City,North,40.751415102753455,-73.99805870503951,19.92,6.53
2024-04-21 11:00:00,West City,West,51.5510533033166,-0.09735077767537824,28.91,17.19
2024-04-21 12:00:00,West City,West,51.4576408700793,-0.12121406155596796,12.59,20.47
2024-04-21 13:00:00,South City,South,33.97369089501313,-118.16727900767135,46.68,20.14
2024-04-21 14:00:00,East City,East,35.69479439337966,139.58979995152237,37.81,9.83
2024-04-21 15:00:00,West City,West,51.51081033913014,-0.08690039503713315,34.14,19.7
2024-04-21 16:00:00,South City,South,34.01149412465295,-118.28118039378282,26.79,18.34
2024-04-21 17:00:00,West City,West,51.65213420652366,-0.12182010227125706,19.64,16.69
2024-04-21 18:00:00,South City,South,33.99952429193763,-118.17503118040604,32.11,22.15
2024-04-21 19:00:00,West City,West,51.4900249850147,-0.16991478583850345,15.69,17.51
2024-04-21 20:00:00,South City,South,33.96636013148786,-118.32926212255676,53.15,19.45
2024-04-21 21:00:00,South City,South,34.09917644860817,-118.32987022103569,34.06,14.5
2024-04-21 22:00:00,West City,West,51.53571400983861,-0.07708668351211323,21.58,15.31
2024-04-21 23:00:00,South City,South,34.118346308016775,-118.27128375690233,45.76,18.13
2024-04-22 00:00:00,East City,East,35.665542559284766,139.72456960239575,34.02,23.94
2024-04-22 01:00:00,East City,East,35.77304252647219,139.8019425361039,15.32,17.75
2024-04-22 02:00:00,North City,North,40.68627955128852,-74.10539484397557,20.28,15.33
2024-04-22 03:00:00,South City,South,34.08447990394798,-118.2085017661603,27.16,28.97
2024-04-22 04:00:00,East City,East,35.8258413397331,139.63062793568517,50.35,28.33
2024-04-22 05:00:00,North City,North,40.65997092822114,-73.9812607282335,44.29,14.08
2024-04-22 06:00:00,West City,West,51.58843870417044,-0.14722716246915216,25.5,27.02
2024-04-22 07:00:00,West City,West,51.43520355387538,-0.12683545598130286,34.33,6.77
2024-04-22 08:00:00,North City,North,40.73479523718855,-73.95223604520822,28.55,17.45
2024-04-22 09:00:00,North City,North,40.69810228038929,-73.99596529373785,18.83,24.47
2024-04-22 10:00:00,West City,West,51.44576472397357,-0.09435577866647221,18.72,11.58
2024-04-22 11:00:00,North City,North,40.774410211870695,-73.98413136629102,34.69,19.07
2024-04-22 12:00:00,West City,West,51.486042482290884,-0.1184880644610978,40.77,10.3
2024-04-22 13:00:00,South City,South,34.10698196690412,-118.24434180792026,9.74,12.66
2024-04-22 14:00:00,East City,East,35.65322707537175,139.71858099017598,23.5,18.4
2024-04-22 15:00:00,West City,West,51.48957864397374,-0.2040592718331099,34.08,11.97
2024-04-22 16:00:00,North City,North,40.647548770718466,-73.98895921875136,27.12,12.23
2024-04-22 17:00:00,West City,West,51.53513320486844,-0.19433200769230105,19.95,20.3
2024-04-22 18:00:00,West City,West,51.46623431817734,-0.15634286571861564,17.94,13.45
2024-04-22 19:00:00,South City,South,34.03420444532166,-118.14214206434634,28.19,13.0
2024-04-22 20:00:00,West City,West,51.520987663237996,-0.1994774726135194,37.85,17.67
2024-04-22 21:00:00,West City,West,51.44863599417018,-0.16152435871903859,32.69,10.8
2024-04-22 22:00:00,East City,East,35.633016318224726,139.68990056985712,32.21,13.79
2024-04-22 23:00:00,East City,East,35.65501722475496,139.68903937818635,35.43,5.35
2024-04-23 00:00:00,North City,North,40.72013425882745,-74.08284954686472,33.96,15.0
2024-04-23 01:00:00,West City,West,51.52858228942666,-0.15596488337729414,47.32,6.19
2024-04-23 02:00:00,South City,South,34.06773462750216,-118.25248350603833,0.58,8.01
2024-04-23 03:00:00,South City,South,34.058897094147596,-118.2742846560851,37.15,20.16
2024-04-23 04:00:00,North City,North,40.61315030189211,-74.04621004373122,20.75,16.47
2024-04-23 05:00:00,East City,East,35.74673324921244,139.6866324844808,38.35,8.56
2024-04-23 06:00:00,West City,West,51.57727573659537,-0.1915318442927741,29.87,29.91
2024-04-23 07:00:00,South City,South,34.02014441729236,-118.16075651527724,37.92,14.0
2024-04-23 08:00:00,East City,East,35.655535737651775,139.68153046635666,19.46,23.09
2024-04-23 09:00:00,North City,North,40.656640142983015,-73.96584697556706,30.2,7.64
2024-04-23 10:00:00,North City,North,40.65491549684729,-73.94917523213549,34.67,17.52
2024-04-23 11:00:00,South City,South,34.01063560522591,-118.2682474474866,25.98,-2.96
2024-04-23 12:00:00,North City,North,40.633776905931825,-74.065491802908,39.52,15.79
2024-04-23 13:00:00,East City,East,35.70134523148377,139.68658826679072,32.93,14.78
2024-04-23 14:00:00,East City,East,35.7071048812161,139.7669965012,27.77,15.17
2024-04-23 15:00:00,West City,West,51.526652758396885,-0.2631782846836054,30.78,28.81
2024-04-23 16:00:00,East City,East,35.73788368876041,139.66515110679774,32.83,8.29
2024-04-23 17:00:00,North City,North,40.81940928334032,-73.97255298406021,41.59,14.91
2024-04-23 18:00:00,West City,West,51.47876264484623,-0.15052540236771372,29.51,16.22
2024-04-23 19:00:00,North City,North,40.716668186514205,-73.96153682876205,36.43,23.04
2024-04-23 20:00:00,East City,East,35.66115222878561,139.7215532292877,26.32,22.49
2024-04-23 21:00:00,South City,South,34.10354127977935,-118.25681617981496,27.75,15.55
2024-04-23 22:00:00,South City,South,34.076544372205554,-118.24552098117046,33.88,17.46
2024-04-23 23:00:00,West City,West,51.52996737739323,-0.1868596769714749,25.94,11.37
2024-04-24 00:00:00,North City,North,40.7253911507331,-73.981596142374,43.85,15.14
2024-04-24 01:00:00,East City,East,35.72981800503104,139.65947426404202,35.14,14.37
2024-04-24 02:00:00,East City,East,35.60245357099648,139.73098520281317,25.53,11.72
2024-04-24 03:00:00,North City,North,40.68298376554541,-73.97956825923328,36.38,19.49
2024-04-24 04:00:00,North City,North,40.82142527945873,-74.0067204579334,19.55,19.29
2024-04-24 05:00:00,North City,North,40.66781611588585,-74.0346344595214,51.85,14.19
2024-04-24 06:00:00,South City,South,33.96663368907954,-118.31821008923907,38.18,22.62
2024-04-24 07:00:00,South City,South,34.03910274967878,-118.36050348025107,43.06,13.01
2024-04-24 08:00:00,West City,West,51.47959461561784,-0.17157961053385437,25.88,11.04
2024-04-24 09:00:00,South City,South,34.095493077916686,-118.19026563231706,46.79,1.59
2024-04-24 10:00:00,South City,South,34.11557044750889,-118.31024035039226,34.55,17.87
2024-04-24 11:00:00,South City,South,34.106326850434144,-118.27670739336683,40.75,25.77
2024-04-24 12:00:00,North City,North,40.765555416035745,-74.07814487721681,40.23,14.74
2024-04-24 13:00:00,North City,North,40.721557722033324,-74.0418341953968,45.44,9.7
2024-04-24 14:00:00,South City,South,34.07831795276455,-118.34438347855176,11.09,12.73
2024-04-24 15:00:00,East City,East,35.714312428312276,139.7658416433193,33.47,15.64
2024-04-24 16:00:00,East City,East,35.70569218617058,139.67963124137856,18.73,28.23
2024-04-24 17:00:00,North City,North,40.677865153237065,-74.00693537476386,50.36,23.27
2024-04-24 18:00:00,North City,North,40.616214180993026,-74.0514886702172,10.03,15.28
2024-04-24 19:00:00,East City,East,35.729019553826774,139.71772562483142,21.95,28.91
2024-04-24 20:00:00,East City,East,35.70109016525596,139.66292364157317,21.84,32.85
2024-04-24 21:00:00,South City,South,34.07830907979568,-118.1728218888048,27.96,23.04
2024-04-24 22:00:00,East City,East,35.60177784533713,139.82448802244562,32.41,34.35
2024-04-24 23:00:00,West City,West,51.53058615287785,-0.18617504119403572,28.5,25.79
2024-04-25 00:00:00,West City,West,51.44833330096339,-0.044713543484699164,37.8,14.44
2024-04-25 01:00:00,East City,East,35.70027057013651,139.68340536585768,38.0,21.74
2024-04-25 02:00:00,West City,West,51.55065190725654,-0.11872379537059262,32.12,20.93
2024-04-25 03:00:00,North City,North,40.76007486523297,-74.00996981906927,22.41,12.25
2024-04-25 04:00:00,North City,North,40.72126690230281,-74.06280796413358,10.05,19.72
2024-04-25 05:00:00,West City,West,51.514256670065954,-0.057514067830286716,10.84,10.79
2024-04-25 06:00:00,South City,South,34.12498534641181,-118.24395041022811,26.48,16.18
2024-04-25 07:00:00,East City,East,35.6439203311707,139.74120306153583,29.57,18.52
2024-04-25 08:00:00,West City,West,51.488650117575126,-0.12561412742584582,8.42,21.37
2024-04-25 09:00:00,West City,West,51.48585200466499,-0.25246750242413424,23.74,21.18
2024-04-25 10:00:00,South City,South,34.00715345275753,-118.13944377693615,41.56,13.83
2024-04-25 11:00:00,East City,East,35.65652522815808,139.70022423403483,31.06,22.95
2024-04-25 12:00:00,West City,West,51.42703142148334,-0.19239116226175196,29.17,24.06
2024-04-25 13:00:00,East City,East,35.63963113146255,139.80581711691133,30.51,9.4
2024-04-25 14:00:00,North City,North,40.85073886239056,-74.01958247762035,32.48,17.34
2024-04-25 15:00:00,North City,North,40.73847606846274,-73.90988877198653,28.95,8.24
2024-04-25 16:00:00,West City,West,51.57301747096749,-0.2069163111628276,23.96,27.23
2024-04-25 17:00:00,West City,West,51.50817023407788,-0.16645502279695354,35.47,27.3
2024-04-25 18:00:00,South City,South,34.13108490493463,-118.29518525616557,26.69,23.66
2024-04-25 19:00:00,West City,West,51.58146182958118,-0.08985761170806017,16.9,21.37
2024-04-25 20:00:00,South City,South,34.05616451186778,-118.20248109078878,34.52,3.96
2024-04-25 21:00:00,North City,North,40.627382051688045,-74.07790371757451,32.29,8.58
2024-04-25 22:00:00,West City,West,51.44883769284813,-0.032012471765172607,23.91,11.36
2024-04-25 23:00:00,East City,East,35.71741160534392,139.68306868234959,30.52,18.89
2024-04-26 00:00:00,South City,South,34.06865351454645,-118.31927826391852,44.11,8.96
2024-04-26 01:00:00,East City,East,35.70502812418522,139.70266194587452,24.12,11.78
2024-04-26 02:00:00,North City,North,40.68348274778704,-73.962061751917,11.7,19.7
2024-04-26 03:00:00,East City,East,35.63516819055574,139.69684071215775,40.05,15.25
2024-04-26 04:00:00,West City,West,51.43618846645568,-0.138352851760053,15.13,13.15
2024-04-26 05:00:00,West City,West,51.53108861809294,-0.023064070807572792,27.15,21.72
2024-04-26 06:00:00,South City,South,34.03773513924513,-118.11675458131867,40.03,10.43
2024-04-26 07:00:00,East City,East,35.62588811863841,139.72735129252163,38.16,26.23
2024-04-26 08:00:00,South City,South,34.121502317864376,-118.27115850563865,23.39,14.41
2024-04-26 09:00:00,East City,East,35.692492816217296,139.73652123609537,28.18,14.31
2024-04-26 10:00:00,South City,South,34.05974978706363,-118.20825196596316,16.34,17.84
2024-04-26 11:00:00,South City,South,34.04415475308617,-118.303119233537,9.79,19.19
2024-04-26 12:00:00,West City,West,51.47521829101073,-0.1290664075330085,49.63,13.16
2024-04-26 13:00:00,West City,West,51.45863331611549,-0.12142158834730439,16.97,14.84
2024-04-26 14:00:00,West City,West,51.47523767051535,-0.11974696967935493,0.0,19.87
2024-04-26 15:00:00,South City,South,34.03496825814959,-118.2755128417493,39.78,26.89
2024-04-26 16:00:00,West City,West,51.482535917327475,-0.024345197305246563,35.94,5.84
2024-04-26 17:00:00,East City,East,35.657585558469165,139.73252772587827,30.88,21.04
2024-04-26 18:00:00,West City,West,51.48897738224138,-0.016759043981522975,22.87,20.79
2024-04-26 19:00:00,West City,West,51.46547096702592,-0.19329937558658838,46.35,21.09
2024-04-26 20:00:00,South City,South,33.9577062824378,-118.3554825914869,30.3,20.67
2024-04-26 21:00:00,South City,South,34.071662846071334,-118.221874543404,10.95,6.0
2024-04-26 22:00:00,North City,North,40.666165337323456,-73.94359185943658,29.12,26.58
2024-04-26 23:00:00,East City,East,35.671210962734904,139.6881207153553,18.03,0.99
2024-04-27 00:00:00,West City,West,51.55059746685012,-0.1380852500360095,19.36,20.97
2024-04-27 01:00:00,West City,West,51.457795515995016,-0.16960975690797897,39.11,16.86
2024-04-27 02:00:00,East City,East,35.62216621386317,139.73304217637465,48.62,27.83
2024-04-27 03:00:00,North City,North,40.666775560613026,-73.96349818024052,22.72,23.38
2024-04-27 04:00:00,North City,North,40.75015374781593,-74.08591049546118,27.1,2.36
2024-04-27 05:00:00,West City,West,51.516597320125065,-0.061787851637366636,44.98,11.47
2024-04-27 06:00:00,South City,South,34.04429115871963,-118.21182705034475,23.11,33.61
2024-04-27 07:00:00,North City,North,40.75029691964724,-74.09034384756865,35.21,14.55
2024-04-27 08:00:00,South City,South,34.16990243747594,-118.2869835469858,33.98,8.8
2024-04-27 09:00:00,East City,East,35.705951427291375,139.7901122227581,26.99,14.99
2024-04-27 10:00:00,South City,South,34.004787668666744,-118.23053162857487,36.83,6.49
2024-04-27 11:00:00,South City,South,34.01805324468424,-118.26175435816934,29.23,34.62
2024-04-27 12:00:00,North City,North,40.7485172357379,-74.00913992820439,29.33,22.95
2024-04-27 13:00:00,West City,West,51.476355788040635,-0.05253392400137179,23.08,27.03
2024-04-27 14:00:00,South City,South,34.109421372982204,-118.23765349992941,34.39,15.84
2024-04-27 15:00:00,East City,East,35.62312462547313,139.66664114315233,47.85,16.84
2024-04-27 16:00:00,South City,South,34.02704640844072,-118.36072962119209,25.06,10.24
2024-04-27 17:00:00,South City,South,34.013459136819975,-118.183049263996,16.68,12.75
2024-04-27 18:00:00,North City,North,40.804520458425074,-73.98809502085544,19.38,14.49
2024-04-27 19:00:00,East City,East,35.662528510311084,139.70035338242852,45.12,16.92
2024-04-27 20:00:00,South City,South,34.14324394097266,-118.30797078204023,29.17,17.61
2024-04-27 21:00:00,West City,West,51.53097920273145,-0.07966909729913926,37.73,16.47
2024-04-27 22:00:00,West City,West,51.45574840746729,-0.06139992428914498,39.86,17.19
2024-04-27 23:00:00,South City,South,34.04022724531172,-118.25735660718597,22.84,18.6
2024-04-28 00:00:00,East City,East,35.647739020466844,139.68708226369074,42.4,23.57
2024-04-28 01:00:00,South City,South,34.08523619122295,-118.23199693445528,28.2,16.14
2024-04-28 02:00:00,West City,West,51.45692765048727,-0.1261991791182381,36.63,18.65
2024-04-28 03:00:00,South City,South,34.00950398512396,-118.14559658190508,23.71,7.92
2024-04-28 04:00:00,East City,East,35.71655519856451,139.67429785168076,23.79,25.91
2024-04-28 05:00:00,South City,South,34.031628876517196,-118.22503715379325,15.98,16.64
2024-04-28 06:00:00,East City,East,35.636884068800526,139.7321354564843,39.64,20.09
2024-04-28 07:00:00,West City,West,51.4305486999436,-0.018588469912254907,12.07,17.66
2024-04-28 08:00:00,South City,South,34.00979015642977,-118.18037078587336,37.57,5.93
2024-04-28 09:00:00,West City,West,51.56584427092835,-0.0784898784569237,21.53,28.03
2024-04-28 10:00:00,West City,West,51.479887080867414,-0.18752037589285206,27.54,21.18
2024-04-28 11:00:00,West City,West,51.496360542510395,-0.1480751683277044,33.51,27.63
2024-04-28 12:00:00,South City,South,34.03103881336166,-118.2640737793689,44.68,21.43
2024-04-28 13:00:00,West City,West,51.52021997796219,-0.14357700314481792,25.66,5.19
2024-04-28 14:00:00,East City,East,35.77189600826474,139.68622513505093,15.61,26.73
2024-04-28 15:00:00,East City,East,35.63502432958633,139.61997095695477,37.01,18.86
2024-04-28 16:00:00,East City,East,35.55897034985887,139.68304936547258,55.21,27.55
2024-04-28 17:00:00,North City,North,40.751508975927166,-74.02901071295385,28.11,19.98
2024-04-28 18:00:00,West City,West,51.57666729199006,-0.1420212743056736,28.44,22.43
2024-04-28 19:00:00,North City,North,40.69508906920417,-73.96409113902003,22.2,18.82
2024-04-28 20:00:00,South City,South,34.06909920165666,-118.26093143547564,28.82,25.44
2024-04-28 21:00:00,West City,West,51.535568652088244,-0.1637893487174611,10.11,18.21
2024-04-28 22:00:00,North City,North,40.708461308259636,-74.01073127363027,3.34,16.55
2024-04-28 23:00:00,North City,North,40.72630422056739,-73.95159537683958,30.0,14.1
2024-04-29 00:00:00,North City,North,40.717060318097786,-74.0590244844634,25.11,29.21
2024-04-29 01:00:00,West City,West,51.46888915426343,-0.17157810502166315,27.9,14.4
2024-04-29 02:00:00,South City,South,34.05986470009405,-118.27078627395237,18.41,17.78
2024-04-29 03:00:00,East City,East,35.67806078280403,139.70008457674297,23.49,12.69
2024-04-29 04:00:00,South City,South,34.126012588742476,-118.17015101454427,20.54,17.06
2024-04-29 05:00:00,North City,North,40.69260505445678,-73.96321323740119,27.38,17.71
2024-04-29 06:00:00,East City,East,35.63140986371515,139.69067253324314,29.69,17.53
2024-04-29 07:00:00,North City,North,40.65766118130899,-74.02774103064331,25.83,17.42
2024-04-29 08:00:00,North City,North,40.65808074993139,-73.94290227107932,40.33,24.1
2024-04-29 09:00:00,East City,East,35.61138384192,139.70546392645502,25.71,13.53
2024-04-29 10:00:00,South City,South,34.06340512286978,-118.22205784344801,25.72,13.06
2024-04-29 11:00:00,South City,South,33.994049857110824,-118.17335962356336,13.93,21.54
2024-04-29 12:00:00,East City,East,35.61849197824096,139.71875924872256,21.1,10.25
2024-04-29 13:00:00,West City,West,51.50205706496054,-0.07004035798593738,49.06,18.77
2024-04-29 14:00:00,West City,West,51.486965319194475,-0.07927677032620156,31.68,13.56
2024-04-29 15:00:00,East City,East,35.58694737960731,139.70720344119374,32.91,23.57
2024-04-29 16:00:00,East City,East,35.80474261699115,139.8135943028506,37.22,11.46
2024-04-29 17:00:00,North City,North,40.74693528238735,-74.00041076843351,34.24,17.32
2024-04-29 18:00:00,West City,West,51.52215619181514,-0.10487596880993082,40.2,31.7
2024-04-29 19:00:00,West City,West,51.47162436169386,-0.1300283449712741,25.17,17.8
2024-04-29 20:00:00,South City,South,34.13239157109307,-118.19367516817547,38.58,15.05
2024-04-29 21:00:00,East City,East,35.688929546057246,139.7172383294297,32.92,18.19
2024-04-29 22:00:00,West City,West,51.56983531813489,-0.062426994042931394,44.22,4.55
2024-04-29 23:00:00,East City,East,35.616991841648165,139.68164806140666,35.46,15.49
2024-04-30 00:00:00,East City,East,35.72149308672873,139.71843673280188,40.39,16.6
2024-04-30 01:00:00,West City,West,51.46331630708209,-0.1401575828705896,33.5,26.99
2024-04-30 02:00:00,North City,North,40.75641660547017,-74.05967177469164,18.15,19.5
2024-04-30 03:00:00,East City,East,35.69753427490628,139.77243916271237,45.09,20.67
2024-04-30 04:00:00,West City,West,51.56081704710116,-0.14726625901859133,40.98,14.66
2024-04-30 05:00:00,South City,South,34.02787954556665,-118.23293806934062,28.65,17.54
2024-04-30 06:00:00,South City,South,33.997983967231825,-118.27727148625324,36.58,7.93
2024-04-30 07:00:00,West City,West,51.491868538008156,-0.13641963499046156,28.87,18.92
2024-04-30 08:00:00,East City,East,35.65216802191714,139.6695916167329,27.42,23.3
2024-04-30 09:00:00,South City,South,34.04871490404411,-118.23658873996519,33.48,24.21
2024-04-30 10:00:00,East City,East,35.749921607152274,139.63996748883278,31.22,25.59
2024-04-30 11:00:00,North City,North,40.771413747980404,-74.01066303327708,5.4,17.02
2024-04-30 12:00:00,West City,West,51.44638029342179,-0.11492066529338307,20.17,19.23
2024-04-30 13:00:00,North City,North,40.696138700631884,-74.06175424035376,26.69,3.8
2024-04-30 14:00:00,East City,East,35.584390522442426,139.57750193878678,31.78,14.48
2024-04-30 15:00:00,South City,South,34.001799338841465,-118.2821581159321,28.16,21.54
2024-04-30 16:00:00,West City,West,51.53047514997552,-0.03826455612220289,28.38,19.69
2024-04-30 17:00:00,North City,North,40.79303453149405,-74.02509443217296,37.7,16.42
2024-04-30 18:00:00,East City,East,35.63258052841554,139.74626284804904,20.18,17.14
2024-04-30 19:00:00,South City,South,34.00412640932447,-118.24628563952801,16.4,16.51
2024-04-30 20:00:00,West City,West,51.48926438458062,-0.14765431634812065,35.15,18.27
2024-04-30 21:00:00,North City,North,40.62293325110334,-74.0334211444564,36.99,6.27
2024-04-30 22:00:00,South City,South,34.153265807128506,-118.20670426776326,44.53,15.54
2024-04-30 23:00:00,East City,East,35.74916211375707,139.6776393768856,14.51,28.53
2024-05-01 00:00:00,South City,South,34.06118478843585,-118.17371573717143,25.64,7.88
2024-05-01 01:00:00,North City,North,40.74157543638783,-74.08916172396198,39.44,20.88
2024-05-01 02:00:00,West City,West,51.52479710584993,-0.09191350176537558,28.43,8.76
2024-05-01 03:00:00,North City,North,40.77080412561993,-73.93791195433299,35.87,16.12
2024-05-01 04:00:00,East City,East,35.63100059461518,139.69831165802785,31.9,19.94
2024-05-01 05:00:00,South City,South,34.01573043328149,-118.20771085241664,37.44,22.95
2024-05-01 06:00:00,South City,South,33.979128948201385,-118.20959859711846,17.26,19.62
2024-05-01 07:00:00,East City,East,35.55035197838284,139.68734258038322,19.15,26.88
2024-05-01 08:00:00,West City,West,51.50809125956429,-0.1810270051712456,31.05,14.71
2024-05-01 09:00:00,North City,North,40.64296346633859,-74.06197791872358,33.7,20.19
2024-05-01 10:00:00,West City,West,51.5433931978975,-0.13014025376934846,10.97,12.3
2024-05-01 11:00:00,West City,West,51.52984713590965,-0.04039322137378577,20.24,24.83
2024-05-01 12:00:00,East City,East,35.745549515986994,139.72408443491298,39.34,27.7
2024-05-01 13:00:00,South City,South,34.112654385573634,-118.18893842220359,9.32,10.12
2024-05-01 14:00:00,East City,East,35.76577977087776,139.65964980987383,13.51,28.3
2024-05-01 15:00:00,South City,South,34.1236759829263,-118.25885463598459,26.12,19.56
2024-05-01 16:00:00,West City,West,51.41757507446913,-0.18904439565547804,40.77,29.56
2024-05-01 17:00:00,West City,West,51.45118616482379,-0.20491650987946755,47.57,23.42
2024-05-01 18:00:00,West City,West,51.55379823249496,-0.17150145910916403,37.23,18.78
2024-05-01 19:00:00,South City,South,34.075158065798924,-118.29870712081356,31.63,7.72
2024-05-01 20:00:00,West City,West,51.54456591699608,-0.043528903321547366,32.66,21.53
2024-05-01 21:00:00,West City,West,51.53382564404029,-0.15347985252176713,26.11,18.72
2024-05-01 22:00:00,West City,West,51.49489730719764,-0.14823552638698995,32.92,16.64
2024-05-01 23:00:00,West City,West,51.59811264138501,-0.18631917990521701,51.57,18.26
2024-05-02 00:00:00,West City,West,51.524214811416364,-0.16352347973255008,27.21,20.69
2024-05-02 01:00:00,South City,South,34.015853070121395,-118.2741199156549,48.12,9.64
2024-05-02 02:00:00,North City,North,40.69669740348527,-74.006143303222,27.66,17.37
2024-05-02 03:00:00,West City,West,51.523753760902665,-0.12006757283816874,28.09,20.04
2024-05-02 04:00:00,South City,South,33.97201614591084,-118.20269571258206,35.01,5.57
2024-05-02 05:00:00,South City,South,34.09750694590457,-118.20198298894215,35.95,3.48
2024-05-02 06:00:00,West City,West,51.596659953926995,-0.17221713168928787,46.4,16.44
2024-05-02 07:00:00,West City,West,51.513438523277564,-0.1597532666416008,33.69,18.08
2024-05-02 08:00:00,South City,South,34.1170316586587,-118.28037508541004,30.76,17.27
2024-05-02 09:00:00,East City,East,35.66759635716094,139.61259059745623,46.06,10.02
2024-05-02 10:00:00,West City,West,51.482261803881784,-0.19054015505438032,35.47,16.95
2024-05-02 11:00:00,East City,East,35.72192733738165,139.69381315324824,29.36,9.51
2024-05-02 12:00:00,South City,South,34.05572780929394,-118.29909962625551,28.81,10.73
2024-05-02 13:00:00,West City,West,51.55426729890478,-0.20428462185008273,18.27,27.13
2024-05-02 14:00:00,North City,North,40.78920516313565,-74.04937946753877,28.19,23.78
2024-05-02 15:00:00,South City,South,34.0162263807831,-118.2749553710347,15.21,2.39
2024-05-02 16:00:00,West City,West,51.46630379190291,-0.17833602917383,18.9,20.02
2024-05-02 17:00:00,South City,South,34.07339758340316,-118.24812750257715,33.34,28.2
2024-05-02 18:00:00,East City,East,35.558342504721296,139.69079225367042,24.89,28.0
2024-05-02 19:00:00,South City,South,34.08489463051355,-118.3200560397668,49.83,19.62
2024-05-02 20:00:00,East City,East,35.71694277500831,139.71479229814724,26.99,25.8
2024-05-02 21:00:00,North City,North,40.77642003137245,-73.95357966838826,21.23,10.61
2024-05-02 22:00:00,East City,East,35.74340327816963,139.69168673142113,25.39,16.57
2024-05-02 23:00:00,North City,North,40.70344628650386,-73.96437997307048,32.64,19.69
2024-05-03 00:00:00,South City,South,34.143169227027464,-118.24280082987417,44.69,7.14
2024-05-03 01:00:00,East City,East,35.67540177557854,139.6970662441567,21.85,23.69
2024-05-03 02:00:00,East City,East,35.733904753216166,139.6708431349515,12.27,27.17
2024-05-03 03:00:00,West City,West,51.46218524066742,-0.08826911405800114,17.19,17.5
2024-05-03 04:00:00,West City,West,51.47640827513862,-0.10268286357781381,22.39,16.73
2024-05-03 05:00:00,East City,East,35.58083244600522,139.72803652728575,22.02,5.31
2024-05-03 06:00:00,East City,East,35.65569791979485,139.71466435488438,20.52,25.49
2024-05-03 07:00:00,East City,East,35.68209107332509,139.64736674826577,13.89,11.56
2024-05-03 08:00:00,East City,East,35.57464097618929,139.6853137329503,20.11,21.73
2024-05-03 09:00:00,East City,East,35.61410488183195,139.6706627425551,37.91,28.58
2024-05-03 10:00:00,West City,West,51.4710267847163,-0.12168478549557385,37.91,18.58
2024-05-03 11:00:00,West City,West,51.4984235083012,-0.010597311058368683,28.41,25.09
2024-05-03 12:00:00,East City,East,35.615010359749974,139.71520688384481,16.02,23.0
2024-05-03 13:00:00,North City,North,40.8204036677931,-73.91670280758652,35.35,21.2
2024-05-03 14:00:00,North City,North,40.77057455224387,-73.98081662306089,57.12,25.94
2024-05-03 15:00:00,South City,South,33.985143498367215,-118.16730092131803,47.38,11.17
2024-05-03 16:00:00,East City,East,35.613909597123545,139.6694616883672,14.56,7.05
2024-05-03 17:00:00,West City,West,51.51996656302292,-0.12737394636308041,50.52,22.37
2024-05-03 18:00:00,North City,North,40.66219032905174,-74.00288523843787,9.9,20.2
2024-05-03 19:00:00,East City,East,35.71571150899761,139.80022260894722,28.47,20.92
2024-05-03 20:00:00,South City,South,34.076129618522344,-118.27834630838848,16.04,18.36
2024-05-03 21:00:00,East City,East,35.66626565387379,139.70610452609935,19.59,9.64
2024-05-03 22:00:00,South City,South,34.056749479835204,-118.30659989385758,40.76,11.37
2024-05-03 23:00:00,West City,West,51.55839643027139,-0.1010648025181901,34.01,30.98
2024-05-04 00:00:00,North City,North,40.76961639647221,-74.01628151770225,29.23,11.58
2024-05-04 01:00:00,East City,East,35.717182776540376,139.7468864476976,16.64,7.44
2024-05-04 02:00:00,North City,North,40.660574354180106,-73.95476691013842,54.1,21.44
2024-05-04 03:00:00,North City,North,40.71775628962381,-74.0040322122503,45.58,13.25
2024-05-04 04:00:00,West City,West,51.47785007656143,-0.1551366204797629,35.7,9.31
2024-05-04 05:00:00,South City,South,33.973859924946524,-118.23612749648615,8.63,20.26
2024-05-04 06:00:00,West City,West,51.52507755304241,-0.19824552049403937,22.22,8.97
2024-05-04 07:00:00,West City,West,51.55100450977669,-0.1361121036160415,42.71,20.29
2024-05-04 08:00:00,West City,West,51.55305106331566,-0.10917997785302822,19.47,20.01
2024-05-04 09:00:00,West City,West,51.49479311736753,-0.0041500036615956665,23.06,14.87
2024-05-04 10:00:00,East City,East,35.666900522186175,139.70996834685675,28.97,21.9
2024-05-04 11:00:00,West City,West,51.44081262578009,-0.08074667242740347,40.53,14.54
2024-05-04 12:00:00,North City,North,40.76495528173546,-73.99210414773526,53.28,14.81
2024-05-04 13:00:00,West City,West,51.50444800842046,-0.14134056364013842,20.55,15.4
2024-05-04 14:00:00,East City,East,35.71543859571717,139.6458237459216,45.95,28.12
2024-05-04 15:00:00,East City,East,35.706991395634006,139.73673875658952,24.0,21.02
2024-05-04 16:00:00,East City,East,35.754455178202726,139.66823745145203,53.43,21.15
2024-05-04 17:00:00,East City,East,35.721903900560676,139.76219523276345,40.25,5.57
2024-05-04 18:00:00,West City,West,51.473108339542925,-0.10145268723174178,36.02,17.97
2024-05-04 19:00:00,East City,East,35.64427997488346,139.65091061374156,31.85,22.42
2024-05-04 20:00:00,East City,East,35.762082287119846,139.62989996886895,35.01,23.19
2024-05-04 21:00:00,South City,South,34.077608964452615,-118.272890138346,40.55,13.2
2024-05-04 22:00:00,South City,South,34.00573151003703,-118.27686684186948,26.14,22.78
2024-05-04 23:00:00,West City,West,51.49310638725104,-0.11972432503807963,32.45,10.15
2024-05-05 00:00:00,South City,South,33.98176996175036,-118.24316749083302,42.23,5.36
2024-05-05 01:00:00,East City,East,35.6821475967651,139.7049180963979,29.19,3.54
2024-05-05 02:00:00,South City,South,34.031608944819794,-118.19403553924553,46.68,12.42
2024-05-05 03:00:00,East City,East,35.72879870494327,139.7211415975771,43.46,22.33
2024-05-05 04:00:00,South City,South,33.93382711434813,-118.23835305300558,44.23,17.22
2024-05-05 05:00:00,West City,West,51.507442866712296,-0.08519002434522406,39.55,20.57
2024-05-05 06:00:00,North City,North,40.68223739410718,-73.96879070406291,35.88,13.8
2024-05-05 07:00:00,East City,East,35.74233652153879,139.7635044673091,28.79,8.29
2024-05-05 08:00:00,North City,North,40.75214684828638,-73.94528685368961,28.28,30.38
2024-05-05 09:00:00,North City,North,40.71996010962482,-74.08042969889812,44.01,18.92
2024-05-05 10:00:00,South City,South,33.99175811271844,-118.27058850750878,37.68,30.44
2024-05-05 11:00:00,East City,East,35.581366049474276,139.7377526564024,43.1,24.05
2024-05-05 12:00:00,South City,South,34.0473695642695,-118.22123222540193,28.03,11.74
2024-05-05 13:00:00,East City,East,35.486269842813286,139.63600551735178,22.4,17.19
2024-05-05 14:00:00,South City,South,34.10878710446902,-118.23599229667875,18.66,20.39
2024-05-05 15:00:00,West City,West,51.46199230256961,-0.14891003424023722,24.7,18.68
2024-05-05 16:00:00,South City,South,34.05566020016177,-118.3420372122692,25.85,16.54
2024-05-05 17:00:00,North City,North,40.72844589944506,-73.99407800778059,38.76,21.74
2024-05-05 18:00:00,North City,North,40.722917569915566,-74.06965179474237,25.26,24.99
2024-05-05 19:00:00,South City,South,34.04018007621558,-118.2053078152666,41.57,25.88
2024-05-05 20:00:00,North City,North,40.75128164065236,-73.84422648984574,19.03,30.14
2024-05-05 21:00:00,East City,East,35.617696975258184,139.6983567823125,24.82,21.92
2024-05-05 22:00:00,South City,South,34.03903914928002,-118.21911863178885,29.05,22.21
2024-05-05 23:00:00,West City,West,51.47430324100412,-0.10784976203780738,41.84,19.8
2024-05-06 00:00:00,East City,East,35.68020733024299,139.6594079789814,40.97,11.94
2024-05-06 01:00:00,South City,South,33.989314800444355,-118.18438283821587,40.13,22.13
2024-05-06 02:00:00,South City,South,34.14549606203063,-118.26564177492939,29.16,19.26
2024-05-06 03:00:00,North City,North,40.61965682067744,-74.03273861280289,24.56,23.78
2024-05-06 04:00:00,West City,West,51.508667134909516,-0.07708313816883394,29.46,19.7
2024-05-06 05:00:00,South City,South,34.11365918129704,-118.18347663958733,20.29,13.18
2024-05-06 06:00:00,West City,West,51.5426775373693,-0.12287515026689151,43.31,20.03
2024-05-06 07:00:00,West City,West,51.47018783165222,-0.1690884547734079,28.59,12.0
2024-05-06 08:00:00,West City,West,51.46022264517585,-0.17723741016644928,45.22,21.06
2024-05-06 09:00:00,East City,East,35.717471642270404,139.62389938642002,13.98,20.74
2024-05-06 10:00:00,West City,West,51.567404059446865,-0.20459247573303602,33.59,25.17
2024-05-06 11:00:00,West City,West,51.468359752421044,-0.1522136862348344,28.08,13.8
2024-05-06 12:00:00,East City,East,35.70351408170191,139.75499039699213,27.81,6.06
2024-05-06 13:00:00,West City,West,51.360293709465964,-0.1629256844911669,34.55,19.19
2024-05-06 14:00:00,East City,East,35.751693475660915,139.71712531876202,23.02,22.28
2024-05-06 15:00:00,East City,East,35.72734763680639,139.68502371322737,39.09,24.57
2024-05-06 16:00:00,East City,East,35.663807159957074,139.65175071203942,25.22,10.98
2024-05-06 17:00:00,South City,South,34.08057966823045,-118.26191202410257,13.96,15.93
2024-05-06 18:00:00,East City,East,35.70812403315974,139.66623698334857,36.34,17.44
2024-05-06 19:00:00,East City,East,35.70037195403629,139.69500705575746,27.75,13.61
2024-05-06 20:00:00,East City,East,35.806671248451494,139.672847346385,36.98,14.87
2024-05-06 21:00:00,East City,East,35.728141702463326,139.73456856825877,32.04,23.44
2024-05-06 22:00:00,North City,North,40.6627819868851,-73.96961677530271,22.84,10.72
2024-05-06 23:00:00,West City,West,51.55378227659016,-0.159322259539659,28.17,29.74
2024-05-07 00:00:00,West City,West,51.39877881804485,-0.13153731008743774,63.18,23.21
2024-05-07 01:00:00,East City,East,35.710286275498994,139.68505946955986,41.35,22.26
2024-05-07 02:00:00,North City,North,40.6635638611264,-74.03148541504265,41.74,21.3
2024-05-07 03:00:00,North City,North,40.66854856838686,-74.00074620143958,29.48,12.6
2024-05-07 04:00:00,West City,West,51.501753333841904,-0.11201089481602035,34.25,24.81
2024-05-07 05:00:00,South City,South,34.0880154925283,-118.22726468006874,32.67,15.83
2024-05-07 06:00:00,South City,South,34.02427440779552,-118.19878580997249,32.96,32.58
2024-05-07 07:00:00,East City,East,35.65830798756564,139.67785204528863,20.88,19.82
2024-05-07 08:00:00,West City,West,51.56814737346665,-0.09070739867167073,27.05,24.78
2024-05-07 09:00:00,West City,West,51.536291614431995,-0.07362793483260574,38.47,14.93
2024-05-07 10:00:00,South City,South,34.09578992657418,-118.26955051200919,42.39,19.2
2024-05-07 11:00:00,North City,North,40.71592158516637,-73.98902356062979,42.73,17.56
2024-05-07 12:00:00,South City,South,34.01527569304095,-118.21095429776749,18.27,14.88
2024-05-07 13:00:00,West City,West,51.51012301846482,-0.0847243055915605,47.52,30.7
2024-05-07 14:00:00,West City,West,51.512126227490604,-0.09038893904153786,19.92,21.06
2024-05-07 15:00:00,West City,West,51.54492349309675,-0.1304525995962553,21.41,18.19
2024-05-07 16:00:00,West City,West,51.43683965421081,-0.026898448658788418,24.92,18.44
2024-05-07 17:00:00,West City,West,51.48717341298742,-0.07929661056587378,46.35,33.35
2024-05-07 18:00:00,West City,West,51.56095071182203,-0.15234630403339977,35.1,23.3
2024-05-07 19:00:00,East City,East,35.79501713260482,139.6604594397732,33.5,19.41
2024-05-07 20:00:00,North City,North,40.77121080675187,-73.94451339447427,44.37,23.18
2024-05-07 21:00:00,West City,West,51.51438310638432,-0.1250347907347389,32.01,6.27
2024-05-07 22:00:00,North City,North,40.821718730501175,-74.02494926985922,44.08,19.04
2024-05-07 23:00:00,East City,East,35.70349107979722,139.70496441723918,27.76,17.44
2024-05-08 00:00:00,East City,East,35.64718614705622,139.8021839987381,20.15,12.01
2024-05-08 01:00:00,West City,West,51.53400249192429,-0.09224830098691368,32.31,20.9
2024-05-08 02:00:00,East City,East,35.77552482619452,139.7132977515245,7.42,17.32
2024-05-08 03:00:00,North City,North,40.62596365911178,-73.9890763447344,27.62,14.69
2024-05-08 04:00:00,West City,West,51.541398258154366,-0.07991899523031666,22.0,23.07
2024-05-08 05:00:00,East City,East,35.71889019270048,139.72522994696675,21.2,5.98
2024-05-08 06:00:00,West City,West,51.49477279388924,-0.12225412960029529,28.34,13.94
2024-05-08 07:00:00,South City,South,34.13768540143378,-118.18320530199905,36.38,24.09
2024-05-08 08:00:00,West City,West,51.41902027457585,-0.09530405629619787,25.53,12.66
2024-05-08 09:00:00,East City,East,35.73839676041436,139.66722025587757,43.01,21.54
2024-05-08 10:00:00,East City,East,35.68333321408131,139.6553680560899,22.02,22.0
2024-05-08 11:00:00,South City,South,34.02596656097173,-118.20564038136493,37.9,19.19
2024-05-08 12:00:00,East City,East,35.61519927383166,139.61001184288133,35.11,17.48
2024-05-08 13:00:00,West City,West,51.56135056812067,-0.16643543300654906,24.38,29.62
2024-05-08 14:00:00,West City,West,51.45363315728707,-0.09300785414987148,15.91,17.33
2024-05-08 15:00:00,East City,East,35.71947893139069,139.64867463367474,23.19,13.39
2024-05-08 16:00:00,East City,East,35.67770760064557,139.64434211868573,19.66,10.66
2024-05-08 17:00:00,South City,South,34.06827315436515,-118.17359090630994,20.77,18.53
2024-05-08 18:00:00,West City,West,51.52878936328188,-0.12168748843112277,31.72,9.4
2024-05-08 19:00:00,North City,North,40.748811200845275,-73.97995115632541,0.32,27.45
2024-05-08 20:00:00,North City,North,40.7048567154296,-73.95337101814472,20.24,15.7
2024-05-08 21:00:00,East City,East,35.729696463979245,139.69524359352377,27.46,17.45
2024-05-08 22:00:00,South City,South,34.09369492952322,-118.23306629919291,32.33,9.31
2024-05-08 23:00:00,East City,East,35.73493817390622,139.73148435100612,48.17,27.43
2024-05-09 00:00:00,East City,East,35.749214123168095,139.8228752949919,33.52,13.82
2024-05-09 01:00:00,South City,South,34.05383738237647,-118.32108077566798,10.71,20.56
2024-05-09 02:00:00,South City,South,34.10317567190264,-118.24482258640921,38.53,10.62
2024-05-09 03:00:00,East City,East,35.59731235206037,139.65074736784405,33.62,9.44
2024-05-09 04:00:00,South City,South,34.08133337166103,-118.3061187687287,21.75,22.45
2024-05-09 05:00:00,East City,East,35.76025040321429,139.6605062064071,38.19,23.53
2024-05-09 06:00:00,East City,East,35.66077510258154,139.70081795088734,40.96,21.96
2024-05-09 07:00:00,South City,South,34.11036410663971,-118.24493677104013,22.52,5.51
2024-05-09 08:00:00,East City,East,35.67850748234228,139.65834371499983,12.05,26.52
2024-05-09 09:00:00,West City,West,51.47934409763715,-0.1927004243045829,24.66,20.43
2024-05-09 10:00:00,West City,West,51.502702171995246,-0.21318430205684225,26.83,14.29
2024-05-09 11:00:00,South City,South,34.071085588005694,-118.15603124006378,16.82,22.27
2024-05-09 12:00:00,South City,South,33.98158484278766,-118.25156163611537,16.28,22.25
2024-05-09 13:00:00,West City,West,51.52678906046812,-0.06717077090132247,39.54,19.94
2024-05-09 14:00:00,North City,North,40.79591663724273,-74.03086879365215,26.09,2.17
2024-05-09 15:00:00,West City,West,51.59521889938139,-0.050480065640508526,34.61,14.39
2024-05-09 16:00:00,West City,West,51.58069668429673,-0.01409021781616547,19.8,30.48
2024-05-09 17:00:00,South City,South,33.96923187703851,-118.31487675704851,38.47,19.62
2024-05-09 18:00:00,East City,East,35.71418999987242,139.70994339999947,21.16,20.01
2024-05-09 19:00:00,East City,East,35.65468532104738,139.73496355786472,13.05,20.57
2024-05-09 20:00:00,South City,South,34.006211642004935,-118.20823261953257,24.64,10.33
2024-05-09 21:00:00,East City,East,35.739198603203775,139.72458168455037,21.85,13.51
2024-05-09 22:00:00,North City,North,40.666275603273114,-74.10617899374358,38.5,29.57
2024-05-09 23:00:00,East City,East,35.72529552080644,139.7372875061986,21.48,20.07
2024-05-10 00:00:00,North City,North,40.76434111862159,-74.01013682658893,12.25,2.15
2024-05-10 01:00:00,North City,North,40.759386502548544,-73.90764125185984,36.69,13.83
2024-05-10 02:00:00,North City,North,40.6779455370411,-74.07275261599708,9.99,16.94
2024-05-10 03:00:00,East City,East,35.67370180243237,139.58070054562216,38.0,13.89
2024-05-10 04:00:00,South City,South,33.99853716921413,-118.22932707192716,21.19,15.18
2024-05-10 05:00:00,North City,North,40.78857398328438,-74.01251431246419,35.91,27.18
2024-05-10 06:00:00,East City,East,35.68920768474751,139.66334245049342,38.85,5.55
2024-05-10 07:00:00,East City,East,35.76506415620554,139.62606697196003,32.72,17.64
2024-05-10 08:00:00,West City,West,51.50522357250118,-0.10738452051482417,34.66,8.39
2024-05-10 09:00:00,South City,South,33.99163194330252,-118.19370278283445,37.54,23.06
2024-05-10 10:00:00,East City,East,35.718327493072636,139.80843897601457,27.76,24.67
2024-05-10 11:00:00,East City,East,35.57062150850365,139.7267110955641,25.23,13.82
2024-05-10 12:00:00,North City,North,40.73210167217239,-73.97491938723725,43.09,8.59
2024-05-10 13:00:00,South City,South,33.92598891598394,-118.26846516213017,33.78,16.62
2024-05-10 14:00:00,East City,East,35.68535424735017,139.7573149648141,50.45,16.9
2024-05-10 15:00:00,East City,East,35.69149533472599,139.6345604652502,26.4,16.27
2024-05-10 16:00:00,South City,South,34.05282342188932,-118.25434782805374,22.66,17.03
2024-05-10 17:00:00,East City,East,35.72275029578175,139.69374921641176,27.06,13.45
2024-05-10 18:00:00,West City,West,51.460248482720345,-0.14615695680558388,30.29,33.69
2024-05-10 19:00:00,West City,West,51.491492868366926,-0.13038489696876157,53.08,12.79
2024-05-10 20:00:00,East City,East,35.69237533697059,139.74243627203202,26.93,13.44
2024-05-10 21:00:00,East City,East,35.706086097331166,139.7256303829535,29.66,17.2
2024-05-10 22:00:00,North City,North,40.7129387524916,-73.95207241268402,36.62,27.85
2024-05-10 23:00:00,South City,South,34.12636294424283,-118.37397883778443,25.98,23.22
2024-05-11 00:00:00,North City,North,40.77257555817358,-74.02914584731649,27.88,12.63
2024-05-11 01:00:00,North City,North,40.731668218306766,-74.01613398375356,25.21,35.07
2024-05-11 02:00:00,South City,South,34.0948096374248,-118.11841573411488,33.65,9.37
2024-05-11 03:00:00,West City,West,51.49304588984425,-0.1798943466238684,32.88,16.13
2024-05-11 04:00:00,West City,West,51.43545904267746,-0.04261739085372904,21.05,11.25
2024-05-11 05:00:00,East City,East,35.824274435473455,139.64421806274547,37.46,18.5
2024-05-11 06:00:00,South City,South,34.10162240109229,-118.21068887808008,28.66,15.43
2024-05-11 07:00:00,East City,East,35.69066925625781,139.74305973941213,34.99,19.92
2024-05-11 08:00:00,West City,West,51.57808119777792,-0.06174167202024554,20.29,23.45
2024-05-11 09:00:00,West City,West,51.52363198705733,-0.054823091256102935,33.01,2.35
2024-05-11 10:00:00,East City,East,35.65708581453485,139.7007793705354,29.8,11.81
2024-05-11 11:00:00,North City,North,40.667235997154854,-74.01626462608142,31.47,25.96
2024-05-11 12:00:00,South City,South,34.13757329562518,-118.11788727905866,20.98,2.92
2024-05-11 13:00:00,West City,West,51.51926046006378,-0.14906807351327625,39.68,32.83
2024-05-11 14:00:00,West City,West,51.514264693767466,-0.15582705400638866,35.89,25.03
2024-05-11 15:00:00,East City,East,35.695972332127376,139.6795741775237,44.59,16.55
2024-05-11 16:00:00,West City,West,51.529919592907746,-0.09364096465516658,35.98,14.77
2024-05-11 17:00:00,North City,North,40.6118768785764,-73.96271494105827,38.3,9.05
2024-05-11 18:00:00,South City,South,34.051819183296054,-118.18594701661407,26.3,21.86
2024-05-11 19:00:00,North City,North,40.70789844643601,-74.0100535370504,37.06,24.71
2024-05-11 20:00:00,South City,South,34.07859069423018,-118.28610014290759,33.75,20.36
2024-05-11 21:00:00,North City,North,40.67777365046945,-74.01493032177049,26.1,18.04
2024-05-11 22:00:00,East City,East,35.619566904743856,139.76202715735883,30.39,19.67
2024-05-11 23:00:00,East City,East,35.64652809066024,139.76254170410695,23.24,27.26
2024-05-12 00:00:00,South City,South,34.111823577157,-118.22328299731504,22.51,13.05
2024-05-12 01:00:00,North City,North,40.712340141797455,-73.9917788129774,35.48,18.92
2024-05-12 02:00:00,West City,West,51.484200635763436,-0.039430683367025765,31.96,18.61
2024-05-12 03:00:00,West City,West,51.61481196009788,-0.1571421339762093,29.79,29.78
2024-05-12 04:00:00,East City,East,35.6719089601693,139.71300833900702,28.61,10.48
2024-05-12 05:00:00,North City,North,40.66772601055708,-73.94100405109691,8.68,20.18
2024-05-12 06:00:00,East City,East,35.653711145309295,139.71424116392333,23.76,24.11
2024-05-12 07:00:00,North City,North,40.56510882572997,-74.03215521534422,36.12,11.71
2024-05-12 08:00:00,East City,East,35.695394644720025,139.7477884541342,27.35,20.06
2024-05-12 09:00:00,North City,North,40.69628253767243,-74.00361502645632,44.67,38.74
2024-05-12 10:00:00,North City,North,40.69822252589968,-73.95978769979843,35.27,25.72
2024-05-12 11:00:00,North City,North,40.64133665601644,-73.96476656876543,24.25,19.77
2024-05-12 12:00:00,South City,South,34.093010236752825,-118.25948256191114,13.37,16.76
2024-05-12 13:00:00,East City,East,35.6523381816611,139.7383996111577,34.52,23.51
2024-05-12 14:00:00,North City,North,40.68897404323807,-73.90167891424686,32.9,27.25
2024-05-12 15:00:00,West City,West,51.573152402976206,-0.15628150382731887,26.85,19.62
2024-05-12 16:00:00,East City,East,35.77955045548101,139.76418484936067,20.53,14.98
2024-05-12 17:00:00,North City,North,40.62203146051517,-73.99035933416282,36.34,20.85
2024-05-12 18:00:00,West City,West,51.49003839875488,-0.10013301733111821,39.86,12.83
2024-05-12 19:00:00,South City,South,34.07303295302743,-118.26297794899813,27.02,22.33
2024-05-12 20:00:00,East City,East,35.70911115879376,139.7404087834496,31.89,3.13
2024-05-12 21:00:00,East City,East,35.62895629834412,139.7104466434224,25.87,34.67
2024-05-12 22:00:00,East City,East,35.78276728332307,139.69576547861786,13.13,10.58
2024-05-12 23:00:00,South City,South,34.03513843894883,-118.24688749608396,17.57,10.63
2024-05-13 00:00:00,South City,South,34.06803380458233,-118.32945164162847,39.42,24.68
2024-05-13 01:00:00,West City,West,51.459092898560506,-0.13847155325991206,36.19,6.05
2024-05-13 02:00:00,North City,North,40.75200901051896,-73.9629874706741,12.86,9.12
2024-05-13 03:00:00,East City,East,35.663408472925596,139.64614149699875,40.87,5.98
2024-05-13 04:00:00,South City,South,34.045119898163826,-118.28988989157104,28.01,20.4
2024-05-13 05:00:00,South City,South,34.038069536625436,-118.2355697327475,37.98,21.64
2024-05-13 06:00:00,North City,North,40.748354442710394,-73.9833116870008,42.62,19.74
2024-05-13 07:00:00,East City,East,35.68560459768344,139.73888508171999,21.89,11.43
2024-05-13 08:00:00,North City,North,40.75190994106187,-73.99794405556145,26.15,15.37
2024-05-13 09:00:00,East City,East,35.637755449065544,139.74138448381504,15.6,16.57
2024-05-13 10:00:00,South City,South,34.04978241582613,-118.26646567718146,12.82,11.46
2024-05-13 11:00:00,South City,South,34.02425918541316,-118.21025177591409,25.66,21.92
2024-05-13 12:00:00,West City,West,51.48115257284115,-0.10399190600470373,12.9,20.73
2024-05-13 13:00:00,West City,West,51.44689090474513,-0.09293033369023607,25.27,10.44
2024-05-13 14:00:00,East City,East,35.682965864420396,139.73131797853205,25.34,17.7
2024-05-13 15:00:00,West City,West,51.541738774452384,-0.08182957856231764,29.0,13.6
2024-05-13 16:00:00,South City,South,34.1310226454417,-118.17497655632845,42.88,4.54
2024-05-13 17:00:00,North City,North,40.6688592710481,-74.00993859147084,34.82,22.69
2024-05-13 18:00:00,West City,West,51.46282513202758,-0.1281262811210419,17.82,18.99
2024-05-13 19:00:00,South City,South,34.04040099505665,-118.26819720104871,22.12,14.71
2024-05-13 20:00:00,East City,East,35.662370734633825,139.5705344474457,47.04,11.7
2024-05-13 21:00:00,South City,South,33.97790833802264,-118.2214638868963,39.68,11.54
2024-05-13 22:00:00,North City,North,40.74378706937533,-74.01842393119325,36.98,23.25
2024-05-13 23:00:00,East City,East,35.75746457121683,139.6407015640616,36.94,23.07
2024-05-14 00:00:00,West City,West,51.545675100543896,-0.12124217428606729,36.95,18.34
2024-05-14 01:00:00,North City,North,40.68399970397524,-74.01346733643314,30.49,25.59
2024-05-14 02:00:00,West City,West,51.49458146982202,-0.160158136087078,36.27,20.49
2024-05-14 03:00:00,North City,North,40.65635183674334,-73.88634938526167,16.81,4.48
2024-05-14 04:00:00,North City,North,40.76003675266725,-74.06077349775276,28.3,20.53
2024-05-14 05:00:00,South City,South,34.05685333881408,-118.20992190510476,23.89,23.72
2024-05-14 06:00:00,North City,North,40.76537712555932,-74.07348614550217,21.31,9.83
2024-05-14 07:00:00,East City,East,35.69500174119664,139.77345238353098,40.58,15.81
2024-05-14 08:00:00,South City,South,34.06051685584202,-118.26468686456786,25.16,18.2
2024-05-14 09:00:00,West City,West,51.52368625171218,-0.08505964821743198,35.32,17.73
2024-05-14 10:00:00,North City,North,40.75662810573992,-73.97491750690659,34.38,20.03
2024-05-14 11:00:00,North City,North,40.722399689431114,-73.92638874631756,13.94,14.58
2024-05-14 12:00:00,South City,South,34.00050171300142,-118.18513387683878,38.88,31.33
2024-05-14 13:00:00,West City,West,51.537006231237264,-0.23461658558179918,29.74,16.66
2024-05-14 14:00:00,South City,South,34.07503020892764,-118.28390107725306,28.27,15.86
2024-05-14 15:00:00,East City,East,35.62308241042436,139.69998075625483,16.01,19.27
2024-05-14 16:00:00,North City,North,40.711862296688714,-74.06220351828235,32.34,13.63
2024-05-14 17:00:00,East City,East,35.71242202009267,139.73031680201473,2.37,9.37
2024-05-14 18:00:00,East City,East,35.760620535463836,139.64576122548942,45.12,6.52
2024-05-14 19:00:00,South City,South,34.092132410359554,-118.19760316993573,37.66,28.03
2024-05-14 20:00:00,East City,East,35.680262329951134,139.69188820876667,44.55,29.78
2024-05-14 21:00:00,East City,East,35.64573639507125,139.62857737991678,36.51,20.62
2024-05-14 22:00:00,South City,South,34.16830345503421,-118.24853256507964,27.08,10.75
2024-05-14 23:00:00,South City,South,34.06966463861771,-118.2572557574181,35.51,23.08
2024-05-15 00:00:00,South City,South,34.04051232899939,-118.26240386291985,26.9,22.41
2024-05-15 01:00:00,South City,South,34.04618556442481,-118.19416002499374,30.74,19.24
2024-05-15 02:00:00,South City,South,34.1271092562177,-118.18745501551808,47.85,23.6
2024-05-15 03:00:00,West City,West,51.60068636779842,-0.14392743551133108,19.56,23.94
2024-05-15 04:00:00,North City,North,40.684569227225204,-73.94711791909074,16.04,19.71
2024-05-15 05:00:00,East City,East,35.713525011656785,139.71471724024127,38.91,21.11
2024-05-15 06:00:00,East City,East,35.78265139235919,139.7206339223025,34.93,22.78
2024-05-15 07:00:00,North City,North,40.743136500126006,-74.05984084868135,45.08,21.58
2024-05-15 08:00:00,East City,East,35.71637729012783,139.70620908589544,22.89,29.85
2024-05-15 09:00:00,West City,West,51.47927241131906,-0.13538268360171019,33.37,25.59
2024-05-15 10:00:00,North City,North,40.75026133676235,-74.00610763080957,15.62,12.18
2024-05-15 11:00:00,West City,West,51.438207049050206,-0.15763862381838076,28.06,26.95
2024-05-15 12:00:00,North City,North,40.71028574156713,-73.9952192379199,42.36,14.86
2024-05-15 13:00:00,West City,West,51.48079192432593,-0.1259161897645706,36.6,3.55
2024-05-15 14:00:00,North City,North,40.641251678453266,-74.00779882388383,19.23,10.03
2024-05-15 15:00:00,South City,South,34.03546133376476,-118.27850585256732,44.75,7.87
2024-05-15 16:00:00,East City,East,35.73761609287661,139.67332613988992,43.75,16.77
2024-05-15 17:00:00,East City,East,35.60923084864701,139.7563618526175,32.4,19.42
2024-05-15 18:00:00,West City,West,51.568143895924926,-0.10610909333149385,15.99,18.56
2024-05-15 19:00:00,South City,South,34.05894697650816,-118.37455565587156,1.85,16.58
2024-05-15 20:00:00,North City,North,40.71209696898997,-73.94254360182605,22.29,15.69
2024-05-15 21:00:00,North City,North,40.767683140579834,-74.07930298351991,44.25,12.31
2024-05-15 22:00:00,East City,East,35.675802388930485,139.72038719802606,29.62,15.61
2024-05-15 23:00:00,South City,South,34.10505217095827,-118.27849149731962,23.16,5.22
2024-05-16 00:00:00,South City,South,34.05658368246503,-118.2551398009259,38.28,24.06
2024-05-16 01:00:00,West City,West,51.438952972164834,-0.1118936568813152,33.18,17.72
2024-05-16 02:00:00,West City,West,51.415366384809175,-0.03914449546069962,47.98,13.55
2024-05-16 03:00:00,South City,South,33.98870384563362,-118.18389331414545,22.11,7.93
2024-05-16 04:00:00,South City,South,34.06938797139225,-118.11807105829675,31.19,17.83
2024-05-16 05:00:00,North City,North,40.701411436187804,-73.97028812661341,23.44,21.49
2024-05-16 06:00:00,East City,East,35.688037133192864,139.71447505755458,35.13,12.77
2024-05-16 07:00:00,North City,North,40.683782249857366,-73.90863357565479,37.52,23.48
2024-05-16 08:00:00,West City,West,51.44548173844364,-0.05998744766507079,28.96,11.08
2024-05-16 09:00:00,North City,North,40.7324883121152,-73.91937574961521,37.25,5.33
2024-05-16 10:00:00,North City,North,40.76619975332767,-73.97600036590171,31.02,7.56
2024-05-16 11:00:00,West City,West,51.48015649645882,-0.12089036261043398,18.93,26.41
2024-05-16 12:00:00,West City,West,51.41469142770604,-0.06409654758169746,20.7,15.16
2024-05-16 13:00:00,West City,West,51.594307337916305,-0.1328951185887714,27.35,19.99
2024-05-16 14:00:00,East City,East,35.723222479570815,139.66027570702508,25.97,11.37
2024-05-16 15:00:00,West City,West,51.5228708092571,-0.15601514729053131,21.46,25.97
2024-05-16 16:00:00,West City,West,51.53643336601721,-0.09042818297301129,16.75,16.29
2024-05-16 17:00:00,West City,West,51.47975475308146,-0.15212027599127065,19.9,19.13
2024-05-16 18:00:00,West City,West,51.55456514335094,-0.18494172714402068,37.96,21.78
2024-05-16 19:00:00,South City,South,34.01407092852514,-118.19151115217991,25.6,12.34
2024-05-16 20:00:00,East City,East,35.68384241328445,139.6263737054115,29.85,18.67
2024-05-16 21:00:00,North City,North,40.66843493164819,-74.00445878977862,36.25,25.95
2024-05-16 22:00:00,West City,West,51.58507107432014,-0.12425954155731739,26.9,15.72
2024-05-16 23:00:00,East City,East,35.668789460953626,139.64446235739956,41.24,26.49
2024-05-17 00:00:00,South City,South,34.0427674489538,-118.28400538367111,30.34,10.08
2024-05-17 01:00:00,East City,East,35.75192955681247,139.68443273427562,8.78,12.28
2024-05-17 02:00:00,South City,South,34.11901136248123,-118.23266016565277,32.4,13.83
2024-05-17 03:00:00,West City,West,51.598523167149686,-0.1751400047090666,31.41,17.12
2024-05-17 04:00:00,South City,South,34.008046761212114,-118.19132403033937,30.38,25.02
2024-05-17 05:00:00,South City,South,34.02835103053386,-118.27452684635642,28.99,25.98
2024-05-17 06:00:00,North City,North,40.74489244669785,-74.04661506743413,21.74,12.92
2024-05-17 07:00:00,East City,East,35.70495788597587,139.65749769848105,18.21,20.46
2024-05-17 08:00:00,North City,North,40.68450521686572,-73.93047066125962,37.9,3.22
2024-05-17 09:00:00,North City,North,40.82370804527221,-73.9627970973193,24.97,9.13
2024-05-17 10:00:00,West City,West,51.53815444920747,-0.07493881291156917,24.6,25.52
2024-05-17 11:00:00,North City,North,40.72140294611832,-74.03541807821534,35.39,15.75
2024-05-17 12:00:00,East City,East,35.686739104516356,139.79531505607133,27.64,3.34
2024-05-17 13:00:00,North City,North,40.655513085847396,-74.06809926799741,26.89,13.15
2024-05-17 14:00:00,North City,North,40.66587823276213,-73.9885360582642,31.16,13.44
2024-05-17 15:00:00,West City,West,51.56857898298796,-0.06105266358081783,33.19,26.31
2024-05-17 16:00:00,West City,West,51.546742790124135,-0.03229307980512479,20.61,18.28
2024-05-17 17:00:00,South City,South,34.01503203691872,-118.21792421829925,31.49,29.17
2024-05-17 18:00:00,North City,North,40.669450421298016,-74.06068429311055,48.84,20.46
2024-05-17 19:00:00,West City,West,51.50934472581181,-0.11723096726770177,33.26,27.53
2024-05-17 20:00:00,East City,East,35.6409331108894,139.61858788204796,49.5,23.85
2024-05-17 21:00:00,East City,East,35.68560761092279,139.69733853725424,27.89,34.73
2024-05-17 22:00:00,South City,South,34.09117921230815,-118.19392221016824,25.2,14.18
2024-05-17 23:00:00,North City,North,40.687415361491,-74.07304860179906,46.49,24.03
2024-05-18 00:00:00,North City,North,40.66819972148137,-73.94403548931358,21.25,17.01
2024-05-18 01:00:00,West City,West,51.45858303403726,-0.017510682366130098,37.75,24.01
2024-05-18 02:00:00,East City,East,35.716945216698974,139.64169046360476,39.0,12.54
2024-05-18 03:00:00,West City,West,51.474993378305605,-0.22338211054595214,22.77,21.09
2024-05-18 04:00:00,North City,North,40.74519391158599,-73.96778470438235,30.78,15.41
2024-05-18 05:00:00,North City,North,40.692743984691454,-73.90244337031196,24.43,13.53
2024-05-18 06:00:00,South City,South,34.0717764233097,-118.24873395296886,37.9,20.98
2024-05-18 07:00:00,East City,East,35.642259275487916,139.69995126312193,41.73,14.67
2024-05-18 08:00:00,North City,North,40.72086402266565,-73.97159720889114,33.91,14.16
2024-05-18 09:00:00,North City,North,40.79576646965573,-73.91050625660455,38.75,16.99
2024-05-18 10:00:00,West City,West,51.600624986169365,-0.14243087576898872,24.51,33.69
2024-05-18 11:00:00,North City,North,40.606140778618595,-73.9010123726002,33.31,21.55
2024-05-18 12:00:00,South City,South,34.06902387254852,-118.27986525245804,22.82,15.31
2024-05-18 13:00:00,North City,North,40.72536930194288,-73.89636051588678,30.28,9.71
2024-05-18 14:00:00,East City,East,35.69758901223439,139.69457531460594,28.48,13.41
2024-05-18 15:00:00,West City,West,51.47629362598218,-0.05102346133140587,19.62,28.34
2024-05-18 16:00:00,North City,North,40.65563421868363,-73.96870722769265,25.49,8.53
2024-05-18 17:00:00,North City,North,40.78489770767813,-74.04737486427732,39.27,17.38
2024-05-18 18:00:00,South City,South,34.08546972490079,-118.22050329790062,26.96,10.41
2024-05-18 19:00:00,South City,South,34.083585119727594,-118.25825107365426,35.96,17.64
2024-05-18 20:00:00,East City,East,35.723096984364425,139.68430516979475,33.09,26.96
2024-05-18 21:00:00,West City,West,51.491612158139034,-0.09772792031946963,17.58,18.29
2024-05-18 22:00:00,South City,South,34.06610757801804,-118.32090756459564,36.31,15.97
2024-05-18 23:00:00,North City,North,40.59289184523745,-74.07642157451842,42.46,9.91
2024-05-19 00:00:00,West City,West,51.54843873619763,-0.17317344715212576,27.24,15.73
2024-05-19 01:00:00,South City,South,34.137271187022016,-118.20145732049875,7.4,16.88
2024-05-19 02:00:00,West City,West,51.55022490611248,-0.08892207547003537,32.67,21.35
2024-05-19 03:00:00,West City,West,51.51243679040606,-0.01892229056596137,38.28,23.62
2024-05-19 04:00:00,North City,North,40.69212401236208,-74.0018752084902,33.29,24.66
2024-05-19 05:00:00,West City,West,51.452141345949045,-0.13396490232094993,40.53,25.75
2024-05-19 06:00:00,North City,North,40.76035522799172,-74.07470421317981,39.47,20.97
2024-05-19 07:00:00,West City,West,51.554320571193664,-0.06677618044594627,23.07,22.04
2024-05-19 08:00:00,West City,West,51.524347825723844,-0.04405234945128643,29.46,13.05
2024-05-19 09:00:00,East City,East,35.642673160648684,139.69721223160596,20.74,9.38
2024-05-19 10:00:00,West City,West,51.49562876877246,-0.128880834344783,29.6,0.91
2024-05-19 11:00:00,East City,East,35.61357890069954,139.77429571684337,30.54,23.34
2024-05-19 12:00:00,West City,West,51.41354673895546,-0.10687935427925334,47.14,16.15
2024-05-19 13:00:00,West City,West,51.53635814712557,-0.12864375028621766,20.0,32.25
2024-05-19 14:00:00,East City,East,35.66973941083732,139.64130654993002,34.32,21.43
2024-05-19 15:00:00,South City,South,34.096010628966084,-118.19418502264503,27.5,21.7
2024-05-19 16:00:00,South City,South,34.05819764651299,-118.16022796656165,40.9,12.14
2024-05-19 17:00:00,East City,East,35.68672866761228,139.76226484329797,32.66,19.77
2024-05-19 18:00:00,South City,South,34.04807093321968,-118.2584144547148,33.2,19.35
2024-05-19 19:00:00,South City,South,33.99136071794593,-118.28540795233583,34.3,12.37
2024-05-19 20:00:00,North City,North,40.812345023268485,-74.06084761384727,22.22,21.91
2024-05-19 21:00:00,West City,West,51.500674243608835,-0.09754423327305282,35.47,28.04
2024-05-19 22:00:00,South City,South,34.09081899175833,-118.33512009669077,30.84,15.39
2024-05-19 23:00:00,South City,South,34.05374740441339,-118.31895359371269,41.63,16.97
2024-05-20 00:00:00,North City,North,40.734731807294715,-73.97336360088262,26.49,28.72
2024-05-20 01:00:00,North City,North,40.72871862250293,-74.0337817944088,37.8,28.25
2024-05-20 02:00:00,North City,North,40.73389731424919,-73.97814075920661,39.39,11.84
2024-05-20 03:00:00,East City,East,35.73328281816141,139.64839966455088,25.99,24.01
2024-05-20 04:00:00,North City,North,40.7187311604601,-73.94756566228797,49.02,14.0
2024-05-20 05:00:00,East City,East,35.75415487606206,139.68391387392663,14.29,9.97
2024-05-20 06:00:00,South City,South,34.030369104470196,-118.26221099305992,28.4,14.37
2024-05-20 07:00:00,South City,South,34.053160171048276,-118.31956269302862,32.5,16.97
2024-05-20 08:00:00,East City,East,35.77454741787995,139.67095498800896,32.22,23.21
2024-05-20 09:00:00,West City,West,51.52846635347578,-0.13907019968694406,28.84,24.87
2024-05-20 10:00:00,North City,North,40.71921337201097,-73.99477867360896,46.21,16.63
2024-05-20 11:00:00,West City,West,51.51113140049084,-0.15915182545749224,35.14,13.37
2024-05-20 12:00:00,East City,East,35.69315977433047,139.74934493860883,21.53,19.68
2024-05-20 13:00:00,East City,East,35.66905004103867,139.61522861399837,36.15,6.84
2024-05-20 14:00:00,South City,South,34.107523010140724,-118.27401953447364,35.85,11.78
2024-05-20 15:00:00,West City,West,51.56246097903638,-0.16987537294557656,34.49,28.9
2024-05-20 16:00:00,West City,West,51.48428035006623,-0.17515810670461368,40.92,16.98
2024-05-20 17:00:00,East City,East,35.642779457448086,139.71150455024298,35.1,20.25
2024-05-20 18:00:00,North City,North,40.75844956186088,-74.01918938658419,24.18,14.9
2024-05-20 19:00:00,West City,West,51.54095130056944,-0.11129250253040307,32.01,11.29
2024-05-20 20:00:00,South City,South,34.027802567540185,-118.23573590879248,21.35,11.38
2024-05-20 21:00:00,South City,South,34.07450778689811,-118.18515346107023,14.51,14.58
2024-05-20 22:00:00,North City,North,40.70313270251437,-73.95695513158083,39.08,19.19
2024-05-20 23:00:00,West City,West,51.49121754776454,-0.13913466349493597,24.16,15.39
2024-05-21 00:00:00,West City,West,51.44309601228757,-0.13637617265393068,30.05,21.56
2024-05-21 01:00:00,East City,East,35.729968003600526,139.70650060265692,44.98,24.02
2024-05-21 02:00:00,North City,North,40.7738921673848,-74.06664868197993,40.29,24.7
2024-05-21 03:00:00,West City,West,51.51570094239373,-0.07797686922935082,28.94,14.67
2024-05-21 04:00:00,North City,North,40.75734814818762,-73.94718260205183,39.07,18.95
2024-05-21 05:00:00,South City,South,34.02515363857025,-118.22116828300366,8.3,11.59
2024-05-21 06:00:00,East City,East,35.711122206573876,139.68722221743326,24.89,18.29
2024-05-21 07:00:00,North City,North,40.74889606262042,-74.03858520741092,22.5,22.12
2024-05-21 08:00:00,North City,North,40.650144303997564,-74.02565757894884,32.09,8.94
2024-05-21 09:00:00,South City,South,34.09993210610532,-118.26748979723543,47.51,9.36
2024-05-21 10:00:00,West City,West,51.49325557928585,-0.1521344622873461,24.48,12.93
2024-05-21 11:00:00,South City,South,34.20922114550511,-118.25117926576587,26.42,4.74
2024-05-21 12:00:00,North City,North,40.788735726291044,-74.02582369067073,44.72,10.19
2024-05-21 13:00:00,South City,South,34.093384611942135,-118.24457486728276,8.07,15.54
2024-05-21 14:00:00,North City,North,40.807709038761615,-74.04839867570027,24.25,23.02
2024-05-21 15:00:00,North City,North,40.76800875782718,-74.03166983403881,29.15,31.59
2024-05-21 16:00:00,West City,West,51.515694153828406,-0.08325285130059332,27.44,14.14
2024-05-21 17:00:00,North City,North,40.68852759330099,-74.00629682132345,42.97,12.45
2024-05-21 18:00:00,North City,North,40.59050303879744,-73.98281507359913,29.03,18.08
2024-05-21 19:00:00,South City,South,34.07735446266683,-118.22994532615282,37.0,12.72
2024-05-21 20:00:00,West City,West,51.50742861031191,-0.13001226652992437,28.87,10.99
2024-05-21 21:00:00,West City,West,51.53190985709231,-0.1277719072265395,36.1,29.49
2024-05-21 22:00:00,West City,West,51.64253053589892,-0.2366063729423167,33.47,9.08
2024-05-21 23:00:00,North City,North,40.76555272744713,-74.02271034990332,42.94,15.96
2024-05-22 00:00:00,East City,East,35.651899824657164,139.74566516002125,34.4,23.45
2024-05-22 01:00:00,East City,East,35.70419381059251,139.5107231415016,31.85,7.76
2024-05-22 02:00:00,East City,East,35.64387736061015,139.65090529541217,32.34,13.71
2024-05-22 03:00:00,South City,South,34.062814980883026,-118.23167096211367,43.51,24.39
2024-05-22 04:00:00,East City,East,35.77639437581453,139.64229186844452,18.7,12.41
2024-05-22 05:00:00,East City,East,35.678284076755475,139.65078237689573,27.87,10.34
2024-05-22 06:00:00,South City,South,34.066826206526855,-118.22606293852066,35.92,24.63
2024-05-22 07:00:00,North City,North,40.64964823232115,-74.030256497105,42.37,14.76
2024-05-22 08:00:00,East City,East,35.71161368153501,139.63635375835165,18.94,9.57
2024-05-22 09:00:00,West City,West,51.51704348382491,-0.08307042587153848,25.67,7.84
2024-05-22 10:00:00,West City,West,51.4212902537948,-0.12194168904760351,30.06,15.56
2024-05-22 11:00:00,South City,South,34.041474871658785,-118.21614366979566,30.94,23.18
2024-05-22 12:00:00,West City,West,51.469649255719425,-0.061062657083277835,23.59,17.73
2024-05-22 13:00:00,North City,North,40.79779165068819,-73.8315176195295,19.96,14.27
2024-05-22 14:00:00,North City,North,40.79418226103908,-73.98279698664314,39.35,10.72
2024-05-22 15:00:00,East City,East,35.68343456643052,139.73810360033303,40.4,20.76
2024-05-22 16:00:00,South City,South,33.96374049389334,-118.23767937573712,30.64,19.34
2024-05-22 17:00:00,West City,West,51.383351271634915,-0.18444384339237055,10.26,13.32
2024-05-22 18:00:00,South City,South,34.137146307731335,-118.2674269309573,35.02,17.17
2024-05-22 19:00:00,South City,South,34.0804432066078,-118.26813998991756,45.86,18.27
2024-05-22 20:00:00,South City,South,34.092290585826305,-118.21995487537478,30.58,23.81
2024-05-22 21:00:00,West City,West,51.52727529725455,-0.19933262568606192,26.13,20.24
2024-05-22 22:00:00,West City,West,51.501281188349566,-0.11150746810736806,40.62,9.36
2024-05-22 23:00:00,West City,West,51.41758617166112,-0.14483020388718834,13.03,25.29
2024-05-23 00:00:00,South City,South,34.025460594972024,-118.16963906948756,15.27,15.15
2024-05-23 01:00:00,East City,East,35.6017417060005,139.67757611446083,14.82,8.91
2024-05-23 02:00:00,East City,East,35.716063879504844,139.73989563403384,23.85,18.0
2024-05-23 03:00:00,South City,South,34.047392785603776,-118.20599060194839,33.44,26.27
2024-05-23 04:00:00,East City,East,35.71133021892868,139.70362855461445,11.43,15.69
2024-05-23 05:00:00,South City,South,33.979225255198685,-118.20532804364994,15.31,24.66
2024-05-23 06:00:00,West City,West,51.5412339977391,-0.12372464794597865,22.71,7.87
2024-05-23 07:00:00,East City,East,35.678851067172495,139.67888221785734,36.01,31.03
2024-05-23 08:00:00,South City,South,34.129617116430424,-118.20517091479765,30.79,22.92
2024-05-23 09:00:00,West City,West,51.46201250247219,-0.1799621704587192,24.05,20.3
2024-05-23 10:00:00,East City,East,35.62091250847294,139.7150594471877,24.88,19.46
2024-05-23 11:00:00,East City,East,35.68656964621088,139.67966487140762,35.93,22.41
2024-05-23 12:00:00,North City,North,40.75720840654577,-74.05233479292053,36.62,24.81
2024-05-23 13:00:00,East City,East,35.69354576127636,139.68328973546838,33.94,2.02
2024-05-23 14:00:00,West City,West,51.43716136585437,-0.21197114881320916,39.59,17.43
2024-05-23 15:00:00,West City,West,51.53621143597978,-0.1782240713643158,33.06,27.07
2024-05-23 16:00:00,North City,North,40.73573235654588,-73.95405006808467,46.57,21.09
2024-05-23 17:00:00,North City,North,40.7559178082235,-74.02523780016054,34.74,4.2
2024-05-23 18:00:00,East City,East,35.69065428303478,139.67089339554315,36.25,22.74
2024-05-23 19:00:00,East City,East,35.62503089554483,139.7284405671755,35.9,17.28
2024-05-23 20:00:00,East City,East,35.72484666627915,139.67675977475756,9.5,20.94
2024-05-23 21:00:00,North City,North,40.713377896138574,-74.06917423025305,25.78,14.57
2024-05-23 22:00:00,West City,West,51.54853240108488,-0.07886735222927044,31.14,21.7
2024-05-23 23:00:00,West City,West,51.50032077903528,-0.03926790637686632,37.17,4.76
2024-05-24 00:00:00,East City,East,35.7309163362377,139.72512505763987,40.97,15.33
2024-05-24 01:00:00,North City,North,40.775080915610914,-73.98268011253762,30.28,15.47
2024-05-24 02:00:00,East City,East,35.672899305373065,139.72605593331784,24.65,29.88
2024-05-24 03:00:00,North City,North,40.772671159990246,-73.97123536366678,27.19,16.19
2024-05-24 04:00:00,East City,East,35.60448087526819,139.60413766880922,36.08,14.58
2024-05-24 05:00:00,East City,East,35.61028082866667,139.6042966264043,24.19,18.54
2024-05-24 06:00:00,South City,South,33.95830845619664,-118.20062877137377,26.3,15.25
2024-05-24 07:00:00,East City,East,35.708316297882334,139.72202123641955,17.1,22.64
2024-05-24 08:00:00,North City,North,40.71270230005663,-74.07024097090492,29.77,18.57
2024-05-24 09:00:00,East City,East,35.60024652704268,139.73381988505537,29.92,9.6
2024-05-24 10:00:00,North City,North,40.63198669271165,-74.03765815358074,21.6,29.34
2024-05-24 11:00:00,East City,East,35.645286198181985,139.6673389529166,33.64,29.68
2024-05-24 12:00:00,East City,East,35.669810157191925,139.69504849200345,46.69,14.86
2024-05-24 13:00:00,South City,South,34.04726889478329,-118.22179317139293,29.92,19.14
2024-05-24 14:00:00,East City,East,35.723937378074176,139.6712335848197,32.32,13.12
2024-05-24 15:00:00,North City,North,40.75563325599347,-73.99629894977471,27.97,15.17
2024-05-24 16:00:00,East City,East,35.641021522103124,139.67580345204502,43.47,18.11
2024-05-24 17:00:00,West City,West,51.56463330786378,-0.1003479094326134,42.11,17.61
2024-05-24 18:00:00,South City,South,34.05850269607136,-118.30577596063341,28.87,21.91
2024-05-24 19:00:00,East City,East,35.70737350929244,139.70840631236692,28.26,12.92
2024-05-24 20:00:00,South City,South,33.97273253872169,-118.27330799832856,36.62,6.28
2024-05-24 21:00:00,West City,West,51.46595366854903,-0.06834199935776217,29.06,17.73
2024-05-24 22:00:00,West City,West,51.44342652812853,-0.1532797202558083,30.74,6.48
2024-05-24 23:00:00,North City,North,40.70330092882515,-74.00426227608541,39.99,11.63
2024-05-25 00:00:00,East City,East,35.73085086171898,139.67109282325987,19.61,26.2
2024-05-25 01:00:00,East City,East,35.75697233412691,139.7142521816873,26.18,20.06
2024-05-25 02:00:00,East City,East,35.61499948533675,139.71034702442535,18.83,29.83
2024-05-25 03:00:00,South City,South,34.015700166421,-118.19935786702557,47.0,21.94
2024-05-25 04:00:00,North City,North,40.692846242216746,-73.97517972712112,30.73,25.42
2024-05-25 05:00:00,North City,North,40.74174045548923,-74.11620866927062,30.15,13.3
2024-05-25 06:00:00,South City,South,34.07842745920327,-118.22359000988058,62.16,11.88
2024-05-25 07:00:00,East City,East,35.76235509131137,139.63550494375386,29.77,16.63
2024-05-25 08:00:00,West City,West,51.469651463371555,-0.19468748008521963,19.66,19.97
2024-05-25 09:00:00,North City,North,40.65396562892225,-73.99184252522407,30.37,25.15
2024-05-25 10:00:00,West City,West,51.54016603977766,-0.15780856377471936,17.93,14.94
2024-05-25 11:00:00,East City,East,35.765297257314714,139.62037584216893,23.87,12.35
2024-05-25 12:00:00,North City,North,40.74903405466792,-73.9164114854467,28.84,15.51
2024-05-25 13:00:00,North City,North,40.75015336594869,-73.95886521662504,27.34,13.35
2024-05-25 14:00:00,East City,East,35.720471228502866,139.70829169936195,41.8,18.07
2024-05-25 15:00:00,East City,East,35.669936614254624,139.647253759547,14.29,6.48
2024-05-25 16:00:00,North City,North,40.67774374527915,-73.95678848912445,43.95,19.43
2024-05-25 17:00:00,North City,North,40.71511917789583,-74.07243217871137,33.34,11.96
2024-05-25 18:00:00,East City,East,35.7316076883613,139.69789135398815,27.02,27.42
2024-05-25 19:00:00,West City,West,51.59804536103294,-0.17478047585489248,15.53,14.21
2024-05-25 20:00:00,West City,West,51.53314687296996,-0.13783699804549374,17.68,28.31
2024-05-25 21:00:00,West City,West,51.59266645164488,-0.08555470386891456,33.89,30.22
2024-05-25 22:00:00,West City,West,51.48916297960989,-0.13127541797835068,43.53,28.83
2024-05-25 23:00:00,East City,East,35.73390786608717,139.7355022888336,12.06,10.15
2024-05-26 00:00:00,North City,North,40.686472629651405,-73.99194823468267,46.04,18.79
2024-05-26 01:00:00,North City,North,40.66678047860822,-73.99765201928021,21.63,24.75
2024-05-26 02:00:00,East City,East,35.67000644335569,139.61743370341122,27.18,11.9
2024-05-26 03:00:00,East City,East,35.682085843103636,139.7425897984518,29.03,18.13
2024-05-26 04:00:00,West City,West,51.50122404823995,-0.10104610543570874,29.26,14.0
2024-05-26 05:00:00,North City,North,40.698916490145685,-73.96469190839953,24.46,10.9
2024-05-26 06:00:00,East City,East,35.64075661620965,139.7424956058555,26.71,20.82
2024-05-26 07:00:00,South City,South,34.01375200436626,-118.23806573999198,23.46,22.11
2024-05-26 08:00:00,West City,West,51.455014131048884,-0.15619569052439136,34.31,15.97
2024-05-26 09:00:00,West City,West,51.548224517128794,-0.08672587804141818,31.57,24.14
2024-05-26 10:00:00,West City,West,51.422399025721816,-0.1141304448007355,31.43,24.48
2024-05-26 11:00:00,West City,West,51.59929710149961,-0.10669281539023687,39.36,25.66
2024-05-26 12:00:00,West City,West,51.50647930430756,-0.10912706932261093,38.06,9.87
2024-05-26 13:00:00,East City,East,35.75738922760291,139.65602491125014,24.19,18.89
2024-05-26 14:00:00,North City,North,40.64159495751361,-74.02682478555298,38.4,17.74
2024-05-26 15:00:00,West City,West,51.55099967327134,-0.15815385956878497,31.38,28.73
2024-05-26 16:00:00,East City,East,35.772275673002625,139.7153437866788,19.47,33.33
2024-05-26 17:00:00,South City,South,33.987977456885865,-118.22513104511914,4.18,19.5
2024-05-26 18:00:00,South City,South,34.10666391168476,-118.33987964286153,18.48,10.41
2024-05-26 19:00:00,East City,East,35.68128931079793,139.59727382936424,19.02,19.82
2024-05-26 20:00:00,East City,East,35.745930683720154,139.66924350122463,16.48,12.82
2024-05-26 21:00:00,North City,North,40.692062534164556,-73.89225057932317,43.94,6.48
2024-05-26 22:00:00,West City,West,51.46276078480257,-0.10888913594942726,19.83,13.43
2024-05-26 23:00:00,East City,East,35.70741172970072,139.78589055155925,26.71,8.45
2024-05-27 00:00:00,West City,West,51.52078600491392,-0.1415969711248172,26.19,16.07
2024-05-27 01:00:00,West City,West,51.56569389057286,-0.1433979656558093,0.0,19.51
2024-05-27 02:00:00,East City,East,35.62747847710839,139.73433374218075,28.49,21.73
2024-05-27 03:00:00,South City,South,34.10829752459576,-118.32057516091174,26.48,31.63
2024-05-27 04:00:00,North City,North,40.77114933490125,-73.98805549194942,18.04,15.17
2024-05-27 05:00:00,South City,South,34.0475508796327,-118.29586017005946,10.66,22.2
2024-05-27 06:00:00,East City,East,35.79644489285817,139.69145297309865,15.89,1.94
2024-05-27 07:00:00,South City,South,33.90938622933294,-118.25817450402168,12.43,20.18
2024-05-27 08:00:00,East City,East,35.663133706098634,139.65827314703193,31.89,17.51
2024-05-27 09:00:00,West City,West,51.4941419113883,-0.29277052227774836,29.81,32.7
2024-05-27 10:00:00,South City,South,34.02908354914608,-118.37763900669998,12.91,22.4
2024-05-27 11:00:00,North City,North,40.623019338967886,-74.06745855167591,21.51,28.26
2024-05-27 12:00:00,West City,West,51.438019884138605,-0.18519964475020217,42.35,18.68
2024-05-27 13:00:00,South City,South,33.98337632794543,-118.26339292835847,32.82,18.32
2024-05-27 14:00:00,West City,West,51.41445554307626,-0.17118663660602038,15.48,10.56
2024-05-27 15:00:00,North City,North,40.65819400451388,-74.07965729383233,26.93,22.09
2024-05-27 16:00:00,South City,South,34.01464160344551,-118.33393461280832,13.08,17.62
2024-05-27 17:00:00,South City,South,33.95067932120919,-118.23298028263092,5.97,21.11
2024-05-27 18:00:00,South City,South,33.984228390132486,-118.22721132911498,20.4,33.46
2024-05-27 19:00:00,East City,East,35.652408967914916,139.68533211659394,51.43,28.08
2024-05-27 20:00:00,West City,West,51.49224518350009,-0.14245521476629067,45.0,16.1
2024-05-27 21:00:00,South City,South,34.0824879398775,-118.20619691014467,31.49,13.7
2024-05-27 22:00:00,East City,East,35.691875898254715,139.77561974070545,18.23,21.24
2024-05-27 23:00:00,South City,South,34.04658681164043,-118.2422218856564,38.02,12.78
2024-05-28 00:00:00,North City,North,40.63398827007456,-74.02572607542051,32.13,14.76
2024-05-28 01:00:00,West City,West,51.49759498589414,-0.09791146748317618,40.69,13.02
2024-05-28 02:00:00,West City,West,51.4585681488602,-0.049208934711137325,39.68,17.53
2024-05-28 03:00:00,South City,South,34.06210393085158,-118.21973228705907,21.44,9.83
2024-05-28 04:00:00,South City,South,34.01414505908448,-118.32259244527683,34.5,23.04
2024-05-28 05:00:00,East City,East,35.71106342208026,139.7302213385953,44.63,20.56
2024-05-28 06:00:00,North City,North,40.705397080314455,-73.98275624535938,15.66,32.01
2024-05-28 07:00:00,North City,North,40.715323552684175,-74.04279267879562,15.96,13.91
2024-05-28 08:00:00,East City,East,35.78157193905918,139.7627480850369,25.82,11.89
2024-05-28 09:00:00,West City,West,51.46584760758444,-0.06002522335624963,39.87,24.39
2024-05-28 10:00:00,North City,North,40.7310191015278,-73.95381826919079,15.37,2.63
2024-05-28 11:00:00,East City,East,35.671757463432414,139.6437542954997,22.61,14.22
2024-05-28 12:00:00,South City,South,34.09254899330551,-118.2435362155983,30.51,18.75
2024-05-28 13:00:00,East City,East,35.71322413481253,139.76925612947332,33.67,18.16
2024-05-28 14:00:00,East City,East,35.67828488136262,139.68232444763922,31.34,15.36
2024-05-28 15:00:00,South City,South,34.037820792620394,-118.25403772017147,27.56,21.89
2024-05-28 16:00:00,South City,South,34.047183280393234,-118.22146247346093,37.96,22.39
2024-05-28 17:00:00,West City,West,51.5153843980605,-0.0535850454540841,37.09,20.77
2024-05-28 18:00:00,East City,East,35.67795499625973,139.67058452372262,27.63,15.18
2024-05-28 19:00:00,North City,North,40.651588749582224,-74.07388493634338,18.61,13.42
2024-05-28 20:00:00,South City,South,34.040423488965544,-118.19731036830623,45.98,6.32
2024-05-28 21:00:00,North City,North,40.75359529944922,-73.97340831339154,21.94,23.49
2024-05-28 22:00:00,East City,East,35.69230729719755,139.64345026423985,32.96,22.51
2024-05-28 23:00:00,West City,West,51.57594813800646,-0.2478973471975273,31.57,12.06
2024-05-29 00:00:00,West City,West,51.482253251712855,-0.10920925903264321,19.54,23.25
2024-05-29 01:00:00,East City,East,35.64074696372898,139.7055630147183,31.21,21.7
2024-05-29 02:00:00,North City,North,40.74082827555646,-74.05268105136317,33.06,35.84
2024-05-29 03:00:00,East City,East,35.64487675161422,139.73857031412348,36.16,20.03
2024-05-29 04:00:00,North City,North,40.75275897335859,-74.0275781220434,27.82,22.67
2024-05-29 05:00:00,West City,West,51.491924830862004,-0.13748136798118232,33.64,21.57
2024-05-29 06:00:00,West City,West,51.465542535984454,-0.07662210683126483,31.18,9.58
2024-05-29 07:00:00,South City,South,34.12164000518098,-118.26147733355954,37.37,15.91
2024-05-29 08:00:00,West City,West,51.481113317778174,-0.1015983034261064,42.94,10.24
2024-05-29 09:00:00,East City,East,35.66325726100329,139.60081273062508,39.39,17.88
2024-05-29 10:00:00,South City,South,34.05405652066248,-118.29225777654878,25.51,21.7
2024-05-29 11:00:00,East City,East,35.66717727608725,139.68761316619842,20.25,23.3
2024-05-29 12:00:00,South City,South,34.00894378198378,-118.27403954116897,31.89,18.98
2024-05-29 13:00:00,North City,North,40.65506915878228,-74.06594630357318,22.34,9.96
2024-05-29 14:00:00,South City,South,34.02872300708143,-118.24374679684296,22.22,15.76
2024-05-29 15:00:00,South City,South,34.03647498033249,-118.23211650304907,26.96,16.48
2024-05-29 16:00:00,South City,South,34.093017905088715,-118.19447480972133,19.69,19.25
2024-05-29 17:00:00,South City,South,34.09373969615516,-118.19369495513972,33.77,16.23
2024-05-29 18:00:00,South City,South,33.99933799222015,-118.28773812237846,41.97,18.15
2024-05-29 19:00:00,North City,North,40.62294281661855,-73.91864704277232,38.87,18.24
2024-05-29 20:00:00,West City,West,51.47473757396003,-0.0982004089540754,37.47,20.08
2024-05-29 21:00:00,West City,West,51.42179038199388,-0.15811602926188786,45.67,21.27
2024-05-29 22:00:00,West City,West,51.60385103451984,-0.09105546355325447,20.65,19.19
2024-05-29 23:00:00,South City,South,34.05060330549746,-118.17209606980478,49.25,15.84
2024-05-30 00:00:00,East City,East,35.6284767125307,139.7399754960047,23.82,13.44
2024-05-30 01:00:00,South City,South,33.97916786501611,-118.23745563550496,13.78,18.32
2024-05-30 02:00:00,West City,West,51.539959148630395,-0.12308057251440578,21.15,8.03
2024-05-30 03:00:00,South City,South,34.107170780089646,-118.14961893553212,23.77,28.99
2024-05-30 04:00:00,East City,East,35.81516631870954,139.68603000754388,35.94,26.63
2024-05-30 05:00:00,West City,West,51.54456260528115,-0.13136953178575808,34.77,25.22
2024-05-30 06:00:00,North City,North,40.678434142848005,-74.01136158356564,33.5,13.96
2024-05-30 07:00:00,East City,East,35.6998252812573,139.69616141434375,27.82,13.49
2024-05-30 08:00:00,West City,West,51.623669102834114,-0.09943716936873769,41.42,3.48
2024-05-30 09:00:00,West City,West,51.48718173371598,-0.13657739593154994,17.68,25.66
2024-05-30 10:00:00,North City,North,40.71503332913322,-73.99503905562182,34.25,18.13
2024-05-30 11:00:00,North City,North,40.8115852550615,-74.00974092101752,25.08,21.22
2024-05-30 12:00:00,West City,West,51.49003946750619,-0.14061808424496053,32.23,13.18
2024-05-30 13:00:00,East City,East,35.680461245363134,139.6237387611369,16.45,23.25
2024-05-30 14:00:00,North City,North,40.7570699688148,-74.07332010994857,40.91,25.02
2024-05-30 15:00:00,North City,North,40.78106643741379,-74.01616491222885,16.2,12.35
2024-05-30 16:00:00,East City,East,35.66884203869276,139.7678410977913,34.77,8.95
2024-05-30 17:00:00,East City,East,35.72091040058982,139.70462008577672,26.55,10.67
2024-05-30 18:00:00,West City,West,51.52327697707556,-0.22396068489173832,39.68,15.49
2024-05-30 19:00:00,North City,North,40.78190689974234,-73.94659690618745,31.33,14.15
2024-05-30 20:00:00,West City,West,51.470003373999404,-0.08872862756372868,40.82,16.16
2024-05-30 21:00:00,East City,East,35.735855148291584,139.6563449707062,27.19,0.85
2024-05-30 22:00:00,East City,East,35.64982556280599,139.7017139370933,30.87,25.32
2024-05-30 23:00:00,South City,South,34.03076988815256,-118.19026475099328,22.73,9.46
2024-05-31 00:00:00,West City,West,51.461074120175816,-0.11371984812910212,33.26,9.22
2024-05-31 01:00:00,West City,West,51.53297514995661,-0.0742669985856155,33.3,24.88
2024-05-31 02:00:00,West City,West,51.48587178845625,-0.10599509037010138,19.25,21.66
2024-05-31 03:00:00,West City,West,51.53326377136806,-0.09633809098523795,21.44,26.26
2024-05-31 04:00:00,East City,East,35.70434697726008,139.73701332772825,40.37,12.89
2024-05-31 05:00:00,West City,West,51.5328138215595,-0.060608928522593725,19.55,11.02
2024-05-31 06:00:00,North City,North,40.70067546116875,-73.98007206489964,32.71,5.1
2024-05-31 07:00:00,South City,South,34.15521707719184,-118.29710235691832,24.86,25.0
2024-05-31 08:00:00,North City,North,40.783699474138395,-74.08643370290473,30.33,25.96
2024-05-31 09:00:00,South City,South,34.06375077072881,-118.28985788714039,30.68,25.79
2024-05-31 10:00:00,North City,North,40.74975983838696,-74.04345873740698,21.39,18.47
2024-05-31 11:00:00,West City,West,51.464844260658275,-0.1889112859795977,23.06,24.15
2024-05-31 12:00:00,West City,West,51.47351372478773,-0.20604373964307596,23.94,34.67
2024-05-31 13:00:00,South City,South,34.02688071927518,-118.3213778611474,22.92,13.18
2024-05-31 14:00:00,North City,North,40.63154251198057,-73.94135833289992,34.89,24.37
2024-05-31 15:00:00,West City,West,51.524542673289076,-0.03687678108092034,20.88,14.76
2024-05-31 16:00:00,West City,West,51.48945290273468,-0.010596597450927198,33.03,18.09
2024-05-31 17:00:00,East City,East,35.664634638988765,139.73865259622036,31.95,7.66
2024-05-31 18:00:00,North City,North,40.694628790595004,-74.05215028485594,5.81,18.45
2024-05-31 19:00:00,South City,South,34.053092765074105,-118.1199343099532,37.03,24.96
2024-05-31 20:00:00,South City,South,34.05679732016799,-118.31275391013592,26.89,31.19
2024-05-31 21:00:00,West City,West,51.44117134627315,-0.10214263980502551,35.33,28.12
2024-05-31 22:00:00,East City,East,35.68502941858189,139.6914420889384,38.66,26.45
2024-05-31 23:00:00,North City,North,40.67765835935323,-74.01071219217624,34.75,18.36
2024-06-01 00:00:00,West City,West,51.49180423721837,-0.14194540144236228,31.67,12.95
2024-06-01 01:00:00,East City,East,35.624548218186725,139.64927228704926,12.01,19.75
2024-06-01 02:00:00,South City,South,33.97387357519388,-118.16319564486592,22.3,11.9
2024-06-01 03:00:00,West City,West,51.50840148744121,-0.09079608171473566,33.79,14.27
2024-06-01 04:00:00,West City,West,51.447922583667676,-0.08260274766665081,26.47,12.05
2024-06-01 05:00:00,South City,South,34.15653128076707,-118.17117121495903,10.64,5.8
2024-06-01 06:00:00,West City,West,51.46899953824782,-0.14125406541687519,29.5,12.97
2024-06-01 07:00:00,South City,South,34.05917262330146,-118.20457669890627,16.82,22.21
2024-06-01 08:00:00,North City,North,40.67938358509659,-73.93018676488798,37.28,5.72
2024-06-01 09:00:00,South City,South,34.11045497065326,-118.25799665723667,20.05,16.84
2024-06-01 10:00:00,North City,North,40.681244284746704,-73.97641974990256,46.13,17.39
2024-06-01 11:00:00,West City,West,51.47383097781775,-0.04429530497084552,31.44,23.53
2024-06-01 12:00:00,South City,South,34.009119263431025,-118.17582932041114,17.8,23.25
2024-06-01 13:00:00,East City,East,35.64513006455546,139.60740881818936,36.16,13.72
2024-06-01 14:00:00,East City,East,35.77936759363084,139.6335701356026,32.94,28.67
2024-06-01 15:00:00,South City,South,34.11243379678785,-118.24918274245587,28.23,23.58
2024-06-01 16:00:00,North City,North,40.63678633145913,-74.05288302901242,22.47,36.63
2024-06-01 17:00:00,East City,East,35.634268450379075,139.7250754461241,20.81,11.14
2024-06-01 18:00:00,North City,North,40.72666434531766,-73.98655010272579,21.3,12.44
2024-06-01 19:00:00,North City,North,40.78455327060011,-73.93295906408555,43.34,25.99
2024-06-01 20:00:00,North City,North,40.729484877391734,-73.96547106548395,10.52,14.76
2024-06-01 21:00:00,West City,West,51.49031098125392,-0.1547964783444633,26.61,11.72
2024-06-01 22:00:00,West City,West,51.529650879895065,-0.08131251463361902,46.03,24.21
2024-06-01 23:00:00,North City,North,40.68383473457105,-74.0615561883208,47.71,28.02
2024-06-02 00:00:00,North City,North,40.69891665796816,-74.05088580997491,27.53,28.13
2024-06-02 01:00:00,South City,South,34.09144046547287,-118.20905710627015,18.74,9.1
2024-06-02 02:00:00,North City,North,40.7315105126895,-74.04858242371417,36.4,22.59
2024-06-02 03:00:00,North City,North,40.68886539055304,-74.1451858111899,14.35,23.36
2024-06-02 04:00:00,West City,West,51.5492000195778,-0.11130568379401039,28.05,12.96
2024-06-02 05:00:00,West City,West,51.56453244934244,-0.046339594059629716,22.8,14.09
2024-06-02 06:00:00,West City,West,51.450225824819086,-0.10832985197055367,28.32,19.25
2024-06-02 07:00:00,South City,South,34.042750937774365,-118.23566535662675,33.66,14.45
2024-06-02 08:00:00,West City,West,51.47319091364827,-0.14720464251405813,30.67,24.07
2024-06-02 09:00:00,East City,East,35.67176612782136,139.6233768364482,13.04,30.16
2024-06-02 10:00:00,South City,South,34.12422574361128,-118.19914272696903,21.8,2.31
2024-06-02 11:00:00,North City,North,40.782838863809786,-73.98320158000597,24.46,19.25
2024-06-02 12:00:00,East City,East,35.77518351129224,139.64178243491932,39.19,25.97
2024-06-02 13:00:00,West City,West,51.48281541956201,-0.05802180651473651,9.67,27.73
2024-06-02 14:00:00,West City,West,51.521777502823205,-0.1826094413657771,21.31,27.85
2024-06-02 15:00:00,East City,East,35.63286963547394,139.7554885910379,42.91,31.31
2024-06-02 16:00:00,East City,East,35.69655641755984,139.6623960296789,31.85,10.36
2024-06-02 17:00:00,East City,East,35.75543506778841,139.71719758333714,36.16,18.94
2024-06-02 18:00:00,South City,South,34.01006480031696,-118.16182775920586,13.57,2.0
2024-06-02 19:00:00,South City,South,33.9917903770821,-118.31819015326826,39.99,17.13
2024-06-02 20:00:00,North City,North,40.74229139329673,-74.03946829938148,46.97,17.18
2024-06-02 21:00:00,South City,South,34.034171663410504,-118.30428884596026,24.21,19.78
2024-06-02 22:00:00,North City,North,40.710285783725894,-74.0032719404137,15.7,14.57
2024-06-02 23:00:00,North City,North,40.73591261646465,-73.95365604838383,45.64,12.19
2024-06-03 00:00:00,North City,North,40.74353978535059,-74.09167906626244,35.56,16.72
2024-06-03 01:00:00,West City,West,51.4989683545154,-0.2971617291945884,29.51,20.63
2024-06-03 02:00:00,East City,East,35.67936524465905,139.65645454744288,21.28,13.36
2024-06-03 03:00:00,East City,East,35.7056335315371,139.74697965726446,35.66,24.77
2024-06-03 04:00:00,East City,East,35.71520249596243,139.6007746840163,19.93,11.69
2024-06-03 05:00:00,West City,West,51.48483816272165,-0.13529952253898836,27.28,13.34
2024-06-03 06:00:00,North City,North,40.772906709354125,-74.05044216943286,44.57,14.75
2024-06-03 07:00:00,South City,South,33.990332315498044,-118.27033966065403,45.21,26.83
2024-06-03 08:00:00,North City,North,40.739675804580834,-74.04251706170874,26.21,17.78
2024-06-03 09:00:00,North City,North,40.63880723284904,-73.99606782243063,35.26,12.79
2024-06-03 10:00:00,West City,West,51.51078235991934,-0.10982717710087855,31.22,8.57
2024-06-03 11:00:00,South City,South,34.04359843189422,-118.28041600011568,15.53,28.18
2024-06-03 12:00:00,North City,North,40.67967910787453,-73.9986772023166,34.34,10.35
2024-06-03 13:00:00,North City,North,40.68568404571576,-74.12927469966566,27.51,11.13
2024-06-03 14:00:00,South City,South,34.10865724631374,-118.23036441175863,31.2,20.39
2024-06-03 15:00:00,South City,South,34.072177342050786,-118.2511905359373,31.74,26.83
2024-06-03 16:00:00,South City,South,34.01322298116465,-118.2677278855156,37.96,18.88
2024-06-03 17:00:00,East City,East,35.70011217439731,139.70848482910773,20.71,6.06
2024-06-03 18:00:00,North City,North,40.80355613112747,-74.0910337002366,34.89,17.53
2024-06-03 19:00:00,North City,North,40.7253934724159,-74.0268345993398,36.98,-1.28
2024-06-03 20:00:00,East City,East,35.634968650124414,139.79917948790222,53.31,-0.35
2024-06-03 21:00:00,South City,South,33.885660699280265,-118.21392308389001,36.42,18.02
2024-06-03 22:00:00,West City,West,51.45701668379072,-0.1865667586695289,34.44,1.61
2024-06-03 23:00:00,South City,South,34.00427753093726,-118.27245290980937,32.72,25.07
2024-06-04 00:00:00,South City,South,34.05391882398306,-118.26295520156813,33.41,20.61
2024-06-04 01:00:00,North City,North,40.72622661594644,-74.06505281378149,30.41,29.9
2024-06-04 02:00:00,North City,North,40.67662290681294,-74.10735813854775,37.31,15.13
2024-06-04 03:00:00,East City,East,35.64259100743894,139.70955812928506,17.33,13.31
2024-06-04 04:00:00,East City,East,35.700855524776216,139.68945499352782,26.43,17.04
2024-06-04 05:00:00,North City,North,40.75302054854618,-73.95178923979293,47.87,15.26
2024-06-04 06:00:00,North City,North,40.696844713010805,-73.99499476709225,30.05,15.22
2024-06-04 07:00:00,East City,East,35.73492071195431,139.72723870125876,14.56,24.77
2024-06-04 08:00:00,South City,South,34.00413707287852,-118.26024038524886,35.2,31.71
2024-06-04 09:00:00,East City,East,35.67320511910571,139.80044188535317,33.12,5.55
2024-06-04 10:00:00,South City,South,34.08793263857689,-118.2640320909432,29.14,17.18
2024-06-04 11:00:00,West City,West,51.43454136507895,-0.13587139490164085,10.93,16.59
2024-06-04 12:00:00,South City,South,34.093860898901944,-118.24715390608088,37.27,13.98
2024-06-04 13:00:00,West City,West,51.52028822767043,-0.12684516438439544,36.55,6.75
2024-06-04 14:00:00,North City,North,40.69053988247314,-73.96217390973695,42.19,10.22
2024-06-04 15:00:00,North City,North,40.68455242366724,-73.97454323508711,34.78,28.34
2024-06-04 16:00:00,West City,West,51.45350908174245,-0.09133997768355626,20.72,30.2
2024-06-04 17:00:00,South City,South,34.10345296963126,-118.24824338404288,33.06,1.42
2024-06-04 18:00:00,South City,South,34.0593107967512,-118.22173145125603,41.77,12.8
2024-06-04 19:00:00,South City,South,34.09030319369313,-118.14763812914552,30.32,25.61
2024-06-04 20:00:00,East City,East,35.70021096545717,139.7101978692593,19.8,16.62
2024-06-04 21:00:00,West City,West,51.466356636629506,-0.18310342264808557,33.55,16.89
2024-06-04 22:00:00,West City,West,51.498029720761814,-0.1585066427911836,40.4,16.63
2024-06-04 23:00:00,West City,West,51.5320558763608,-0.080006969673751,27.6,24.52
2024-06-05 00:00:00,West City,West,51.553898549686394,-0.09977375748989398,26.59,17.14
2024-06-05 01:00:00,North City,North,40.72061885959963,-74.06382201368157,42.87,18.1
2024-06-05 02:00:00,West City,West,51.5210034949318,-0.08342141985999774,39.5,13.24
2024-06-05 03:00:00,West City,West,51.62867062959019,-0.13175611111922544,20.35,16.84
2024-06-05 04:00:00,West City,West,51.50154073843723,-0.10449743755647269,22.9,4.71
2024-06-05 05:00:00,West City,West,51.534762522153365,-0.1393226450860907,19.62,23.43
2024-06-05 06:00:00,South City,South,34.104394122796165,-118.305710421156,22.12,1.82
2024-06-05 07:00:00,West City,West,51.57722989231116,-0.08479073946090779,41.85,30.72
2024-06-05 08:00:00,South City,South,34.05956547024899,-118.24273830352493,33.45,20.46
2024-06-05 09:00:00,South City,South,34.025506139216326,-118.27332294378918,42.15,23.99
2024-06-05 10:00:00,North City,North,40.65111892406565,-73.96508016828392,33.96,20.97
2024-06-05 11:00:00,South City,South,33.99590245519323,-118.30583100724725,33.1,18.95
2024-06-05 12:00:00,West City,West,51.58199093666901,-0.13984601425663795,38.37,16.47
2024-06-05 13:00:00,South City,South,33.99826740037744,-118.20203721837007,35.21,18.03
2024-06-05 14:00:00,South City,South,34.07389824462123,-118.27855860222516,21.68,30.48
2024-06-05 15:00:00,North City,North,40.73254100102061,-74.03230826855301,20.09,11.84
2024-06-05 16:00:00,North City,North,40.74065620736475,-74.07674533790451,37.76,27.96
2024-06-05 17:00:00,South City,South,34.06729536857667,-118.2599831610658,29.52,14.46
2024-06-05 18:00:00,East City,East,35.76232357389028,139.6484281862036,40.72,19.94
2024-06-05 19:00:00,West City,West,51.44754167036549,-0.04415051485775236,32.26,8.54
2024-06-05 20:00:00,South City,South,33.93832623256163,-118.3701411884291,21.97,21.48
2024-06-05 21:00:00,North City,North,40.7046183502175,-73.98315683718158,22.45,20.6
2024-06-05 22:00:00,West City,West,51.552054723910935,-0.18517935143420586,27.11,12.43
2024-06-05 23:00:00,West City,West,51.43511948996117,-0.12577855300832663,21.86,13.73
2024-06-06 00:00:00,South City,South,34.04978213458374,-118.23552862943822,52.34,15.81
2024-06-06 01:00:00,South City,South,34.05387710469124,-118.26478273835968,23.97,27.66
2024-06-06 02:00:00,East City,East,35.73726425598265,139.70715725137376,32.95,11.56
2024-06-06 03:00:00,West City,West,51.48442622840236,-0.08365375972066239,30.62,21.85
2024-06-06 04:00:00,West City,West,51.551061878367875,-0.05575105145380277,22.42,29.3
2024-06-06 05:00:00,South City,South,34.02696840054082,-118.23479053639892,29.44,17.34
2024-06-06 06:00:00,North City,North,40.72016976538442,-73.97487751303107,42.12,21.65
2024-06-06 07:00:00,North City,North,40.814602141642006,-74.02684498180597,24.65,16.51
2024-06-06 08:00:00,North City,North,40.74921721126655,-73.96681275957229,19.0,19.73
2024-06-06 09:00:00,West City,West,51.57787133147817,-0.07577536811350893,29.66,13.14
2024-06-06 10:00:00,East City,East,35.70961009070747,139.69720346855664,29.0,24.58
2024-06-06 11:00:00,North City,North,40.719236434036986,-74.06776669896517,32.76,32.61
2024-06-06 12:00:00,East City,East,35.62687642515088,139.7077182719916,21.21,22.87
2024-06-06 13:00:00,West City,West,51.444739597937904,-0.03916384491220573,23.66,24.15
2024-06-06 14:00:00,East City,East,35.68840585174575,139.65651369718702,20.17,25.8
2024-06-06 15:00:00,East City,East,35.72391425542441,139.65015586680724,41.09,13.73
2024-06-06 16:00:00,North City,North,40.77383560726086,-74.00950237104804,17.53,9.61
2024-06-06 17:00:00,South City,South,34.14687261614122,-118.17525577073451,18.93,20.66
2024-06-06 18:00:00,East City,East,35.68933255335482,139.658918842804,47.57,15.15
2024-06-06 19:00:00,North City,North,40.76920013131008,-73.94798759340851,34.17,19.38
2024-06-06 20:00:00,North City,North,40.692410155589855,-74.07841779641103,35.63,25.17
2024-06-06 21:00:00,West City,West,51.52381942707765,-0.1765608896809,31.62,16.03
2024-06-06 22:00:00,North City,North,40.75425444262073,-74.02603420003199,29.73,9.87
2024-06-06 23:00:00,North City,North,40.711391654577525,-74.00760929754722,31.07,22.44
2024-06-07 00:00:00,South City,South,34.05300092494065,-118.18824850527349,28.12,20.86
2024-06-07 01:00:00,West City,West,51.45672012247446,-0.18281121898404296,21.57,14.71
2024-06-07 02:00:00,West City,West,51.46979476029517,-0.08255662453876239,21.02,32.02
2024-06-07 03:00:00,North City,North,40.686868749936785,-73.9801499848743,55.97,10.09
2024-06-07 04:00:00,East City,East,35.69772954102296,139.669454049319,31.94,10.32
2024-06-07 05:00:00,North City,North,40.64400124073421,-73.98574137277014,40.38,19.88
2024-06-07 06:00:00,North City,North,40.73792020451419,-73.98857787644718,29.03,14.37
2024-06-07 07:00:00,West City,West,51.552655959158464,-0.09772099772989104,45.84,5.71
2024-06-07 08:00:00,South City,South,34.16628054846918,-118.31421847886209,17.11,8.09
2024-06-07 09:00:00,East City,East,35.63261489990353,139.73236779761075,36.25,21.12
2024-06-07 10:00:00,West City,West,51.530997466523374,-0.17731336425682337,19.3,19.99
2024-06-07 11:00:00,South City,South,34.09228198584518,-118.21151329994039,21.21,17.05
2024-06-07 12:00:00,South City,South,33.97201564272113,-118.23313530735625,28.6,27.25
2024-06-07 13:00:00,West City,West,51.50659527814219,-0.2382376694753781,41.43,15.59
2024-06-07 14:00:00,East City,East,35.62372467158533,139.6843697720995,18.84,13.13
2024-06-07 15:00:00,West City,West,51.48999463273993,-0.13857847306798843,31.09,10.52
2024-06-07 16:00:00,East City,East,35.66693179133725,139.71023118830627,35.33,13.14
2024-06-07 17:00:00,West City,West,51.49403494628049,-0.08015999461973015,36.2,16.72
2024-06-07 18:00:00,East City,East,35.640760383647525,139.70215373087885,34.2,13.82
2024-06-07 19:00:00,West City,West,51.56693643244899,-0.03972490532539984,16.3,17.95
2024-06-07 20:00:00,North City,North,40.75414942047556,-74.03817963510578,29.68,13.44
2024-06-07 21:00:00,East City,East,35.665686348861634,139.7319946730166,37.75,28.81
2024-06-07 22:00:00,West City,West,51.452638178969984,-0.19097020555600452,23.89,26.6
2024-06-07 23:00:00,North City,North,40.681898396304696,-73.96373598476966,19.69,14.05
2024-06-08 00:00:00,South City,South,34.004660166865285,-118.30267809636563,38.44,24.86
2024-06-08 01:00:00,West City,West,51.5024437604306,-0.12409329799741717,34.71,21.25
2024-06-08 02:00:00,East City,East,35.688106232664474,139.73542080739912,31.19,15.69
2024-06-08 03:00:00,South City,South,34.02131018632595,-118.2685567011935,43.99,22.35
2024-06-08 04:00:00,North City,North,40.7214916089209,-74.00889051598178,35.74,18.0
2024-06-08 05:00:00,West City,West,51.50877931758117,-0.08146516328081688,34.97,18.23
2024-06-08 06:00:00,North City,North,40.68320915687856,-74.04262285915152,31.25,21.18
2024-06-08 07:00:00,North City,North,40.71524241966048,-74.03933225964789,51.41,18.1
2024-06-08 08:00:00,West City,West,51.47646790089852,-0.22950567136399144,23.75,25.62
2024-06-08 09:00:00,North City,North,40.645284109508424,-73.99333706888663,40.64,21.16
2024-06-08 10:00:00,West City,West,51.57138369774961,-0.02734713050998759,38.25,12.13
2024-06-08 11:00:00,East City,East,35.593449343058836,139.72449595698293,23.97,28.7
2024-06-08 12:00:00,South City,South,34.068604785418756,-118.20633391313915,9.75,19.41
2024-06-08 13:00:00,West City,West,51.52038540877999,-0.22066594752598856,37.07,25.76
2024-06-08 14:00:00,East City,East,35.71221346033339,139.6798626513598,40.6,16.3
2024-06-08 15:00:00,South City,South,34.083569924281065,-118.23286043611978,36.83,12.38
2024-06-08 16:00:00,East City,East,35.74301765191715,139.70370120874426,32.49,15.52
2024-06-08 17:00:00,North City,North,40.713162758681804,-74.01490977108554,40.8,15.55
2024-06-08 18:00:00,South City,South,34.09561539086888,-118.24127632914566,28.59,12.24
2024-06-08 19:00:00,West City,West,51.59407206696921,-0.11609029242508973,34.71,23.14
2024-06-08 20:00:00,North City,North,40.71696846696487,-73.97582853061584,31.29,20.15
2024-06-08 21:00:00,South City,South,34.0887182264626,-118.25765183670286,32.17,18.82
2024-06-08 22:00:00,West City,West,51.547560813510195,-0.08185418033613544,43.39,20.23
2024-06-08 23:00:00,North City,North,40.68220434736791,-73.97624213380577,31.18,10.72
2024-06-09 00:00:00,North City,North,40.767096305484316,-73.99056163628805,33.42,15.96
2024-06-09 01:00:00,South City,South,34.06847897654374,-118.32863846532292,16.06,10.13
2024-06-09 02:00:00,West City,West,51.488069251569435,-0.1089984668202152,38.05,16.86
2024-06-09 03:00:00,South City,South,33.95638496170012,-118.2454406157379,31.73,31.27
2024-06-09 04:00:00,South City,South,34.02479582786386,-118.3128425390616,31.25,1.9
2024-06-09 05:00:00,South City,South,34.07763450400951,-118.19741276996487,24.82,20.1
2024-06-09 06:00:00,North City,North,40.674515051488584,-74.00535054030492,17.7,13.74
2024-06-09 07:00:00,North City,North,40.7336837550326,-73.93195037979413,39.16,26.85
2024-06-09 08:00:00,North City,North,40.69268085766611,-73.98151218868188,23.04,14.21
2024-06-09 09:00:00,West City,West,51.516905203072525,-0.15555506373095843,26.08,17.58
2024-06-09 10:00:00,West City,West,51.51195453932423,-0.1560082626461989,16.59,8.07
2024-06-09 11:00:00,West City,West,51.519675922166364,-0.15106612591705387,16.19,16.37
2024-06-09 12:00:00,East City,East,35.7438067388373,139.7318251062329,34.38,7.26
2024-06-09 13:00:00,South City,South,34.03802300609625,-118.21305894777785,19.14,24.16
2024-06-09 14:00:00,West City,West,51.50667812057141,-0.17830550127311492,34.97,23.99
2024-06-09 15:00:00,North City,North,40.65478315719499,-73.93441252578795,33.47,22.88
2024-06-09 16:00:00,East City,East,35.65161510551282,139.7055505601497,24.08,11.1
2024-06-09 17:00:00,West City,West,51.51643701076642,-0.16484783335280817,31.86,11.41
2024-06-09 18:00:00,East City,East,35.7053692184069,139.70429626310047,42.63,28.81
2024-06-09 19:00:00,West City,West,51.57392258357811,-0.13524413980104416,24.48,18.37
2024-06-09 20:00:00,West City,West,51.522694898793866,-0.11412718671017773,34.49,8.14
2024-06-09 21:00:00,West City,West,51.51649314566275,-0.06182793321644221,34.75,23.53
2024-06-09 22:00:00,North City,North,40.737847376339396,-73.97528907434275,22.45,8.3
2024-06-09 23:00:00,West City,West,51.4892107735195,-0.16630595536158765,12.86,14.73
2024-06-10 00:00:00,East City,East,35.70314177804221,139.68559652337578,20.43,23.02
2024-06-10 01:00:00,West City,West,51.50079375624429,-0.20183328893483454,44.45,29.05
2024-06-10 02:00:00,East City,East,35.68326714301309,139.64507188315258,40.7,10.83
2024-06-10 03:00:00,North City,North,40.586387744984314,-74.0594552145583,30.55,19.7
2024-06-10 04:00:00,West City,West,51.540807755990514,-0.15977728801735924,40.71,17.07
2024-06-10 05:00:00,South City,South,34.05939428133259,-118.27290755299006,33.96,9.52
2024-06-10 06:00:00,North City,North,40.74633300656056,-74.02553408465596,48.36,24.41
2024-06-10 07:00:00,West City,West,51.575388594666414,-0.13003543783797927,26.6,19.27
2024-06-10 08:00:00,West City,West,51.456520710943536,-0.07568311325486804,33.03,3.4
2024-06-10 09:00:00,East City,East,35.643700106522196,139.68909624180284,19.25,8.42
2024-06-10 10:00:00,North City,North,40.67940083621335,-74.02368918696938,37.52,26.24
2024-06-10 11:00:00,North City,North,40.75639222849371,-74.00353512873914,31.72,19.08
2024-06-10 12:00:00,South City,South,34.14300189331815,-118.18004770078412,14.65,30.95
2024-06-10 13:00:00,North City,North,40.636873810238534,-74.00677551849067,15.73,21.7
2024-06-10 14:00:00,South City,South,34.122258873474436,-118.1595337953432,19.2,15.63
2024-06-10 15:00:00,East City,East,35.62972651416673,139.72293033224472,32.43,13.84
2024-06-10 16:00:00,South City,South,34.020462325431915,-118.29561489959352,33.36,23.39
2024-06-10 17:00:00,East City,East,35.64078952130555,139.6689796743804,23.46,21.38
2024-06-10 18:00:00,South City,South,34.14380344349965,-118.2281005156402,33.97,15.44
2024-06-10 19:00:00,East City,East,35.7289953873427,139.67667785955862,36.23,31.58
2024-06-10 20:00:00,West City,West,51.570405627337635,-0.12102211154800363,27.04,14.48
2024-06-10 21:00:00,West City,West,51.447845341890016,-0.1631081103411035,35.2,25.23
2024-06-10 22:00:00,West City,West,51.4824287927134,-0.07604211588185736,33.4,14.04
2024-06-10 23:00:00,North City,North,40.75816173300288,-74.02529665632578,39.63,18.29
2024-06-11 00:00:00,South City,South,34.0241807172645,-118.23739159327866,21.77,16.01
2024-06-11 01:00:00,West City,West,51.49034988909277,-0.2231110340796551,33.92,19.72
2024-06-11 02:00:00,North City,North,40.735066540792744,-74.00758633262258,23.23,28.82
2024-06-11 03:00:00,West City,West,51.563829703373926,-0.2656926814773684,29.42,5.11
2024-06-11 04:00:00,East City,East,35.73672437909237,139.7723099158704,26.76,30.32
2024-06-11 05:00:00,North City,North,40.72598346723414,-73.97998036877203,52.25,18.63
2024-06-11 06:00:00,South City,South,34.079177822655836,-118.15964521533357,39.87,7.34
2024-06-11 07:00:00,South City,South,34.106142478325445,-118.351663446766,26.55,16.35
2024-06-11 08:00:00,South City,South,34.11909565462882,-118.20589496314064,26.73,17.56
2024-06-11 09:00:00,East City,East,35.66399374753181,139.6329419001936,45.83,20.63
2024-06-11 10:00:00,North City,North,40.75920757422364,-74.00091710503786,22.21,10.49
2024-06-11 11:00:00,North City,North,40.72825690936674,-74.00289245469571,8.23,20.76
2024-06-11 12:00:00,South City,South,34.114707240839,-118.32750515769563,20.27,22.3
2024-06-11 13:00:00,North City,North,40.730610029436605,-74.00524614806086,27.25,17.8
2024-06-11 14:00:00,South City,South,34.14164091535184,-118.11999130183482,23.92,23.31
2024-06-11 15:00:00,South City,South,34.102512539971634,-118.12668498920715,34.25,29.74
2024-06-11 16:00:00,East City,East,35.70375117593249,139.67106610889417,39.0,13.71
2024-06-11 17:00:00,South City,South,34.062398280045564,-118.22215043903608,25.04,18.29
2024-06-11 18:00:00,North City,North,40.738503734930624,-73.97350331336548,21.57,12.45
2024-06-11 19:00:00,North City,North,40.70601021798715,-74.00842479307744,25.97,14.45
2024-06-11 20:00:00,West City,West,51.498160961715726,-0.039555998391466965,33.43,0.17
2024-06-11 21:00:00,West City,West,51.4992186272958,-0.14529822077529406,24.27,26.1
2024-06-11 22:00:00,East City,East,35.7277905310828,139.71014467507902,24.56,7.11
2024-06-11 23:00:00,South City,South,34.03955599671108,-118.36578534934513,21.97,29.58
2024-06-12 00:00:00,South City,South,34.099997343754715,-118.21029138559105,35.66,13.88
2024-06-12 01:00:00,North City,North,40.69037487329685,-73.99747060934234,27.52,25.72
2024-06-12 02:00:00,West City,West,51.5418983585319,-0.1473191843682807,19.99,17.77
2024-06-12 03:00:00,West City,West,51.52873950966293,-0.162073642634421,34.63,19.99
2024-06-12 04:00:00,South City,South,34.04043644126159,-118.21189641677385,35.12,8.5
2024-06-12 05:00:00,North City,North,40.73149789315299,-74.06715072307173,29.22,10.87
2024-06-12 06:00:00,North City,North,40.772379419815756,-74.041732855816,36.81,21.81
2024-06-12 07:00:00,North City,North,40.83700720403727,-73.94637612987462,40.41,22.57
2024-06-12 08:00:00,West City,West,51.50415089774264,-0.13574510548060037,63.72,15.83
2024-06-12 09:00:00,North City,North,40.73296493715259,-73.96098704883897,37.58,20.93
2024-06-12 10:00:00,North City,North,40.633777883481706,-74.0176707411462,30.22,26.6
2024-06-12 11:00:00,East City,East,35.63360528306399,139.65249442329718,40.31,27.23
2024-06-12 12:00:00,East City,East,35.613375538254424,139.7136251934741,37.51,18.63
2024-06-12 13:00:00,East City,East,35.77254274558021,139.6698346886906,31.29,15.99
2024-06-12 14:00:00,North City,North,40.70455382105429,-74.00041381348385,31.72,26.42
2024-06-12 15:00:00,East City,East,35.720006677254396,139.7088059710055,11.92,17.02
2024-06-12 16:00:00,East City,East,35.67786163559538,139.72124769135274,29.5,24.07
2024-06-12 17:00:00,North City,North,40.740544115254785,-73.9736698301248,32.13,15.52
2024-06-12 18:00:00,East City,East,35.72273312841046,139.68170891744822,19.01,28.24
2024-06-12 19:00:00,West City,West,51.54709675604552,-0.11712017127178419,41.2,19.35
2024-06-12 20:00:00,South City,South,33.99736365749574,-118.221850176088,39.55,10.14
2024-06-12 21:00:00,North City,North,40.77139010852088,-73.981093188668,14.88,15.1
2024-06-12 22:00:00,East City,East,35.64025348224187,139.70947139867747,32.85,23.84
2024-06-12 23:00:00,West City,West,51.548604329027214,-0.11264230858118633,35.91,8.14
2024-06-13 00:00:00,South City,South,34.11124402874239,-118.25386561308326,14.05,14.28
2024-06-13 01:00:00,South City,South,33.97390156018266,-118.20462409236431,47.89,6.89
2024-06-13 02:00:00,West City,West,51.54264705332452,-0.2128417813543698,29.47,29.71
2024-06-13 03:00:00,East City,East,35.60014307062078,139.64127345958735,18.82,28.83
2024-06-13 04:00:00,East City,East,35.63004583707678,139.7945168672216,26.3,20.75
2024-06-13 05:00:00,East City,East,35.68899029360756,139.68074003896126,43.22,13.62
2024-06-13 06:00:00,West City,West,51.504918313066526,-0.10024722460429272,30.04,-3.49
2024-06-13 07:00:00,West City,West,51.559332714365986,-0.2274092783174607,24.94,18.56
2024-06-13 08:00:00,West City,West,51.5354056372022,-0.12654175418203864,29.64,27.97
2024-06-13 09:00:00,North City,North,40.681421415978846,-73.95942101884984,25.42,-0.54
2024-06-13 10:00:00,South City,South,33.987906369074715,-118.27271772704646,33.65,5.77
2024-06-13 11:00:00,West City,West,51.51325205177906,-0.11560865366916176,31.25,13.74
2024-06-13 12:00:00,East City,East,35.65564794913377,139.6830468083416,36.42,15.22
2024-06-13 13:00:00,North City,North,40.79497381354885,-74.03157605841879,43.94,24.17
2024-06-13 14:00:00,West City,West,51.499431685702376,-0.021070222428887772,24.87,26.28
2024-06-13 15:00:00,South City,South,34.09464027288657,-118.24692110997886,23.83,22.89
2024-06-13 16:00:00,West City,West,51.612781566435125,-0.18487011757312616,26.68,30.36
2024-06-13 17:00:00,North City,North,40.647842702912214,-74.03453537263619,19.24,34.35
2024-06-13 18:00:00,West City,West,51.5186227251821,-0.16061472590431652,47.47,15.61
2024-06-13 19:00:00,East City,East,35.67055079629709,139.73218896362806,37.81,15.02
2024-06-13 20:00:00,East City,East,35.68687035545026,139.67528045812364,34.61,18.86
2024-06-13 21:00:00,North City,North,40.66776307816907,-73.90079103624416,18.57,12.55
2024-06-13 22:00:00,North City,North,40.68474396900916,-74.08341841517174,29.04,9.34
2024-06-13 23:00:00,South City,South,34.003930898964775,-118.1871917653867,47.22,27.95
2024-06-14 00:00:00,West City,West,51.447694165499016,-0.1347514060356793,9.28,25.43
2024-06-14 01:00:00,South City,South,34.159377438068596,-118.22815297771167,24.05,16.81
2024-06-14 02:00:00,North City,North,40.75387075352733,-74.01100375137705,37.82,28.71
2024-06-14 03:00:00,South City,South,34.04557872075283,-118.2394601135487,26.97,22.62
2024-06-14 04:00:00,West City,West,51.422745671123366,-0.14953380272906872,27.33,8.81
2024-06-14 05:00:00,South City,South,33.97743727409984,-118.30559167350727,28.36,12.31
2024-06-14 06:00:00,West City,West,51.55566496823569,-0.0778590396375974,27.47,25.22
2024-06-14 07:00:00,West City,West,51.504355701154665,-0.11828449373014716,33.18,15.7
2024-06-14 08:00:00,North City,North,40.751126883937296,-74.0791707865185,31.06,12.43
2024-06-14 09:00:00,North City,North,40.68774132333996,-73.86988445337091,45.08,12.9
2024-06-14 10:00:00,East City,East,35.616895525944315,139.64267713710885,31.04,20.71
2024-06-14 11:00:00,East City,East,35.695738193143875,139.63156544855525,25.29,8.11
2024-06-14 12:00:00,West City,West,51.50054852922672,-0.03384546198774989,29.82,8.08
2024-06-14 13:00:00,West City,West,51.53537041171027,-0.1098557192414458,8.9,16.02
2024-06-14 14:00:00,West City,West,51.443835972808785,-0.14049563177996618,31.14,17.54
2024-06-14 15:00:00,West City,West,51.542074791030224,-0.18682492434988193,22.4,11.93
2024-06-14 16:00:00,East City,East,35.74292509933888,139.68334993098225,14.73,6.05
2024-06-14 17:00:00,East City,East,35.68153189503477,139.65984564000306,34.65,24.92
2024-06-14 18:00:00,East City,East,35.64787957630462,139.7444704857446,29.67,22.31
2024-06-14 19:00:00,North City,North,40.75527609934971,-74.04933663353302,34.12,13.69
2024-06-14 20:00:00,West City,West,51.49773949995257,-0.08359001915427867,22.13,3.28
2024-06-14 21:00:00,South City,South,33.99666932366673,-118.26809388003413,27.9,11.23
2024-06-14 22:00:00,South City,South,34.02948305754054,-118.26917037501568,23.58,21.51
2024-06-14 23:00:00,North City,North,40.68384069294265,-73.96485789633918,24.55,21.45
2024-06-15 00:00:00,North City,North,40.72554204610557,-73.9816923177327,10.4,22.48
2024-06-15 01:00:00,West City,West,51.513366699353604,-0.15159315315682254,32.73,19.7
2024-06-15 02:00:00,North City,North,40.68052187892415,-74.00462957363483,21.57,19.16
2024-06-15 03:00:00,East City,East,35.70341928476605,139.74731634121952,32.64,15.24
2024-06-15 04:00:00,South City,South,34.02407412353588,-118.209695365525,30.87,11.55
2024-06-15 05:00:00,West City,West,51.617359401894454,-0.0846321742697646,27.25,27.15
2024-06-15 06:00:00,North City,North,40.656958993433484,-74.04756558627328,42.01,14.07
2024-06-15 07:00:00,West City,West,51.405041655741826,-0.055029525891398534,21.41,29.87
2024-06-15 08:00:00,East City,East,35.75468285822009,139.70579400291533,38.23,14.95
2024-06-15 09:00:00,West City,West,51.462445143369436,-0.1409562263480218,37.14,21.13
2024-06-15 10:00:00,West City,West,51.56302807962985,-0.0838211101355546,33.31,16.63
2024-06-15 11:00:00,East City,East,35.712539442413075,139.67203037810222,38.36,24.97
2024-06-15 12:00:00,West City,West,51.47005652128816,-0.1397671756740601,16.4,9.86
2024-06-15 13:00:00,South City,South,34.00828336004431,-118.14731559717546,39.83,14.92
2024-06-15 14:00:00,North City,North,40.68294616691377,-73.95863394801485,15.04,4.02
2024-06-15 15:00:00,South City,South,34.07817183115959,-118.30170101909717,33.93,17.83
2024-06-15 16:00:00,North City,North,40.672637888072146,-74.09667157790868,43.89,13.09
2024-06-15 17:00:00,South City,South,34.00885079897063,-118.35774934655014,27.05,24.36
2024-06-15 18:00:00,East City,East,35.672758438141216,139.67559904250683,42.7,13.1
2024-06-15 19:00:00,North City,North,40.65959770363772,-74.01492911347572,25.09,20.1
2024-06-15 20:00:00,East City,East,35.717802801241135,139.68932889096865,36.17,35.06
2024-06-15 21:00:00,North City,North,40.82963732270125,-74.04370960593975,37.81,26.01
2024-06-15 22:00:00,East City,East,35.6809282369261,139.70866735056933,10.43,16.85
2024-06-15 23:00:00,North City,North,40.72733332465565,-73.9895732623043,41.03,17.78
2024-06-16 00:00:00,West City,West,51.4969284484137,-0.0895507479118014,37.64,22.13
2024-06-16 01:00:00,South City,South,34.05117633990154,-118.30657834649303,0.0,28.13
2024-06-16 02:00:00,East City,East,35.65678016336247,139.64631262066212,29.74,17.82
2024-06-16 03:00:00,North City,North,40.66072843650677,-74.04662349161461,14.36,19.57
2024-06-16 04:00:00,East City,East,35.69141846485338,139.77473504395616,38.71,26.12
2024-06-16 05:00:00,South City,South,34.0975218433966,-118.14682186398046,35.88,18.72
2024-06-16 06:00:00,North City,North,40.721584824981285,-74.00726050452242,15.78,15.66
2024-06-16 07:00:00,South City,South,33.95469610367378,-118.243867881002,45.49,28.4
2024-06-16 08:00:00,South City,South,33.990092401547926,-118.30226405103058,19.26,8.2
2024-06-16 09:00:00,East City,East,35.70244182030342,139.7392312272585,32.86,21.56
2024-06-16 10:00:00,West City,West,51.496403797516585,-0.11940273868100168,14.49,24.53
2024-06-16 11:00:00,South City,South,34.02149047909372,-118.32634672811865,35.44,11.7
2024-06-16 12:00:00,South City,South,34.12852406469215,-118.2869481891801,26.4,24.63
2024-06-16 13:00:00,East City,East,35.69312265649055,139.712973569579,31.81,21.61
2024-06-16 14:00:00,West City,West,51.517668699825876,-0.10081080165481605,38.74,8.73
2024-06-16 15:00:00,East City,East,35.766139194238406,139.70993558866041,42.3,8.63
2024-06-16 16:00:00,North City,North,40.764182656368,-73.97808457519368,29.42,26.37
2024-06-16 17:00:00,East City,East,35.753714687153014,139.66869150157285,35.7,11.08
2024-06-16 18:00:00,East City,East,35.646446933211244,139.62934110198808,41.99,21.6
2024-06-16 19:00:00,West City,West,51.52639167275185,-0.09943471873538698,18.06,24.97
2024-06-16 20:00:00,East City,East,35.64932521832022,139.76959758787152,27.22,20.8
2024-06-16 21:00:00,South City,South,34.03756656937946,-118.2663329558299,21.98,5.48
2024-06-16 22:00:00,North City,North,40.663700521007854,-74.02027784407531,21.32,23.98
2024-06-16 23:00:00,South City,South,34.11034904401959,-118.27469355353124,40.47,17.61
2024-06-17 00:00:00,East City,East,35.73157699431454,139.76393443588813,17.04,20.58
2024-06-17 01:00:00,West City,West,51.518041630356265,-0.15628164017712437,44.71,13.96
2024-06-17 02:00:00,West City,West,51.56364547214614,-0.11250087239210681,31.44,11.53
2024-06-17 03:00:00,West City,West,51.58027189746852,-0.09348557291340931,31.5,22.18
2024-06-17 04:00:00,West City,West,51.59728068568719,-0.13561768447159758,48.87,10.56
2024-06-17 05:00:00,South City,South,34.15193669763541,-118.27740594895067,32.83,20.16
2024-06-17 06:00:00,West City,West,51.51101669680192,-0.07396967595097721,42.98,1.74
2024-06-17 07:00:00,South City,South,34.062013616922044,-118.178072540283,14.55,2.18
2024-06-17 08:00:00,South City,South,34.09864085093965,-118.27706062966885,53.88,16.02
2024-06-17 09:00:00,East City,East,35.627065680492144,139.7375464726936,30.29,20.34
2024-06-17 10:00:00,North City,North,40.674703343342415,-73.9492638744865,18.37,23.07
2024-06-17 11:00:00,North City,North,40.66763981955523,-74.09194549780145,48.91,22.95
2024-06-17 12:00:00,South City,South,34.06580417918696,-118.16979836224425,33.14,13.28
2024-06-17 13:00:00,North City,North,40.74155675518256,-73.96543472471511,30.4,7.35
2024-06-17 14:00:00,North City,North,40.70170968546303,-74.0302655610226,27.85,7.53
2024-06-17 15:00:00,North City,North,40.80563361689589,-74.00437866979065,16.68,20.79
2024-06-17 16:00:00,South City,South,34.1015450332775,-118.25737986013445,36.51,30.67
2024-06-17 17:00:00,East City,East,35.64900870214931,139.6256705350245,34.42,11.54
2024-06-17 18:00:00,North City,North,40.67500538812235,-74.05119920849519,17.59,20.53
2024-06-17 19:00:00,West City,West,51.448709100145074,-0.2115920082275924,32.85,20.25
2024-06-17 20:00:00,South City,South,34.12721457827241,-118.08664453565017,18.94,25.18
2024-06-17 21:00:00,East City,East,35.65577538852708,139.68670262990628,36.71,10.03
2024-06-17 22:00:00,South City,South,33.99140313747454,-118.27761389956106,26.61,21.69
2024-06-17 23:00:00,East City,East,35.683820153618264,139.6411501519962,23.42,10.88
2024-06-18 00:00:00,North City,North,40.71934337624977,-74.04424725376678,37.16,8.92
2024-06-18 01:00:00,West City,West,51.517459452970016,-0.13107819630148726,36.94,12.56
2024-06-18 02:00:00,East City,East,35.694439839373985,139.66363232460435,29.77,30.08
2024-06-18 03:00:00,East City,East,35.74433621038147,139.72610540122022,16.64,11.86
2024-06-18 04:00:00,West City,West,51.528679840484756,-0.09796287738611344,14.71,11.7
2024-06-18 05:00:00,East City,East,35.666694949609436,139.6713887835313,28.96,24.42
2024-06-18 06:00:00,North City,North,40.69330850763345,-73.99209949238596,36.03,18.38
2024-06-18 07:00:00,East City,East,35.725992151755754,139.68273359860635,34.45,19.95
2024-06-18 08:00:00,West City,West,51.56087564196082,-0.22025319978623345,45.21,10.53
2024-06-18 09:00:00,East City,East,35.63090395336416,139.6659760951291,40.15,3.42
2024-06-18 10:00:00,North City,North,40.74210128933534,-73.91962635959302,30.11,28.0
2024-06-18 11:00:00,South City,South,34.04113008709074,-118.28390688440804,21.84,12.06
2024-06-18 12:00:00,East City,East,35.729373337023716,139.60707865430342,25.5,12.55
2024-06-18 13:00:00,East City,East,35.68298709462817,139.6313892158413,28.99,10.15
2024-06-18 14:00:00,East City,East,35.7016297157571,139.80048672635772,31.58,12.18
2024-06-18 15:00:00,East City,East,35.74357903641824,139.77117234680523,23.21,20.03
2024-06-18 16:00:00,East City,East,35.66567688827469,139.6583457039932,28.63,13.06
2024-06-18 17:00:00,South City,South,34.10488676588245,-118.20232675993753,41.28,13.02
2024-06-18 18:00:00,North City,North,40.67269583504395,-74.00341383076166,28.66,20.54
2024-06-18 19:00:00,North City,North,40.60083386667179,-73.92878332565144,30.56,22.65
2024-06-18 20:00:00,West City,West,51.471707898137424,-0.07489798825485289,29.99,14.95
2024-06-18 21:00:00,North City,North,40.66279596287065,-73.94534959285289,45.55,15.79
2024-06-18 22:00:00,South City,South,34.00333982798741,-118.33676956615965,5.42,12.82
2024-06-18 23:00:00,West City,West,51.531979325379524,-0.11709928051495816,34.34,18.92
2024-06-19 00:00:00,East City,East,35.67055385532318,139.71854685464186,36.39,11.21
2024-06-19 01:00:00,East City,East,35.69350135441738,139.76177890694996,28.94,24.26
2024-06-19 02:00:00,North City,North,40.678481342039724,-74.00265837792318,49.08,26.41
2024-06-19 03:00:00,East City,East,35.686465728339904,139.64626738590422,17.73,16.7
2024-06-19 04:00:00,North City,North,40.69202755798673,-74.00166516997685,28.62,24.68
2024-06-19 05:00:00,East City,East,35.65756550796781,139.71442027796607,38.22,29.63
2024-06-19 06:00:00,North City,North,40.722285959810314,-74.03653124807686,43.93,35.62
2024-06-19 07:00:00,East City,East,35.70198680339319,139.67015280997575,45.6,9.97
2024-06-19 08:00:00,East City,East,35.66771040469974,139.66669759578727,16.09,16.94
2024-06-19 09:00:00,West City,West,51.54080004369707,-0.1507915781032315,33.24,24.62
2024-06-19 10:00:00,West City,West,51.470666243727464,-0.1425960301640707,31.32,13.04
2024-06-19 11:00:00,South City,South,34.11361638552722,-118.27555128049364,37.97,7.23
2024-06-19 12:00:00,North City,North,40.69988904732986,-74.0305475357613,58.01,23.33
2024-06-19 13:00:00,South City,South,34.0198523472941,-118.2599579616988,24.99,11.31
2024-06-19 14:00:00,West City,West,51.564938764955045,-0.1159331112936643,44.04,9.87
2024-06-19 15:00:00,West City,West,51.550115866958684,-0.06321260746336843,41.91,25.5
2024-06-19 16:00:00,East City,East,35.68854317591076,139.72679704886096,55.07,15.55
2024-06-19 17:00:00,West City,West,51.55585914936811,-0.09112407687643918,32.0,15.4
2024-06-19 18:00:00,South City,South,34.07440529833244,-118.23694421636162,34.45,15.91
2024-06-19 19:00:00,East City,East,35.70559175950114,139.65263211521915,18.51,25.22
2024-06-19 20:00:00,North City,North,40.73789967153372,-73.93396486540144,26.36,15.54
2024-06-19 21:00:00,West City,West,51.499524300610496,-0.1639356434192892,31.39,19.35
2024-06-19 22:00:00,South City,South,34.04008956961028,-118.21062239542957,36.79,10.21
2024-06-19 23:00:00,North City,North,40.70337565701206,-74.02656399621652,46.54,14.26
2024-06-20 00:00:00,East City,East,35.72843763928765,139.66450334762249,39.76,39.42
2024-06-20 01:00:00,North City,North,40.7207994158946,-73.97621140016946,51.01,17.77
2024-06-20 02:00:00,West City,West,51.542696906822165,-0.15524543883676084,41.52,10.93
2024-06-20 03:00:00,South City,South,34.10075441691911,-118.31388491923727,38.46,5.81
2024-06-20 04:00:00,West City,West,51.48463332555068,-0.0861120763291652,22.08,12.86
2024-06-20 05:00:00,East City,East,35.79525258410711,139.71711825220666,26.52,25.45
2024-06-20 06:00:00,North City,North,40.69786560498875,-74.01499137605568,35.74,15.23
2024-06-20 07:00:00,North City,North,40.780786962751854,-73.98477257001402,31.79,17.51
2024-06-20 08:00:00,South City,South,34.088229694643815,-118.29827952056277,37.57,13.99
2024-06-20 09:00:00,North City,North,40.760606452064664,-74.05704408509958,45.76,22.92
2024-06-20 10:00:00,West City,West,51.454177825954474,-0.13748760896743034,42.15,19.19
2024-06-20 11:00:00,South City,South,34.112716192497075,-118.26238604352453,31.32,16.77
2024-06-20 12:00:00,South City,South,34.007433321241166,-118.27868336341425,36.53,21.37
2024-06-20 13:00:00,South City,South,34.05950105585222,-118.32457772654652,33.93,21.92
2024-06-20 14:00:00,South City,South,34.04708159651948,-118.21472501357225,31.4,-0.88
2024-06-20 15:00:00,West City,West,51.54124441022403,-0.13326581286180203,34.29,16.57
2024-06-20 16:00:00,North City,North,40.81786205557349,-73.94677369800198,22.63,11.26
2024-06-20 17:00:00,North City,North,40.64433989999578,-74.02122004700593,37.99,13.13
2024-06-20 18:00:00,East City,East,35.62593550651987,139.71193624042667,27.25,15.62
2024-06-20 19:00:00,West City,West,51.55513334080147,-0.06503384052345307,43.45,13.71
2024-06-20 20:00:00,North City,North,40.76161498516326,-73.96854262441039,36.96,30.51
2024-06-20 21:00:00,East City,East,35.72881981765246,139.72586794117484,22.65,16.91
2024-06-20 22:00:00,North City,North,40.75749570548992,-74.07959374902141,41.47,13.64
2024-06-20 23:00:00,East City,East,35.77563138303523,139.54117387418432,10.34,21.1
2024-06-21 00:00:00,East City,East,35.76104392262616,139.68822298872558,22.57,15.08
2024-06-21 01:00:00,East City,East,35.692056708331144,139.6387875686736,15.68,20.38
2024-06-21 02:00:00,East City,East,35.691168167195684,139.66772580319898,39.96,16.18
2024-06-21 03:00:00,East City,East,35.639443122105746,139.77171986494446,22.93,18.52
2024-06-21 04:00:00,North City,North,40.729913352662145,-73.96102643689154,34.85,12.21
2024-06-21 05:00:00,South City,South,34.13092456502326,-118.17063140062463,44.49,21.61
2024-06-21 06:00:00,East City,East,35.73216253422902,139.62163831868534,21.07,17.3
2024-06-21 07:00:00,South City,South,34.054721338206974,-118.18058610546642,18.91,5.53
2024-06-21 08:00:00,North City,North,40.68029546489433,-73.97176236627071,25.67,18.95
2024-06-21 09:00:00,West City,West,51.48711870176969,-0.036749011337240595,29.34,14.75
2024-06-21 10:00:00,South City,South,34.05785430095011,-118.19125600467069,33.35,15.7
2024-06-21 11:00:00,East City,East,35.7134249865898,139.71864815363278,46.46,10.3
2024-06-21 12:00:00,West City,West,51.475288325297896,-0.13083965702343126,47.31,16.4
2024-06-21 13:00:00,West City,West,51.57388653957102,-0.08087346324060676,30.69,12.4
2024-06-21 14:00:00,East City,East,35.671654350283674,139.56784596020952,12.19,20.68
2024-06-21 15:00:00,East City,East,35.73060782163286,139.70506053275724,27.28,13.65
2024-06-21 16:00:00,West City,West,51.52691653519167,-0.11829082872225265,31.4,15.12
2024-06-21 17:00:00,South City,South,34.03510103403413,-118.18810915872176,16.86,19.43
2024-06-21 18:00:00,East City,East,35.68779051077848,139.6539841521374,36.58,11.39
2024-06-21 19:00:00,West City,West,51.483529688420106,-0.19651996242370642,32.11,25.32
2024-06-21 20:00:00,South City,South,34.048775735896236,-118.25241913092313,15.64,13.81
2024-06-21 21:00:00,North City,North,40.71404318163766,-73.94666140480074,47.34,13.75
2024-06-21 22:00:00,West City,West,51.50041485265795,-0.09865649309577121,29.0,29.04
2024-06-21 23:00:00,South City,South,34.09299267550392,-118.23105363978935,36.39,24.25
2024-06-22 00:00:00,South City,South,34.03614608372924,-118.29896108028184,26.08,19.06
2024-06-22 01:00:00,North City,North,40.76899466450856,-74.0638997818347,35.82,21.43
2024-06-22 02:00:00,East City,East,35.59013945560166,139.6683835461715,47.34,14.29
2024-06-22 03:00:00,North City,North,40.722541940949284,-74.04085394564004,26.39,15.34
2024-06-22 04:00:00,North City,North,40.607514766845654,-74.0232134441999,27.47,32.51
2024-06-22 05:00:00,North City,North,40.68648463821626,-74.07586071229623,25.1,12.86
2024-06-22 06:00:00,West City,West,51.46765964682914,-0.14392103434514752,31.76,7.06
2024-06-22 07:00:00,East City,East,35.68137360176619,139.70846091731087,26.29,33.6
2024-06-22 08:00:00,East City,East,35.658498286651394,139.71137949459904,42.59,20.13
2024-06-22 09:00:00,West City,West,51.49795538118653,-0.12804507384652378,44.7,8.78
2024-06-22 10:00:00,North City,North,40.80238816750064,-74.03315790569269,32.75,8.81
2024-06-22 11:00:00,North City,North,40.596725732896125,-74.00728846779386,17.4,20.5
2024-06-22 12:00:00,East City,East,35.657266550854395,139.68588701379366,32.06,25.37
2024-06-22 13:00:00,South City,South,34.05568010368191,-118.23363935145701,31.17,-0.34
2024-06-22 14:00:00,South City,South,33.9568726318931,-118.24287765349092,34.79,8.83
2024-06-22 15:00:00,North City,North,40.64684140210839,-74.01385892499651,33.84,11.85
2024-06-22 16:00:00,East City,East,35.77006798966603,139.71176837529612,26.5,22.62
2024-06-22 17:00:00,East City,East,35.694288570782774,139.65832851896633,30.32,25.56
2024-06-22 18:00:00,South City,South,34.06805902810249,-118.29468405890806,46.01,33.72
2024-06-22 19:00:00,North City,North,40.72157711219176,-73.96222474750778,22.09,9.73
2024-06-22 20:00:00,South City,South,34.08323075078638,-118.16947412480991,47.63,24.6
2024-06-22 21:00:00,West City,West,51.61952155787304,-0.13917896596759216,34.61,6.93
2024-06-22 22:00:00,South City,South,34.088293791245285,-118.29641665420152,40.3,6.73
2024-06-22 23:00:00,West City,West,51.61599966047471,-0.1454852521127791,21.97,30.81
2024-06-23 00:00:00,North City,North,40.74689696068224,-74.04731952241667,48.49,16.85
2024-06-23 01:00:00,North City,North,40.74820105979339,-73.90684787208248,32.07,21.4
2024-06-23 02:00:00,West City,West,51.419545228201514,-0.11051760313899593,29.74,24.98
2024-06-23 03:00:00,West City,West,51.533655647144286,-0.07570436979112607,27.59,15.98
2024-06-23 04:00:00,East City,East,35.675307980465945,139.70348589059563,31.39,11.37
2024-06-23 05:00:00,North City,North,40.70764415936724,-73.97917002832864,35.03,18.08
2024-06-23 06:00:00,South City,South,33.9146210138006,-118.20124520694463,5.41,20.64
2024-06-23 07:00:00,West City,West,51.481173163049995,-0.10571874660928915,31.72,19.73
2024-06-23 08:00:00,West City,West,51.530919913775584,-0.13021661599690856,23.11,16.84
2024-06-23 09:00:00,South City,South,34.025810633419475,-118.25761776581096,11.14,31.03
2024-06-23 10:00:00,South City,South,34.03035764780715,-118.26199691652742,8.46,16.82
2024-06-23 11:00:00,West City,West,51.51028113815798,-0.1401276803787995,32.87,27.28
2024-06-23 12:00:00,South City,South,34.102616195152535,-118.24210130066975,6.22,15.65
2024-06-23 13:00:00,South City,South,34.09249504715554,-118.23920604397989,34.62,28.16
2024-06-23 14:00:00,South City,South,34.020608465505205,-118.16074794884489,21.95,20.13
2024-06-23 15:00:00,West City,West,51.545095603259604,-0.10240600774656894,22.4,24.09
2024-06-23 16:00:00,South City,South,34.134559309476984,-118.2318910014071,19.47,21.55
2024-06-23 17:00:00,South City,South,34.207862583894915,-118.19076523867876,28.22,9.26
2024-06-23 18:00:00,North City,North,40.70866501234369,-73.96553840232062,37.06,27.94
2024-06-23 19:00:00,South City,South,34.13807901025221,-118.21173185782567,25.86,11.53
2024-06-23 20:00:00,West City,West,51.50676640269926,-0.1174171391261811,40.38,25.49
2024-06-23 21:00:00,East City,East,35.71947319593126,139.72027148091232,28.67,12.86
2024-06-23 22:00:00,East City,East,35.74755888505298,139.63959472121226,25.25,22.29
2024-06-23 23:00:00,South City,South,34.14023140173122,-118.28572173813349,29.92,24.6
2024-06-24 00:00:00,North City,North,40.63328740478778,-74.0785354727408,28.96,27.37
2024-06-24 01:00:00,East City,East,35.7509655345954,139.6735854948011,36.25,36.49
2024-06-24 02:00:00,West City,West,51.48434600128218,-0.20951441899974993,27.09,6.22
2024-06-24 03:00:00,South City,South,34.09786403090202,-118.21528239257287,21.04,26.37
2024-06-24 04:00:00,West City,West,51.547909730306216,-0.12387894544474205,22.24,20.86
2024-06-24 05:00:00,West City,West,51.51395757213752,-0.14041448641853063,24.1,13.92
2024-06-24 06:00:00,North City,North,40.74644976086998,-74.00880414932128,28.72,25.55
2024-06-24 07:00:00,North City,North,40.68696347812391,-74.01765679662725,39.51,15.71
2024-06-24 08:00:00,West City,West,51.55593470074871,-0.15973256575433206,41.04,18.72
2024-06-24 09:00:00,East City,East,35.66653869447324,139.606375543616,28.14,20.61
2024-06-24 10:00:00,West City,West,51.48564711151635,-0.044865426798705504,35.15,12.31
2024-06-24 11:00:00,West City,West,51.521713911154094,-0.037577551400643755,28.73,23.42
2024-06-24 12:00:00,South City,South,34.11049563108731,-118.21948894204905,53.86,31.55
2024-06-24 13:00:00,North City,North,40.69089655406095,-74.01239509542492,35.76,30.68
2024-06-24 14:00:00,North City,North,40.721141114643366,-73.99261774108733,26.75,23.01
2024-06-24 15:00:00,North City,North,40.756385256553074,-73.99648585450387,15.27,21.41
2024-06-24 16:00:00,East City,East,35.79865524225297,139.71021165841734,39.63,31.38
2024-06-24 17:00:00,West City,West,51.41662103551052,-0.1665683792293287,55.17,13.21
2024-06-24 18:00:00,North City,North,40.70239456329757,-74.03225804092334,33.75,16.76
2024-06-24 19:00:00,East City,East,35.709619558451415,139.68567408128104,33.81,23.73
2024-06-24 20:00:00,East City,East,35.63983385971933,139.71931916413746,19.31,33.33
2024-06-24 21:00:00,East City,East,35.642399333494076,139.61894025021033,41.78,16.81
2024-06-24 22:00:00,West City,West,51.47271738284375,-0.17164761355292127,41.63,22.73
2024-06-24 23:00:00,South City,South,34.09002970592532,-118.2539392628803,13.04,8.91
2024-06-25 00:00:00,East City,East,35.64538908738687,139.60543594554233,33.11,27.63
2024-06-25 01:00:00,East City,East,35.70676611287352,139.69437158763276,19.59,11.64
2024-06-25 02:00:00,South City,South,34.009376909654215,-118.29177701718136,39.65,21.04
2024-06-25 03:00:00,North City,North,40.69345079504212,-73.92753794093576,32.78,33.48
2024-06-25 04:00:00,West City,West,51.6527907917204,-0.09174672507854442,34.47,6.84
2024-06-25 05:00:00,West City,West,51.507866066889804,-0.16506721475248937,19.64,26.95
2024-06-25 06:00:00,South City,South,33.976426886721725,-118.24663974197777,11.77,20.87
2024-06-25 07:00:00,West City,West,51.54013209964122,-0.14763480899826034,11.74,20.55
2024-06-25 08:00:00,West City,West,51.45202553996455,-0.08292849472805575,8.0,11.53
2024-06-25 09:00:00,North City,North,40.77749423207169,-73.93433925747763,26.54,17.65
2024-06-25 10:00:00,West City,West,51.45588672674932,-0.15720078435345436,47.17,16.7
2024-06-25 11:00:00,East City,East,35.71636827124674,139.72533602439302,43.57,16.81
2024-06-25 12:00:00,South City,South,34.06203437642849,-118.30835004965884,28.57,22.72
2024-06-25 13:00:00,North City,North,40.744985686484135,-73.89723665605601,29.48,21.62
2024-06-25 14:00:00,East City,East,35.74370321235036,139.70120143970385,27.18,18.4
2024-06-25 15:00:00,North City,North,40.689297740742255,-73.98997467937006,29.55,15.28
2024-06-25 16:00:00,South City,South,34.08073214518422,-118.19782193928606,21.62,25.99
2024-06-25 17:00:00,East City,East,35.664185668410695,139.72283011690863,34.14,36.15
2024-06-25 18:00:00,North City,North,40.75276473106744,-74.01212692272874,47.17,11.55
2024-06-25 19:00:00,West City,West,51.428786211013765,-0.12285563920724081,40.1,20.39
2024-06-25 20:00:00,East City,East,35.65143036466721,139.6211574554373,35.5,17.31
2024-06-25 21:00:00,East City,East,35.605018227277654,139.66285073662263,30.07,20.18
2024-06-25 22:00:00,South City,South,34.13296483358193,-118.14217918539597,33.9,10.75
2024-06-25 23:00:00,North City,North,40.676180862720244,-74.0513748190368,13.21,24.83
2024-06-26 00:00:00,East City,East,35.7640043877424,139.65813831800898,5.03,19.0
2024-06-26 01:00:00,West City,West,51.584207035094686,-0.1300891557980142,32.08,8.23
2024-06-26 02:00:00,South City,South,33.99458902480385,-118.24830606330423,58.43,21.88
2024-06-26 03:00:00,South City,South,34.19910940335779,-118.27703096387474,31.61,17.87
2024-06-26 04:00:00,West City,West,51.4893232022554,-0.1485843579189082,29.77,19.12
2024-06-26 05:00:00,South City,South,34.02377615849298,-118.28110630579746,32.67,12.79
2024-06-26 06:00:00,East City,East,35.71492971565334,139.66774270929963,28.21,11.14
2024-06-26 07:00:00,East City,East,35.75360541957133,139.66433560583974,26.92,22.86
2024-06-26 08:00:00,South City,South,34.05911349999995,-118.22547309437854,20.66,15.83
2024-06-26 09:00:00,East City,East,35.663817534815955,139.671721781547,20.43,10.44
2024-06-26 10:00:00,East City,East,35.71740075628167,139.69356623831933,27.54,22.08
2024-06-26 11:00:00,East City,East,35.690240800496525,139.7384747197939,26.32,20.77
2024-06-26 12:00:00,West City,West,51.45866471089036,-0.00019264497080961895,30.31,31.08
2024-06-26 13:00:00,East City,East,35.73022982882949,139.71287079277127,22.34,12.57
2024-06-26 14:00:00,South City,South,34.08847993756931,-118.28538897673263,28.45,16.34
2024-06-26 15:00:00,South City,South,33.99535644091828,-118.20634067049374,14.05,27.19
2024-06-26 16:00:00,East City,East,35.695788129061306,139.64490715159727,45.99,21.59
2024-06-26 17:00:00,North City,North,40.66626228248751,-73.96717346963811,36.34,14.55
2024-06-26 18:00:00,North City,North,40.74730007197101,-73.96353350835588,43.13,24.36
2024-06-26 19:00:00,North City,North,40.79234706792771,-74.03901656314001,27.47,9.58
2024-06-26 20:00:00,South City,South,34.10863251144268,-118.36601885399956,35.84,17.91
2024-06-26 21:00:00,West City,West,51.485337219524496,-0.16899875792053914,35.72,29.33
2024-06-26 22:00:00,East City,East,35.6471963893353,139.7536716093349,54.59,22.36
2024-06-26 23:00:00,West City,West,51.556982318913036,-0.09774735324629483,17.07,10.88
2024-06-27 00:00:00,North City,North,40.7410312818254,-74.03946708957373,20.17,15.85
2024-06-27 01:00:00,East City,East,35.74738817093686,139.72938868191645,35.1,22.26
2024-06-27 02:00:00,North City,North,40.724581982429235,-73.95326742537436,15.18,10.96
2024-06-27 03:00:00,North City,North,40.76826857847296,-74.06295910621319,36.98,6.42
2024-06-27 04:00:00,East City,East,35.72066943573878,139.65121884411874,19.19,5.97
2024-06-27 05:00:00,North City,North,40.75930362296511,-74.09152211750641,34.48,20.95
2024-06-27 06:00:00,North City,North,40.71763159005821,-74.07348881333803,17.68,15.23
2024-06-27 07:00:00,West City,West,51.453481791810255,-0.10366674869793467,24.82,13.94
2024-06-27 08:00:00,South City,South,34.01448417669366,-118.35166046866951,41.27,20.48
2024-06-27 09:00:00,West City,West,51.59237099962008,-0.14945968746671276,33.81,21.2
2024-06-27 10:00:00,West City,West,51.528858199672435,-0.19120568189755643,25.69,9.19
2024-06-27 11:00:00,North City,North,40.76117614974546,-74.02113305218377,45.33,24.92
2024-06-27 12:00:00,West City,West,51.45940306927258,-0.20184499815663431,38.64,10.26
2024-06-27 13:00:00,North City,North,40.80573872142863,-74.04416215993304,41.6,14.81
2024-06-27 14:00:00,South City,South,34.10691216469214,-118.18376432402675,35.87,15.77
2024-06-27 15:00:00,East City,East,35.78753589160194,139.8253078371314,22.08,15.12
2024-06-27 16:00:00,East City,East,35.896894752516694,139.6505449995276,17.52,18.04
2024-06-27 17:00:00,South City,South,34.05478350944502,-118.19409364806215,29.4,16.08
2024-06-27 18:00:00,North City,North,40.74513788907172,-73.9803668060818,40.74,24.96
2024-06-27 19:00:00,East City,East,35.6877871590448,139.68758347249914,27.5,14.51
2024-06-27 20:00:00,West City,West,51.48142557425219,-0.1383323533656617,13.18,17.11
2024-06-27 21:00:00,West City,West,51.52320483777303,-0.04957124439001663,29.59,18.9
2024-06-27 22:00:00,East City,East,35.68554556601272,139.71812014545677,42.31,12.66
2024-06-27 23:00:00,South City,South,33.99198455337302,-118.22254600198379,41.62,45.6
2024-06-28 00:00:00,South City,South,34.08283529833699,-118.2479386784786,36.17,26.23
2024-06-28 01:00:00,East City,East,35.6123202905779,139.68832145361057,33.65,16.03
2024-06-28 02:00:00,South City,South,34.056280212407,-118.18164863331126,11.38,19.02
2024-06-28 03:00:00,South City,South,34.092729748657426,-118.27214524265447,39.58,9.02
2024-06-28 04:00:00,South City,South,34.055229031191956,-118.24582193285023,10.27,13.02
2024-06-28 05:00:00,West City,West,51.4526113033445,-0.10001491302302083,42.76,12.29
2024-06-28 06:00:00,South City,South,34.09428305858271,-118.23226423728477,31.09,14.79
2024-06-28 07:00:00,West City,West,51.41046000453092,-0.18457220971685617,25.85,8.65
2024-06-28 08:00:00,East City,East,35.62955314097169,139.72643210590743,33.19,14.73
2024-06-28 09:00:00,West City,West,51.41133694961249,-0.15460471712090995,49.68,9.64
2024-06-28 10:00:00,North City,North,40.65682044990183,-73.94789851988865,36.9,29.47
2024-06-28 11:00:00,West City,West,51.46909597719265,-0.15825680444287815,35.53,13.5
2024-06-28 12:00:00,South City,South,34.100569092049874,-118.19021221993921,12.31,12.41
2024-06-28 13:00:00,East City,East,35.67890769722307,139.67768301463286,36.11,18.32
2024-06-28 14:00:00,North City,North,40.66294789504476,-73.96763802888391,41.44,12.25
2024-06-28 15:00:00,South City,South,34.052489255741335,-118.23919447853845,11.04,11.23
2024-06-28 16:00:00,East City,East,35.67366533331379,139.7589174541713,32.49,14.2
2024-06-28 17:00:00,South City,South,34.055302913235266,-118.21128767283163,30.91,4.2
2024-06-28 18:00:00,North City,North,40.7623149561326,-73.99354833067278,15.25,12.21
2024-06-28 19:00:00,East City,East,35.67011195385919,139.6478111346782,32.39,14.97
2024-06-28 20:00:00,North City,North,40.743673241025355,-73.94718698288385,23.0,28.84
2024-06-28 21:00:00,East City,East,35.702941986177926,139.6786688434431,38.7,12.1
2024-06-28 22:00:00,East City,East,35.68354731137399,139.64128185391257,38.98,19.45
2024-06-28 23:00:00,West City,West,51.49805142435913,-0.19803826108335004,41.27,11.18
2024-06-29 00:00:00,West City,West,51.54131778549528,-0.13753544501175602,21.33,20.5
2024-06-29 01:00:00,North City,North,40.74303194422748,-74.07498463239665,28.57,19.81
2024-06-29 02:00:00,West City,West,51.450883615047374,-0.06938192553542577,17.77,7.73
2024-06-29 03:00:00,South City,South,34.01038307501677,-118.20223882071815,32.29,27.46
2024-06-29 04:00:00,South City,South,34.01274159313356,-118.30762557506361,14.86,22.36
2024-06-29 05:00:00,South City,South,33.973926341884294,-118.20044339544201,36.19,18.57
2024-06-29 06:00:00,South City,South,33.96355341184539,-118.24225009177431,32.21,28.39
2024-06-29 07:00:00,North City,North,40.72632317543653,-74.00490092236782,26.72,17.67
2024-06-29 08:00:00,South City,South,34.04610421201889,-118.27895487428644,32.51,5.7
2024-06-29 09:00:00,East City,East,35.759343194652615,139.7152456531779,35.16,6.46
2024-06-29 10:00:00,East City,East,35.67316383091407,139.72859787905855,41.73,17.29
2024-06-29 11:00:00,West City,West,51.52362521611854,-0.1861698490033806,15.14,21.45
2024-06-29 12:00:00,West City,West,51.578609390504134,-0.1294447163223882,25.48,13.96
2024-06-29 13:00:00,North City,North,40.73741615319562,-73.88567370657088,30.35,15.32
2024-06-29 14:00:00,North City,North,40.65982409322469,-74.12192955372872,34.09,21.12
2024-06-29 15:00:00,West City,West,51.46656969064302,-0.13307964796443392,42.69,8.29
2024-06-29 16:00:00,East City,East,35.67160260915321,139.66021954044052,33.26,20.0
2024-06-29 17:00:00,West City,West,51.4738178105932,-0.12543887392416364,48.77,12.62
2024-06-29 18:00:00,West City,West,51.55216164847268,-0.11018631228409592,31.44,16.96
2024-06-29 19:00:00,West City,West,51.51465743480851,-0.17504402505620076,53.55,13.9
2024-06-29 20:00:00,East City,East,35.680461582299564,139.69397793887336,39.31,25.46
2024-06-29 21:00:00,North City,North,40.80862741683339,-73.94002246872743,34.71,15.87
2024-06-29 22:00:00,East City,East,35.62406958235885,139.70997427953392,16.54,16.52
2024-06-29 23:00:00,West City,West,51.44444986365159,-0.12988037476851969,37.73,15.04
2024-06-30 00:00:00,South City,South,34.056483671088266,-118.35148054306292,27.89,24.56
2024-06-30 01:00:00,South City,South,34.03021876167328,-118.30562470095072,18.44,15.56
2024-06-30 02:00:00,North City,North,40.776010071179584,-73.86969604124923,23.81,12.05
2024-06-30 03:00:00,South City,South,34.08101780088069,-118.36081234352037,15.62,14.64
2024-06-30 04:00:00,West City,West,51.430321877333995,-0.15956042632709008,17.76,8.76
2024-06-30 05:00:00,West City,West,51.514981738970405,-0.17492877159954984,44.03,26.75
2024-06-30 06:00:00,West City,West,51.54956213391012,-0.09406670082993002,26.78,17.42
2024-06-30 07:00:00,North City,North,40.70846529232073,-74.00391642889304,26.09,15.0
2024-06-30 08:00:00,East City,East,35.6864064011092,139.76173030306688,31.16,22.58
2024-06-30 09:00:00,East City,East,35.779116066549626,139.76198495059884,23.82,16.67
2024-06-30 10:00:00,East City,East,35.650463205356864,139.743061671996,17.31,-0.84
2024-06-30 11:00:00,West City,West,51.513016897436614,-0.008206330527135791,25.14,21.0
2024-06-30 12:00:00,West City,West,51.54711668465332,-0.2147638639605309,31.68,14.17
2024-06-30 13:00:00,East City,East,35.68961356351828,139.68982612859864,39.12,20.21
2024-06-30 14:00:00,East City,East,35.72228993350815,139.67126687656287,37.97,5.89
2024-06-30 15:00:00,West City,West,51.42036602817563,-0.15390650931128738,28.75,32.5
2024-06-30 16:00:00,West City,West,51.51019153467107,-0.09111661107104835,37.44,14.27
2024-06-30 17:00:00,South City,South,34.119835408234856,-118.26446996164175,18.5,16.38
2024-06-30 18:00:00,West City,West,51.51288960403849,-0.11548372010951896,37.83,6.16
2024-06-30 19:00:00,East City,East,35.67329639080992,139.61464834654498,45.86,25.39
2024-06-30 20:00:00,West City,West,51.5437559797882,-0.13847611292451653,35.9,28.32
2024-06-30 21:00:00,West City,West,51.53464091712198,-0.20253386454838007,26.33,15.19
2024-06-30 22:00:00,South City,South,34.08962862408681,-118.21085810084384,10.85,14.1
2024-06-30 23:00:00,North City,North,40.72152578307729,-74.02361524366746,26.2,18.81
2024-07-01 00:00:00,North City,North,40.70004298577028,-73.97991741095107,19.13,24.39
2024-07-01 01:00:00,North City,North,40.742662104537594,-73.92333049417697,33.62,19.26
2024-07-01 02:00:00,North City,North,40.704645549678965,-74.05224200728284,27.66,21.95
2024-07-01 03:00:00,East City,East,35.72871835678853,139.72734024024774,50.85,1.98
2024-07-01 04:00:00,East City,East,35.720239691630596,139.70960644597784,22.47,21.19
2024-07-01 05:00:00,South City,South,33.99539128817372,-118.25346704982293,27.02,14.38
2024-07-01 06:00:00,West City,West,51.59639304685496,-0.20924321140764868,26.33,11.45
2024-07-01 07:00:00,East City,East,35.64955505509535,139.7431239504595,15.02,14.23
2024-07-01 08:00:00,East City,East,35.70094798153906,139.6609292876195,36.02,13.22
2024-07-01 09:00:00,North City,North,40.72150738790029,-74.01065395046757,36.58,18.67
2024-07-01 10:00:00,West City,West,51.440855465072325,-0.13741740932329438,24.75,20.61
2024-07-01 11:00:00,South City,South,34.00357981301947,-118.13701771976591,21.16,22.86
2024-07-01 12:00:00,East City,East,35.66281903386733,139.7301843371781,42.16,16.69
2024-07-01 13:00:00,South City,South,34.03864694959487,-118.17574729218761,27.37,15.9
2024-07-01 14:00:00,North City,North,40.68414198899853,-73.9287277688821,42.6,16.66
2024-07-01 15:00:00,West City,West,51.44058651817243,-0.046501101999680064,25.38,18.38
2024-07-01 16:00:00,West City,West,51.55471587582813,-0.09799718954769479,32.97,22.25
2024-07-01 17:00:00,West City,West,51.45698184192251,-0.05478859101305188,32.27,13.35
2024-07-01 18:00:00,West City,West,51.49700089175169,-0.07288961367944935,22.68,27.93
2024-07-01 19:00:00,South City,South,33.92590193591153,-118.23730058181614,38.3,22.14
2024-07-01 20:00:00,South City,South,34.05336836502928,-118.14278425478471,24.65,26.73
2024-07-01 21:00:00,West City,West,51.49119832945774,-0.14608056594970345,30.81,20.73
2024-07-01 22:00:00,West City,West,51.47773980325332,-0.137944730500576,41.51,21.53
2024-07-01 23:00:00,North City,North,40.75542044388991,-73.98637260923813,32.97,16.51
2024-07-02 00:00:00,West City,West,51.4549461912606,-0.11306178540123128,29.41,29.8
2024-07-02 01:00:00,East City,East,35.623477111495795,139.74355376466133,11.8,25.96
2024-07-02 02:00:00,West City,West,51.465993086883714,-0.08194447651796627,16.02,26.21
2024-07-02 03:00:00,West City,West,51.514427820160336,-0.11065085163168407,24.66,25.89
2024-07-02 04:00:00,North City,North,40.7317870325171,-74.06762898721891,40.29,25.48
2024-07-02 05:00:00,East City,East,35.669424343354855,139.61290557357214,28.86,26.1
2024-07-02 06:00:00,East City,East,35.77663930756896,139.6816492145571,19.72,14.9
2024-07-02 07:00:00,North City,North,40.75966125868333,-74.03878756303196,32.91,13.45
2024-07-02 08:00:00,North City,North,40.67760030938137,-74.02955512815066,47.21,12.46
2024-07-02 09:00:00,East City,East,35.749502277658536,139.67813776312417,29.49,4.86
2024-07-02 10:00:00,West City,West,51.52229201128142,-0.10476493248052009,18.49,17.54
2024-07-02 11:00:00,West City,West,51.44736781338394,-0.2318670694321356,28.7,16.27
2024-07-02 12:00:00,South City,South,33.99090777800658,-118.22245719613089,41.74,21.96
2024-07-02 13:00:00,North City,North,40.70537052450213,-74.0364294732975,30.05,13.86
2024-07-02 14:00:00,South City,South,34.06098119763245,-118.24262463191074,25.07,2.45
2024-07-02 15:00:00,East City,East,35.77680387591471,139.62431576000262,42.26,19.45
2024-07-02 16:00:00,West City,West,51.53035642316866,-0.09974073790293962,12.33,12.96
2024-07-02 17:00:00,West City,West,51.51714154785581,-0.17964225480733065,29.62,29.79
2024-07-02 18:00:00,North City,North,40.61041250031051,-74.03020399543847,18.78,7.7
2024-07-02 19:00:00,South City,South,34.08434965773667,-118.24230167280108,39.99,-2.38
2024-07-02 20:00:00,South City,South,34.01362333105541,-118.28385077195584,27.45,5.03
2024-07-02 21:00:00,East City,East,35.68582928863038,139.68114205099624,17.69,20.28
2024-07-02 22:00:00,East City,East,35.73162300270572,139.69202513725546,36.71,8.12
2024-07-02 23:00:00,North City,North,40.74917736868953,-74.01344858323822,16.26,17.45
2024-07-03 00:00:00,South City,South,34.05775731244639,-118.27438656815268,23.84,15.95
2024-07-03 01:00:00,South City,South,34.02711004867831,-118.28156179244442,42.45,17.13
2024-07-03 02:00:00,South City,South,34.07891568116054,-118.226810954722,29.42,19.23
2024-07-03 03:00:00,East City,East,35.65289456126558,139.66386327438377,21.34,19.95
2024-07-03 04:00:00,North City,North,40.744000805271675,-74.04718143398875,38.75,19.99
2024-07-03 05:00:00,West City,West,51.51823910358568,-0.1768226447984301,21.28,16.82
2024-07-03 06:00:00,West City,West,51.478001835171455,-0.10459393931869833,27.17,24.57
2024-07-03 07:00:00,North City,North,40.760312082585855,-74.02328519528136,49.28,18.0
2024-07-03 08:00:00,West City,West,51.50998635056813,-0.12111081173461986,28.97,26.55
2024-07-03 09:00:00,East City,East,35.64992946628112,139.66055475885932,21.71,26.72
2024-07-03 10:00:00,East City,East,35.802351993767125,139.73568054746025,27.29,27.74
2024-07-03 11:00:00,East City,East,35.660235473434184,139.67547624212517,36.38,7.1
2024-07-03 12:00:00,East City,East,35.75123209561084,139.70423889333645,19.8,31.66
2024-07-03 13:00:00,South City,South,34.090959091455986,-118.18351447323025,33.64,14.76
2024-07-03 14:00:00,West City,West,51.59111074856042,-0.11231676934768042,41.61,20.09
2024-07-03 15:00:00,North City,North,40.6302473302469,-73.98524637451504,19.73,17.03
2024-07-03 16:00:00,North City,North,40.71676703813829,-73.9891000939652,29.62,14.95
2024-07-03 17:00:00,East City,East,35.69586925499135,139.62611207277624,30.8,16.59
2024-07-03 18:00:00,South City,South,34.05452559224378,-118.2706695800499,30.08,14.4
2024-07-03 19:00:00,East City,East,35.640521734268276,139.65161054460245,30.53,19.12
2024-07-03 20:00:00,North City,North,40.6194478477687,-74.02317042217054,27.91,28.41
2024-07-03 21:00:00,South City,South,34.0065028323846,-118.31931516151118,30.89,21.3
2024-07-03 22:00:00,South City,South,34.042675768411954,-118.23272183814164,21.8,13.49
2024-07-03 23:00:00,North City,North,40.68106022589479,-74.08665650094574,23.01,9.62
2024-07-04 00:00:00,South City,South,34.0007473655613,-118.28508957082333,35.23,18.27
2024-07-04 01:00:00,North City,North,40.766205664425144,-73.96041000267947,30.08,16.35
2024-07-04 02:00:00,West City,West,51.52610871422911,-0.10262831870146234,26.22,20.71
2024-07-04 03:00:00,East City,East,35.66791172555033,139.608530664432,19.26,22.15
2024-07-04 04:00:00,West City,West,51.536376027068414,-0.15175746055211664,28.6,27.2
2024-07-04 05:00:00,East City,East,35.78152825590531,139.67861662558772,37.0,11.97
2024-07-04 06:00:00,North City,North,40.75805299572307,-73.96238149903154,33.73,11.17
2024-07-04 07:00:00,East City,East,35.606266700748726,139.7065125965945,42.86,21.97
2024-07-04 08:00:00,North City,North,40.699419212945756,-74.09466052607213,31.34,13.22
2024-07-04 09:00:00,West City,West,51.52233776559941,-0.07432783622219885,39.02,16.14
2024-07-04 10:00:00,North City,North,40.68933121062467,-73.9067007645118,37.66,33.11
2024-07-04 11:00:00,East City,East,35.625841930292005,139.74832027703545,11.44,20.83
2024-07-04 12:00:00,South City,South,34.00150611153056,-118.17630639676537,13.75,1.73
2024-07-04 13:00:00,East City,East,35.726545016293414,139.74195566122125,40.78,18.84
2024-07-04 14:00:00,South City,South,34.00825998984056,-118.28154326387512,27.9,13.45
2024-07-04 15:00:00,South City,South,34.06819439839272,-118.19656181374239,20.64,12.33
2024-07-04 16:00:00,North City,North,40.774905005752046,-74.03517193243376,16.73,26.5
2024-07-04 17:00:00,West City,West,51.509581398554964,-0.08112133322758508,34.53,16.32
2024-07-04 18:00:00,West City,West,51.4907018937373,-0.1137470079569431,19.96,29.15
2024-07-04 19:00:00,South City,South,34.067560197294895,-118.24148969125598,22.25,11.04
2024-07-04 20:00:00,South City,South,34.05863196745913,-118.17288640472582,34.5,23.48
2024-07-04 21:00:00,East City,East,35.695404054994945,139.69012424704098,26.84,17.0
2024-07-04 22:00:00,North City,North,40.68470374543737,-74.06345119215366,24.89,15.32
2024-07-04 23:00:00,North City,North,40.69521962858591,-73.99388709216899,26.3,12.11
2024-07-05 00:00:00,North City,North,40.68005251480982,-73.99577839450643,27.55,26.94
2024-07-05 01:00:00,East City,East,35.638918958404346,139.70472866030153,20.66,20.78
2024-07-05 02:00:00,West City,West,51.57588184861477,-0.1766571127728094,25.34,7.52
2024-07-05 03:00:00,West City,West,51.51994715966183,-0.10949720422696044,36.5,24.01
2024-07-05 04:00:00,North City,North,40.742071022050354,-74.00049906424788,19.68,28.34
2024-07-05 05:00:00,North City,North,40.832853516411866,-74.01204434358564,32.06,14.82
2024-07-05 06:00:00,West City,West,51.50476182575431,-0.1340130718727145,20.59,22.38
2024-07-05 07:00:00,West City,West,51.50922531111927,-0.2258983425339158,30.42,15.17
2024-07-05 08:00:00,West City,West,51.50199855319157,-0.06734280279674443,33.03,13.78
2024-07-05 09:00:00,South City,South,34.046746790208104,-118.23756509656276,35.68,23.66
2024-07-05 10:00:00,East City,East,35.70167704126066,139.76153216937794,33.79,24.44
2024-07-05 11:00:00,East City,East,35.657734673281595,139.6435250469742,33.84,17.16
2024-07-05 12:00:00,North City,North,40.69852940455782,-73.93619323471107,44.74,14.42
2024-07-05 13:00:00,North City,North,40.69977461233592,-73.9610495196766,22.25,33.03
2024-07-05 14:00:00,North City,North,40.72212922372397,-73.95036418884884,24.1,17.95
2024-07-05 15:00:00,South City,South,33.85938123353797,-118.18998633512899,31.03,13.01
2024-07-05 16:00:00,North City,North,40.70273320583907,-74.09040997640894,21.72,37.04
2024-07-05 17:00:00,North City,North,40.76678490917383,-74.02252227322998,35.46,23.48
2024-07-05 18:00:00,South City,South,34.18908502341203,-118.26634681671004,54.75,18.52
2024-07-05 19:00:00,South City,South,34.06987569922242,-118.23422200697458,28.69,15.6
2024-07-05 20:00:00,West City,West,51.518191638882236,-0.19294885216450253,17.35,20.99
2024-07-05 21:00:00,East City,East,35.65146740854919,139.63183805803502,30.03,21.71
2024-07-05 22:00:00,South City,South,34.104385175765685,-118.30338401629896,27.75,13.72
2024-07-05 23:00:00,West City,West,51.511087039310326,-0.07766392924113431,31.18,13.74
2024-07-06 00:00:00,North City,North,40.7342685191939,-73.9962612468437,24.34,26.48
2024-07-06 01:00:00,South City,South,34.067287384087074,-118.33216807006684,15.74,3.18
2024-07-06 02:00:00,East City,East,35.66589097719581,139.72666009167745,26.57,19.78
2024-07-06 03:00:00,East City,East,35.732902732711395,139.71653508061212,27.49,7.8
2024-07-06 04:00:00,East City,East,35.74717281028233,139.64530967185735,49.88,19.62
2024-07-06 05:00:00,East City,East,35.717704554969075,139.80032193107795,13.23,10.87
2024-07-06 06:00:00,East City,East,35.69707811112573,139.68120727748448,37.5,14.66
2024-07-06 07:00:00,South City,South,34.04614403009386,-118.28058091812868,20.11,18.22
2024-07-06 08:00:00,West City,West,51.498195228145626,-0.1730708527375181,25.78,30.06
2024-07-06 09:00:00,South City,South,34.08053887344077,-118.27103790740061,13.97,18.69
2024-07-06 10:00:00,West City,West,51.451380082662475,-0.1579937920243069,22.96,10.43
2024-07-06 11:00:00,West City,West,51.505186993986065,-0.07053916567141705,45.54,20.7
2024-07-06 12:00:00,East City,East,35.66002065107759,139.73281242121433,24.21,18.81
2024-07-06 13:00:00,South City,South,34.05179803724392,-118.31705631648293,27.85,7.95
2024-07-06 14:00:00,North City,North,40.71578721904976,-74.01574499302231,26.06,12.64
2024-07-06 15:00:00,West City,West,51.53100483455275,-0.1208388300768192,25.97,18.61
2024-07-06 16:00:00,East City,East,35.68526251424797,139.6424627182313,29.85,23.16
2024-07-06 17:00:00,North City,North,40.686941436152196,-73.99862703798013,8.64,15.55
2024-07-06 18:00:00,East City,East,35.66601985543653,139.63850618737425,27.62,15.75
2024-07-06 19:00:00,West City,West,51.558482936409895,-0.1248172717496458,38.93,14.36
2024-07-06 20:00:00,East City,East,35.711069418446165,139.6480265905168,38.99,9.41
2024-07-06 21:00:00,South City,South,34.046474039835424,-118.30115509762985,22.43,20.29
2024-07-06 22:00:00,South City,South,34.00111279104397,-118.22036285495771,44.82,12.27
2024-07-06 23:00:00,East City,East,35.72766597257166,139.6951212655604,49.83,34.75
2024-07-07 00:00:00,West City,West,51.604020890620454,-0.15464314729526932,26.08,19.48
2024-07-07 01:00:00,North City,North,40.72987213113822,-74.03607919897743,20.94,29.58
2024-07-07 02:00:00,South City,South,34.083851714515276,-118.23383743529598,32.86,21.11
2024-07-07 03:00:00,East City,East,35.77777805888137,139.67934073173228,38.9,20.0
2024-07-07 04:00:00,South City,South,34.054493824003835,-118.24374026793335,36.11,12.14
2024-07-07 05:00:00,North City,North,40.67067847472845,-73.93929352659615,50.12,20.09
2024-07-07 06:00:00,North City,North,40.70937558944415,-74.09399676883928,29.79,10.52
2024-07-07 07:00:00,East City,East,35.68891160810882,139.68987195286854,21.59,30.19
2024-07-07 08:00:00,East City,East,35.73172911660158,139.73883455156786,42.08,19.11
2024-07-07 09:00:00,East City,East,35.68877495355941,139.67719477748423,31.4,7.44
2024-07-07 10:00:00,North City,North,40.70576055555729,-74.03069989285783,35.68,29.35
2024-07-07 11:00:00,South City,South,34.04634054829677,-118.3449518157255,42.59,23.07
2024-07-07 12:00:00,North City,North,40.66916519838793,-73.95511161124804,37.22,27.08
2024-07-07 13:00:00,South City,South,34.08810893975893,-118.20691124049809,29.79,21.1
2024-07-07 14:00:00,South City,South,34.12814244020372,-118.25687164226659,18.16,11.76
2024-07-07 15:00:00,East City,East,35.757185491998825,139.76543469926727,30.01,22.84
2024-07-07 16:00:00,West City,West,51.5481085132652,-0.08334628046649939,36.74,25.78
2024-07-07 17:00:00,North City,North,40.74855215535073,-74.04105821110818,14.59,19.63
2024-07-07 18:00:00,North City,North,40.658407078923396,-73.9859823410377,26.34,22.47
2024-07-07 19:00:00,West City,West,51.51346218659101,-0.15553334372940342,40.43,22.17
2024-07-07 20:00:00,North City,North,40.664225007826396,-74.02637349380265,19.35,15.39
2024-07-07 21:00:00,East City,East,35.67790567972915,139.68107596824063,30.69,14.65
2024-07-07 22:00:00,North City,North,40.64314721939026,-73.95343001778726,23.15,11.54
2024-07-07 23:00:00,South City,South,33.95527365815301,-118.21388332080673,30.61,6.11
2024-07-08 00:00:00,South City,South,34.02725362248709,-118.25702748775025,19.72,24.1
2024-07-08 01:00:00,South City,South,34.028518516274026,-118.24840712621038,22.44,24.52
2024-07-08 02:00:00,West City,West,51.56438744870576,-0.08766036877370742,35.73,17.05
2024-07-08 03:00:00,South City,South,33.97728590953377,-118.12670018390338,42.29,9.32
2024-07-08 04:00:00,East City,East,35.71208895449774,139.6340520836389,21.81,10.9
2024-07-08 05:00:00,North City,North,40.733613841547616,-74.04280611471951,38.12,21.98
2024-07-08 06:00:00,South City,South,34.02447479670763,-118.21877279841699,43.27,12.64
2024-07-08 07:00:00,North City,North,40.65603043380634,-74.1367734480002,30.32,11.27
2024-07-08 08:00:00,North City,North,40.73197265898175,-74.00003936795126,30.76,12.1
2024-07-08 09:00:00,North City,North,40.751472447331835,-73.92918274263903,44.7,16.03
2024-07-08 10:00:00,East City,East,35.804180959262325,139.73269505806576,37.61,8.63
2024-07-08 11:00:00,West City,West,51.45417517894135,-0.09484659855987573,21.19,10.96
2024-07-08 12:00:00,East City,East,35.647329235020585,139.69337039101873,42.94,9.52
2024-07-08 13:00:00,East City,East,35.680412341323716,139.61644360610785,10.75,22.26
2024-07-08 14:00:00,West City,West,51.44118434498108,-0.15731457041901425,31.96,5.31
2024-07-08 15:00:00,East City,East,35.75836832893906,139.71061769846764,39.53,20.71
2024-07-08 16:00:00,East City,East,35.66143890865853,139.75998551304437,37.32,22.01
2024-07-08 17:00:00,East City,East,35.67511317696332,139.74230560593583,33.98,23.28
2024-07-08 18:00:00,West City,West,51.421192610501095,-0.18454090301247345,27.07,9.88
2024-07-08 19:00:00,East City,East,35.66018861528595,139.63938249821564,38.03,21.14
2024-07-08 20:00:00,South City,South,34.08100974992606,-118.23910192788708,21.35,19.27
2024-07-08 21:00:00,South City,South,34.053852086956574,-118.19509775564488,35.8,17.27
2024-07-08 22:00:00,West City,West,51.52388064322219,-0.2390673338006553,25.2,27.83
2024-07-08 23:00:00,West City,West,51.50325808107877,-0.15029331503550838,48.74,11.75
2024-07-09 00:00:00,South City,South,34.134648046887584,-118.2332833277834,24.33,22.01
2024-07-09 01:00:00,West City,West,51.49933916972037,-0.1515215204324879,31.17,23.26
2024-07-09 02:00:00,South City,South,34.055764278476325,-118.2623798024384,34.25,22.34
2024-07-09 03:00:00,North City,North,40.67745783268427,-74.0469039493653,21.86,24.64
2024-07-09 04:00:00,West City,West,51.470767705436366,-0.19516002474270364,21.87,15.81
2024-07-09 05:00:00,West City,West,51.42681552077222,-0.10977005503685122,21.31,29.72
2024-07-09 06:00:00,East City,East,35.69868838396637,139.7102045580214,30.43,15.4
2024-07-09 07:00:00,West City,West,51.42088522600521,-0.215355430293616,22.53,21.92
2024-07-09 08:00:00,North City,North,40.820038981754166,-74.03299071050654,32.47,11.76
2024-07-09 09:00:00,East City,East,35.747040097852896,139.69580441252452,25.16,20.75
2024-07-09 10:00:00,West City,West,51.49947461359095,-0.11754557845452183,18.04,25.57
2024-07-09 11:00:00,West City,West,51.52114465044554,-0.15685336500300118,27.5,16.87
2024-07-09 12:00:00,South City,South,34.097301457817125,-118.21958930938288,16.77,21.87
2024-07-09 13:00:00,East City,East,35.651786591935426,139.68536083466807,25.37,31.06
2024-07-09 14:00:00,North City,North,40.688816621344756,-74.02517089351664,31.87,10.93
2024-07-09 15:00:00,South City,South,33.965015274647136,-118.20821994892994,20.32,30.87
2024-07-09 16:00:00,East City,East,35.67090201132412,139.69898939575938,23.36,27.82
2024-07-09 17:00:00,South City,South,34.00483357388431,-118.21169433246041,40.98,6.65
2024-07-09 18:00:00,West City,West,51.42727043509624,-0.13219069043273865,28.97,23.6
2024-07-09 19:00:00,South City,South,34.02932845812458,-118.30873168523743,13.88,19.1
2024-07-09 20:00:00,West City,West,51.54530158935127,-0.14449301629593828,41.6,26.07
2024-07-09 21:00:00,East City,East,35.60988136105692,139.76380671313544,17.59,21.93
2024-07-09 22:00:00,East City,East,35.694546960232245,139.66505822009566,16.1,26.45
2024-07-09 23:00:00,North City,North,40.76260162516538,-73.917288019098,44.2,25.09
2024-07-10 00:00:00,North City,North,40.70037322634222,-73.95699229404607,12.28,16.58
2024-07-10 01:00:00,West City,West,51.5655355296803,-0.17060042429730954,27.49,27.79
2024-07-10 02:00:00,West City,West,51.52360413732335,-0.14293787718854045,37.16,13.91
2024-07-10 03:00:00,South City,South,34.12065306499212,-118.28216655771753,25.55,5.85
2024-07-10 04:00:00,East City,East,35.609054756652775,139.77429477302402,16.5,27.53
2024-07-10 05:00:00,East City,East,35.74752905884524,139.76057479522345,29.16,18.5
2024-07-10 06:00:00,North City,North,40.64682689289927,-73.996069892008,29.6,16.83
2024-07-10 07:00:00,South City,South,34.06528536417382,-118.15538787951641,30.58,18.6
2024-07-10 08:00:00,East City,East,35.70356634399742,139.68553665419097,34.24,11.29
2024-07-10 09:00:00,South City,South,34.0109610986813,-118.20060362232017,44.03,20.99
2024-07-10 10:00:00,East City,East,35.61162680021547,139.7263950887113,29.23,21.37
2024-07-10 11:00:00,West City,West,51.51603522082885,-0.06557255046184707,47.22,16.08
2024-07-10 12:00:00,South City,South,34.03524113458588,-118.24784445959112,43.61,17.36
2024-07-10 13:00:00,West City,West,51.46131407819754,-0.09707399771623772,44.54,16.77
2024-07-10 14:00:00,East City,East,35.689703356234695,139.7252080143086,12.37,24.1
2024-07-10 15:00:00,West City,West,51.607986078772136,-0.1689451795488237,27.9,15.42
2024-07-10 16:00:00,East City,East,35.75029486304372,139.65271048566296,49.8,4.18
2024-07-10 17:00:00,East City,East,35.70665576398531,139.73010473480915,28.67,18.65
2024-07-10 18:00:00,East City,East,35.63363299998288,139.74783319764848,26.82,17.46
2024-07-10 19:00:00,West City,West,51.478368236012365,-0.08273116417855403,23.12,15.86
2024-07-10 20:00:00,South City,South,34.05361842494459,-118.32981500498136,31.3,19.96
2024-07-10 21:00:00,South City,South,34.12564321702981,-118.24693295220297,61.67,13.35
2024-07-10 22:00:00,West City,West,51.49480101660678,-0.07223879927994459,21.7,10.77
2024-07-10 23:00:00,North City,North,40.68846685963382,-74.0453040599404,13.57,15.45
2024-07-11 00:00:00,East City,East,35.6929413235106,139.64752113903637,19.53,15.3
2024-07-11 01:00:00,North City,North,40.74308624804209,-74.0537490933222,12.09,18.2
2024-07-11 02:00:00,East City,East,35.76323183225569,139.74229004912007,35.42,18.15
2024-07-11 03:00:00,East City,East,35.63680345760724,139.7086070162679,37.95,1.94
2024-07-11 04:00:00,East City,East,35.67295391248761,139.76041081546705,38.07,17.25
2024-07-11 05:00:00,East City,East,35.603507859807614,139.65344551058035,28.48,19.43
2024-07-11 06:00:00,East City,East,35.66218204408268,139.69361149364317,36.93,14.97
2024-07-11 07:00:00,North City,North,40.82838046876503,-74.00974142716596,32.58,15.71
2024-07-11 08:00:00,North City,North,40.72844023499942,-74.01112415679096,27.52,28.79
2024-07-11 09:00:00,East City,East,35.74801578628008,139.61169592644927,33.51,10.68
2024-07-11 10:00:00,West City,West,51.468149353570766,-0.1874712314070737,33.1,14.64
2024-07-11 11:00:00,South City,South,33.993972661094496,-118.26810681400711,33.43,23.29
2024-07-11 12:00:00,North City,North,40.76627718122514,-74.02234091714699,39.14,6.1
2024-07-11 13:00:00,East City,East,35.63260701824497,139.6625197718448,27.89,23.39
2024-07-11 14:00:00,North City,North,40.74004666115388,-73.97220654586026,47.06,21.67
2024-07-11 15:00:00,North City,North,40.65315519031816,-73.93215438518449,26.75,26.37
2024-07-11 16:00:00,West City,West,51.56093611409795,-0.11603193519739202,39.73,26.38
2024-07-11 17:00:00,North City,North,40.77169350414211,-74.02568272392058,26.05,20.71
2024-07-11 18:00:00,West City,West,51.549612937082905,-0.15112055138920438,35.67,16.48
2024-07-11 19:00:00,South City,South,34.08021809753333,-118.27095137864613,21.01,25.73
2024-07-11 20:00:00,West City,West,51.469121217272374,-0.16394048185967292,42.36,8.13
2024-07-11 21:00:00,West City,West,51.524498298996164,-0.09255923435540836,32.86,10.38
2024-07-11 22:00:00,North City,North,40.75340695686138,-74.00504457637831,40.82,9.78
2024-07-11 23:00:00,West City,West,51.53974352324484,-0.020897239418299768,29.58,5.72
2024-07-12 00:00:00,East City,East,35.714022188120104,139.63215916433086,28.55,19.35
2024-07-12 01:00:00,West City,West,51.59685686983806,-0.1503954265953601,27.0,10.73
2024-07-12 02:00:00,South City,South,34.077317511195524,-118.24198359460118,41.4,19.37
2024-07-12 03:00:00,East City,East,35.67374681952004,139.69500894159324,45.83,18.59
2024-07-12 04:00:00,North City,North,40.7740111205787,-74.0234545098752,21.73,12.73
2024-07-12 05:00:00,North City,North,40.751071295697535,-74.01575023824505,44.14,1.0
2024-07-12 06:00:00,West City,West,51.564040339179336,-0.14565548000972545,32.37,22.51
2024-07-12 07:00:00,North City,North,40.74012622080268,-74.00123679678117,34.88,14.39
2024-07-12 08:00:00,South City,South,34.06847671029409,-118.21737203910413,28.46,18.14
2024-07-12 09:00:00,West City,West,51.44470486204379,-0.07739312002952156,29.26,12.75
2024-07-12 10:00:00,East City,East,35.73958130046884,139.6636609590259,19.95,12.37
2024-07-12 11:00:00,West City,West,51.55598631548802,-0.1427332695289849,46.74,19.51
2024-07-12 12:00:00,North City,North,40.633740240436005,-74.0301096738868,13.83,23.05
2024-07-12 13:00:00,West City,West,51.507378318579065,-0.05131948529177045,31.84,16.53
2024-07-12 14:00:00,West City,West,51.580851935781496,-0.17125272658638643,35.03,14.3
2024-07-12 15:00:00,West City,West,51.54914178687923,-0.13594170197755523,39.68,34.37
2024-07-12 16:00:00,East City,East,35.66522012345639,139.73835490603523,29.14,18.37
2024-07-12 17:00:00,North City,North,40.78767478579567,-73.9706091839681,20.47,15.75
2024-07-12 18:00:00,West City,West,51.53177558010814,-0.07860538011624865,28.3,20.62
2024-07-12 19:00:00,West City,West,51.534018600564835,-0.11175321228395661,16.25,3.99
2024-07-12 20:00:00,West City,West,51.49657730846538,-0.1808169912529073,29.39,23.37
2024-07-12 21:00:00,East City,East,35.625433348490716,139.63562041236327,17.76,20.2
2024-07-12 22:00:00,East City,East,35.62320969835691,139.72551158988196,27.83,23.55
2024-07-12 23:00:00,East City,East,35.693484048992275,139.68452651348477,12.02,11.15
2024-07-13 00:00:00,West City,West,51.51561871289087,-0.08760849765945487,37.8,18.82
2024-07-13 01:00:00,North City,North,40.71300625468581,-74.00015497333519,37.73,6.62
2024-07-13 02:00:00,West City,West,51.484688510976305,-0.12319309049044413,32.19,24.68
2024-07-13 03:00:00,North City,North,40.69178223367118,-73.95604252026914,19.79,12.29
2024-07-13 04:00:00,West City,West,51.51191209894958,-0.1011169596945863,32.78,15.1
2024-07-13 05:00:00,North City,North,40.71067584205656,-74.07815891345668,40.4,23.69
2024-07-13 06:00:00,West City,West,51.53895146011543,-0.044254159731449,24.36,27.66
2024-07-13 07:00:00,East City,East,35.6982461733721,139.63485546538004,41.39,15.85
2024-07-13 08:00:00,West City,West,51.60782528671444,-0.12375934076961931,33.0,20.25
2024-07-13 09:00:00,South City,South,33.94483991034718,-118.28210906156681,25.92,13.68
2024-07-13 10:00:00,South City,South,34.11042745424533,-118.26339292096135,26.65,21.06
2024-07-13 11:00:00,East City,East,35.65089176565677,139.67119318691144,19.65,6.88
2024-07-13 12:00:00,South City,South,34.1045772717293,-118.27306738101365,15.37,24.66
2024-07-13 13:00:00,South City,South,34.11646850805189,-118.17744519719476,24.3,3.23
2024-07-13 14:00:00,East City,East,35.639807752421355,139.67302346577952,30.59,13.24
2024-07-13 15:00:00,East City,East,35.70074478974432,139.6946238534234,38.81,19.87
2024-07-13 16:00:00,South City,South,34.04531060933493,-118.20831346666101,32.55,16.99
2024-07-13 17:00:00,North City,North,40.728692047876244,-73.97800178798622,28.31,22.38
2024-07-13 18:00:00,East City,East,35.834094761702715,139.72101905386532,24.03,20.74
2024-07-13 19:00:00,South City,South,34.15325967997904,-118.25451501642318,35.97,18.23
2024-07-13 20:00:00,North City,North,40.664744211096554,-73.99549127412733,27.74,11.12
2024-07-13 21:00:00,East City,East,35.72117944705638,139.58737997831847,29.93,26.27
2024-07-13 22:00:00,South City,South,34.02439035616084,-118.22405084499201,45.53,24.44
2024-07-13 23:00:00,East City,East,35.68234168331823,139.63947819015962,45.37,14.07
2024-07-14 00:00:00,East City,East,35.6760351564693,139.71610645177296,41.08,21.56
2024-07-14 01:00:00,South City,South,34.05987925000173,-118.27233563399157,18.1,15.8
2024-07-14 02:00:00,East City,East,35.66744465561726,139.68338082491573,26.97,18.44
2024-07-14 03:00:00,North City,North,40.770210239232824,-73.92178083359093,30.03,10.7
2024-07-14 04:00:00,North City,North,40.79659525716806,-73.96651258985308,37.09,11.97
2024-07-14 05:00:00,East City,East,35.67747076907697,139.67195236259687,26.13,22.61
2024-07-14 06:00:00,North City,North,40.70827090149328,-74.13088825510279,31.91,12.16
2024-07-14 07:00:00,South City,South,34.02968027795923,-118.26765249867687,24.3,14.64
2024-07-14 08:00:00,North City,North,40.73399753714663,-74.02127792841304,32.31,20.33
2024-07-14 09:00:00,East City,East,35.58797116940871,139.67474653026923,43.81,10.76
2024-07-14 10:00:00,South City,South,34.04989217255189,-118.25749458285235,43.48,20.63
2024-07-14 11:00:00,South City,South,34.12070131881881,-118.26639417994245,35.91,11.36
2024-07-14 12:00:00,South City,South,34.045988287732115,-118.28057081389574,17.9,10.37
2024-07-14 13:00:00,West City,West,51.50744938295795,-0.12789457822979086,44.94,22.37
2024-07-14 14:00:00,North City,North,40.73149529307192,-73.9780248296165,30.99,19.51
2024-07-14 15:00:00,West City,West,51.522321394974135,-0.10238156616390245,41.72,21.99
2024-07-14 16:00:00,South City,South,34.09862992605235,-118.24852428623134,22.2,14.8
2024-07-14 17:00:00,South City,South,34.13505053669627,-118.23934267031211,21.81,12.47
2024-07-14 18:00:00,North City,North,40.75464240350149,-74.10277605407467,22.87,21.24
2024-07-14 19:00:00,East City,East,35.67623856238877,139.7637699555161,35.61,11.58
2024-07-14 20:00:00,North City,North,40.72056767884695,-74.01980028075374,19.57,7.1
2024-07-14 21:00:00,West City,West,51.55739535335825,-0.09056053438829795,29.84,3.22
2024-07-14 22:00:00,East City,East,35.74737455551626,139.75503340524676,32.83,9.43
2024-07-14 23:00:00,East City,East,35.66407582129908,139.70023685553105,33.12,22.86
2024-07-15 00:00:00,South City,South,34.02492946901583,-118.2415409426324,45.38,20.98
2024-07-15 01:00:00,West City,West,51.485307445524946,-0.12253582262791816,25.4,23.14
2024-07-15 02:00:00,East City,East,35.65962863692764,139.6902891392089,19.93,13.82
2024-07-15 03:00:00,South City,South,34.0556584896518,-118.23325403632612,31.02,16.12
2024-07-15 04:00:00,South City,South,34.12446008642214,-118.19559454430575,29.55,23.38
2024-07-15 05:00:00,West City,West,51.48866215155167,-0.08454813640067,44.01,14.36
2024-07-15 06:00:00,South City,South,34.078796733486755,-118.20077147893694,58.7,30.48
2024-07-15 07:00:00,North City,North,40.67244559701312,-74.02267118541413,33.6,15.2
2024-07-15 08:00:00,North City,North,40.729636374204894,-74.02371569483736,29.56,26.28
2024-07-15 09:00:00,South City,South,33.96992429836927,-118.27310206230747,24.29,1.29
2024-07-15 10:00:00,West City,West,51.42000663163609,-0.07954974643236805,37.69,24.16
2024-07-15 11:00:00,West City,West,51.565495056497824,-0.07606501519563591,22.64,24.94
2024-07-15 12:00:00,North City,North,40.63430698497092,-74.05084626960223,22.01,10.49
2024-07-15 13:00:00,West City,West,51.48112995126311,-0.14505575704647777,4.7,9.3
2024-07-15 14:00:00,West City,West,51.6113228034964,-0.11760287545645429,19.92,25.14
2024-07-15 15:00:00,South City,South,33.96777038996863,-118.20447318812352,32.5,11.43
2024-07-15 16:00:00,East City,East,35.743584253833674,139.6401213529278,45.87,15.37
2024-07-15 17:00:00,East City,East,35.59836936483822,139.64733287461434,37.12,15.01
2024-07-15 18:00:00,North City,North,40.682002292778535,-73.94170044122706,33.75,31.22
2024-07-15 19:00:00,West City,West,51.485863476751696,-0.09919611894975283,43.46,18.62
2024-07-15 20:00:00,West City,West,51.56396429833465,-0.10858596053359015,43.94,16.97
2024-07-15 21:00:00,North City,North,40.71887365560861,-74.03507611393593,25.12,14.41
2024-07-15 22:00:00,East City,East,35.65360275938704,139.7098348905591,42.79,16.11
2024-07-15 23:00:00,North City,North,40.71951937209398,-74.14643622961789,15.8,9.67
2024-07-16 00:00:00,North City,North,40.780162013454394,-74.09511284524262,21.4,28.66
2024-07-16 01:00:00,West City,West,51.47878894208628,-0.22427082630049966,22.52,10.45
2024-07-16 02:00:00,South City,South,34.06886054881177,-118.29345482289594,35.14,12.1
2024-07-16 03:00:00,North City,North,40.613621216094266,-73.98263344351771,36.96,12.62
2024-07-16 04:00:00,West City,West,51.44029174058924,-0.11354254833808673,37.7,11.91
2024-07-16 05:00:00,North City,North,40.75507771807281,-73.94688637746702,27.39,26.14
2024-07-16 06:00:00,South City,South,34.150109337896225,-118.19886018195474,53.35,25.0
2024-07-16 07:00:00,East City,East,35.54707364556742,139.68793477896295,3.99,9.35
2024-07-16 08:00:00,East City,East,35.66402963445796,139.69787525535722,26.93,12.86
2024-07-16 09:00:00,East City,East,35.68485063584879,139.67101922472352,40.17,31.0
2024-07-16 10:00:00,East City,East,35.58640742231608,139.75540542081797,5.4,21.08
2024-07-16 11:00:00,South City,South,34.08495501358112,-118.31385692040445,20.68,11.91
2024-07-16 12:00:00,North City,North,40.783933796578665,-74.01856983352066,15.09,15.1
2024-07-16 13:00:00,East City,East,35.67582870901937,139.6679979429781,4.29,15.37
2024-07-16 14:00:00,South City,South,34.10907921146972,-118.1724394008393,17.44,22.06
2024-07-16 15:00:00,West City,West,51.44994005326559,-0.10190133118549172,42.25,11.07
2024-07-16 16:00:00,South City,South,33.96647787622309,-118.18388757818751,31.57,6.52
2024-07-16 17:00:00,East City,East,35.65259279655805,139.70291391405453,33.0,14.38
2024-07-16 18:00:00,North City,North,40.67560569765285,-73.9898437986175,30.65,30.9
2024-07-16 19:00:00,North City,North,40.67107425722139,-74.04234964963092,29.72,18.62
2024-07-16 20:00:00,South City,South,34.001288971423975,-118.29026212036634,22.23,26.16
2024-07-16 21:00:00,East City,East,35.702681950042056,139.71272617806417,16.76,28.02
2024-07-16 22:00:00,North City,North,40.68208675171062,-73.98415606142794,17.76,11.46
2024-07-16 23:00:00,West City,West,51.429356114675954,-0.09473300179288538,27.43,15.2
2024-07-17 00:00:00,South City,South,34.09945044505202,-118.24583021008101,27.96,26.22
2024-07-17 01:00:00,North City,North,40.7226662121117,-74.01761078163224,20.26,28.68
2024-07-17 02:00:00,South City,South,34.07359014540553,-118.29337338092759,50.5,20.25
2024-07-17 03:00:00,West City,West,51.56879939047928,-0.19590148410005004,15.18,19.1
2024-07-17 04:00:00,West City,West,51.56370844545697,-0.14461421837494978,42.65,28.99
2024-07-17 05:00:00,East City,East,35.74435267112376,139.77453212032182,38.07,27.15
2024-07-17 06:00:00,West City,West,51.564545779761815,-0.12057608542603068,42.75,11.17
2024-07-17 07:00:00,East City,East,35.72803915739907,139.72533634888782,29.6,13.85
2024-07-17 08:00:00,East City,East,35.64033569475785,139.63018182797006,38.15,18.03
2024-07-17 09:00:00,North City,North,40.732990869692394,-73.99455853204105,41.33,12.21
2024-07-17 10:00:00,North City,North,40.72461501434711,-74.08268488058735,31.53,25.74
2024-07-17 11:00:00,North City,North,40.6967741138167,-73.93621462590663,28.43,18.99
2024-07-17 12:00:00,West City,West,51.523701057979125,-0.10403204958836458,51.68,14.09
2024-07-17 13:00:00,North City,North,40.806858175366855,-74.06437760476085,20.2,22.17
2024-07-17 14:00:00,East City,East,35.67276192321886,139.7370924669229,25.38,24.37
2024-07-17 15:00:00,North City,North,40.675162125157144,-73.96547346186053,49.12,18.07
2024-07-17 16:00:00,South City,South,33.94250347772213,-118.20957741522909,30.93,12.47
2024-07-17 17:00:00,South City,South,34.02806813144328,-118.27973831232742,46.83,15.83
2024-07-17 18:00:00,North City,North,40.782236122289305,-73.94578602164908,38.16,5.64
2024-07-17 19:00:00,West City,West,51.552286078422966,-0.08133442063961974,28.92,18.98
2024-07-17 20:00:00,West City,West,51.44269715602573,-0.13351184417989748,43.95,11.91
2024-07-17 21:00:00,West City,West,51.54443195244292,-0.10111069295399795,35.28,17.68
2024-07-17 22:00:00,West City,West,51.51913111559232,-0.15232734285571126,25.08,31.75
2024-07-17 23:00:00,South City,South,34.05226766512328,-118.28512040536194,55.14,26.34
2024-07-18 00:00:00,South City,South,33.999018387323694,-118.20037166070728,40.74,20.38
2024-07-18 01:00:00,South City,South,34.0701942783283,-118.29296049393105,33.05,16.3
2024-07-18 02:00:00,North City,North,40.77336148357399,-73.97691443641085,20.44,14.25
2024-07-18 03:00:00,East City,East,35.8150566273845,139.69070342191714,32.08,2.34
2024-07-18 04:00:00,North City,North,40.736308149438656,-73.98355388830677,33.83,18.87
2024-07-18 05:00:00,East City,East,35.73395715137837,139.7512875562779,24.46,23.6
2024-07-18 06:00:00,West City,West,51.41551803487845,-0.20730447497548665,35.44,20.43
2024-07-18 07:00:00,West City,West,51.590982971832425,-0.07425588539142655,27.41,20.53
2024-07-18 08:00:00,North City,North,40.72009749785786,-74.01184548245043,48.68,12.11
2024-07-18 09:00:00,North City,North,40.6286578152408,-73.9799603500775,22.07,16.36
2024-07-18 10:00:00,West City,West,51.5103026554955,-0.19214765411233292,11.64,5.25
2024-07-18 11:00:00,South City,South,34.024518834293715,-118.26201864236333,29.16,13.43
2024-07-18 12:00:00,West City,West,51.58834421703992,-0.10008374018103211,36.81,16.47
2024-07-18 13:00:00,West City,West,51.56097719850853,-0.05010422922722467,24.31,4.8
2024-07-18 14:00:00,West City,West,51.5877463513459,-0.05619382730100857,36.06,24.56
2024-07-18 15:00:00,East City,East,35.78081102392306,139.64631711458793,29.72,9.96
2024-07-18 16:00:00,East City,East,35.627924317498376,139.67176590744228,33.39,24.83
2024-07-18 17:00:00,East City,East,35.72745730882656,139.7701378617626,1.77,25.69
2024-07-18 18:00:00,West City,West,51.493585658194725,-0.13901982601982493,28.14,17.35
2024-07-18 19:00:00,East City,East,35.765106307118835,139.64439232094352,30.82,20.28
2024-07-18 20:00:00,East City,East,35.73843844401106,139.79038014056948,47.92,14.42
2024-07-18 21:00:00,South City,South,33.94833779779412,-118.21499349745665,28.53,12.0
2024-07-18 22:00:00,West City,West,51.508021612380524,-0.16794174214970276,34.0,24.95
2024-07-18 23:00:00,North City,North,40.633393503700226,-73.89890086799261,23.62,27.35
2024-07-19 00:00:00,North City,North,40.75229392628784,-74.03326904106298,51.52,24.2
2024-07-19 01:00:00,North City,North,40.64831061566695,-73.94603937292013,39.61,4.08
2024-07-19 02:00:00,West City,West,51.53697451212045,-0.10380010248332627,27.44,17.09
2024-07-19 03:00:00,East City,East,35.641751798217854,139.59893747302237,40.76,18.85
2024-07-19 04:00:00,East City,East,35.78444486985162,139.6197931160514,37.25,14.7
2024-07-19 05:00:00,North City,North,40.665148797826376,-73.98351887477858,26.36,12.78
2024-07-19 06:00:00,South City,South,34.054607500451255,-118.26312016470084,39.62,17.54
2024-07-19 07:00:00,West City,West,51.458536556918844,-0.13290191004092322,25.57,13.59
2024-07-19 08:00:00,North City,North,40.69502254918216,-73.9525314730371,45.73,16.68
2024-07-19 09:00:00,South City,South,34.01663447455976,-118.24536223700275,40.25,16.63
2024-07-19 10:00:00,South City,South,34.0459770414946,-118.30326173625606,16.33,30.79
2024-07-19 11:00:00,East City,East,35.73188189075347,139.64418806394275,23.88,19.59
2024-07-19 12:00:00,North City,North,40.664014858842634,-74.0437128684811,32.35,11.0
2024-07-19 13:00:00,West City,West,51.45157826590861,-0.14552024916702117,42.59,22.14
2024-07-19 14:00:00,North City,North,40.700146013956015,-74.04127330033205,35.87,19.6
2024-07-19 15:00:00,East City,East,35.660325320326514,139.63251911684017,47.84,11.73
2024-07-19 16:00:00,East City,East,35.68859633047121,139.63823339075762,11.51,15.79
2024-07-19 17:00:00,West City,West,51.53497894333659,-0.08277120522173567,15.49,21.61
2024-07-19 18:00:00,East City,East,35.703681483285145,139.63973827052308,42.23,21.27
2024-07-19 19:00:00,North City,North,40.71875310391216,-74.03370077666233,42.09,20.27
2024-07-19 20:00:00,South City,South,34.01639555405574,-118.29399559674067,2.47,24.67
2024-07-19 21:00:00,East City,East,35.630880681710735,139.72886991168224,36.03,8.59
2024-07-19 22:00:00,West City,West,51.52479487734857,-0.12122517301622059,28.56,-3.37
2024-07-19 23:00:00,South City,South,34.01708513934044,-118.2173857065659,17.92,13.35
2024-07-20 00:00:00,South City,South,34.11277464013314,-118.13664731802655,19.04,23.41
2024-07-20 01:00:00,South City,South,34.062434792956836,-118.19015001696042,40.13,15.91
2024-07-20 02:00:00,North City,North,40.67976219567926,-73.95186281634889,30.63,26.6
2024-07-20 03:00:00,North City,North,40.689179392794586,-73.98156067631088,35.92,22.93
2024-07-20 04:00:00,North City,North,40.72357575904082,-74.11113351214698,37.7,21.02
2024-07-20 05:00:00,North City,North,40.7154476262355,-74.0251688187147,37.68,21.13
2024-07-20 06:00:00,East City,East,35.617589766813744,139.71572274433058,35.41,13.14
2024-07-20 07:00:00,North City,North,40.728151375896466,-74.02485778914057,24.87,13.22
2024-07-20 08:00:00,East City,East,35.67579587284846,139.76531457743914,34.81,24.3
2024-07-20 09:00:00,West City,West,51.474396198327824,-0.16366292812900257,35.66,30.55
2024-07-20 10:00:00,North City,North,40.66335657133319,-74.02632416334572,36.7,21.95
2024-07-20 11:00:00,West City,West,51.452650969094385,-0.16047996425908356,27.43,10.92
2024-07-20 12:00:00,North City,North,40.84113388281245,-73.98137717323357,11.87,24.38
2024-07-20 13:00:00,West City,West,51.55789267470395,-0.062280884919028,34.21,8.63
2024-07-20 14:00:00,South City,South,34.14546656877495,-118.23325053705564,21.55,22.98
2024-07-20 15:00:00,South City,South,34.04124464188332,-118.24029164498067,31.41,15.06
2024-07-20 16:00:00,South City,South,33.98168792735258,-118.21668636214194,38.21,19.14
2024-07-20 17:00:00,East City,East,35.67002549481247,139.7205340173622,27.59,3.66
2024-07-20 18:00:00,East City,East,35.699836342356605,139.76499864931526,33.76,2.74
2024-07-20 19:00:00,North City,North,40.72510588647252,-73.98618660417172,18.92,18.17
2024-07-20 20:00:00,South City,South,34.123121458379934,-118.17404890749062,31.9,15.89
2024-07-20 21:00:00,West City,West,51.4957478668489,-0.07450032820171518,45.14,11.95
2024-07-20 22:00:00,South City,South,34.02902695567531,-118.3710191098085,35.55,19.94
2024-07-20 23:00:00,West City,West,51.50602220317422,-0.17666424160214844,45.93,10.73
2024-07-21 00:00:00,West City,West,51.48404002425631,-0.1597103953236914,21.64,18.81
2024-07-21 01:00:00,North City,North,40.77294361806134,-73.96032097118928,31.86,7.71
2024-07-21 02:00:00,East City,East,35.68706156899023,139.69073000417202,10.4,14.3
2024-07-21 03:00:00,North City,North,40.677483514665184,-74.01457289653204,24.31,18.91
2024-07-21 04:00:00,North City,North,40.68247308519529,-73.95155219902686,37.64,13.61
2024-07-21 05:00:00,South City,South,34.00870055095718,-118.17274687438038,20.76,1.48
2024-07-21 06:00:00,West City,West,51.550964645379565,-0.0873948151879658,29.7,10.05
2024-07-21 07:00:00,South City,South,34.15586283533414,-118.24916845332052,27.46,27.55
2024-07-21 08:00:00,East City,East,35.67011447101242,139.66270049490214,51.31,24.84
2024-07-21 09:00:00,West City,West,51.488815983066424,-0.09584458372509244,34.18,18.62
2024-07-21 10:00:00,East City,East,35.764739529178414,139.70788693323638,18.99,19.34
2024-07-21 11:00:00,South City,South,34.072070201644344,-118.21467890299519,35.13,22.12
2024-07-21 12:00:00,North City,North,40.73802011206709,-73.99159718472067,31.21,21.41
2024-07-21 13:00:00,West City,West,51.46189641218155,-0.16553274834444967,22.95,17.6
2024-07-21 14:00:00,North City,North,40.69320218583441,-74.01951244784996,39.61,19.17
2024-07-21 15:00:00,South City,South,34.04470189885519,-118.2097403929038,33.37,29.05
2024-07-21 16:00:00,West City,West,51.506144347633345,-0.12103317951553333,38.03,24.26
2024-07-21 17:00:00,South City,South,34.0147935264926,-118.20626914839754,25.4,11.39
2024-07-21 18:00:00,South City,South,34.01733590354217,-118.264352576413,32.69,21.54
2024-07-21 19:00:00,West City,West,51.48145999788143,-0.0911866190035884,33.96,27.69
2024-07-21 20:00:00,North City,North,40.64729473917072,-73.97080202236515,22.36,9.34
2024-07-21 21:00:00,South City,South,34.0460548852022,-118.29518587327337,39.41,3.41
2024-07-21 22:00:00,South City,South,34.012920030815934,-118.24278311556,40.46,26.69
2024-07-21 23:00:00,West City,West,51.51877106339688,-0.18014289792291688,23.68,19.31
2024-07-22 00:00:00,South City,South,34.09651969487975,-118.30055659754727,23.8,16.41
2024-07-22 01:00:00,South City,South,33.98963114849375,-118.19063019783657,26.83,10.56
2024-07-22 02:00:00,East City,East,35.62617984209139,139.695395258984,40.72,22.39
2024-07-22 03:00:00,West City,West,51.54715158968925,-0.07189152925523964,32.5,-4.49
2024-07-22 04:00:00,North City,North,40.820529078440984,-74.0404045404208,22.75,16.46
2024-07-22 05:00:00,West City,West,51.502466403330644,-0.08572837916136378,12.46,20.21
2024-07-22 06:00:00,North City,North,40.7216862028977,-73.96601811634946,41.46,12.37
2024-07-22 07:00:00,East City,East,35.666610532357055,139.70862870950407,11.36,27.19
2024-07-22 08:00:00,South City,South,34.03056297356723,-118.25249940952828,23.78,22.17
2024-07-22 09:00:00,East City,East,35.72562288687648,139.70139192685775,26.98,18.01
2024-07-22 10:00:00,North City,North,40.67848789583992,-73.9736963757844,17.72,18.45
2024-07-22 11:00:00,North City,North,40.72775822835943,-74.02107568222694,44.49,16.75
2024-07-22 12:00:00,South City,South,33.995893598416494,-118.25099261073571,32.88,17.92
2024-07-22 13:00:00,North City,North,40.692995298102446,-74.04693520517137,25.9,17.59
2024-07-22 14:00:00,South City,South,34.090056406970405,-118.21869529684324,37.57,20.41
2024-07-22 15:00:00,West City,West,51.5785070905774,-0.1470857684519204,32.81,11.07
2024-07-22 16:00:00,North City,North,40.699025733915015,-73.99493688628263,36.9,25.79
2024-07-22 17:00:00,North City,North,40.66003434851317,-74.09207528234698,30.97,14.45
2024-07-22 18:00:00,North City,North,40.695178618399915,-74.03189459012373,28.83,11.37
2024-07-22 19:00:00,West City,West,51.54095856795258,-0.1803565867888084,43.82,21.25
2024-07-22 20:00:00,North City,North,40.61351366260122,-73.99027242597033,14.11,34.46
2024-07-22 21:00:00,South City,South,34.11368351631949,-118.264335012085,37.51,16.83
2024-07-22 22:00:00,North City,North,40.712712317255914,-74.04344143128505,26.54,4.7
2024-07-22 23:00:00,West City,West,51.521888357217826,-0.16814610429048912,40.39,25.48
2024-07-23 00:00:00,East City,East,35.62302999339209,139.6724239089094,47.61,18.02
2024-07-23 01:00:00,West City,West,51.44451185207191,-0.0729843043874668,35.59,24.42
2024-07-23 02:00:00,West City,West,51.43370815040745,-0.15166691126010065,32.0,17.48
2024-07-23 03:00:00,North City,North,40.685666955051296,-74.02641683403229,30.61,12.63
2024-07-23 04:00:00,East City,East,35.63361606654448,139.63713720694295,23.83,9.16
2024-07-23 05:00:00,West City,West,51.477583032612536,-0.16581176084015992,20.82,26.69
2024-07-23 06:00:00,East City,East,35.59478244022893,139.627033672059,22.42,8.88
2024-07-23 07:00:00,West City,West,51.51591014123068,-0.15346887437573245,35.05,13.27
2024-07-23 08:00:00,North City,North,40.67537328074987,-74.02606061373064,39.23,20.14
2024-07-23 09:00:00,East City,East,35.69727941069325,139.7205381518403,32.13,30.27
2024-07-23 10:00:00,North City,North,40.72978468448631,-73.98013079935447,39.71,18.09
2024-07-23 11:00:00,West City,West,51.4885197523471,-0.07474186338130746,28.17,13.15
2024-07-23 12:00:00,South City,South,33.99998176267159,-118.15209741480588,38.77,21.07
2024-07-23 13:00:00,North City,North,40.69248378860155,-74.08212388261052,19.99,32.41
2024-07-23 14:00:00,North City,North,40.76197256951442,-73.9991760088106,21.41,13.87
2024-07-23 15:00:00,South City,South,34.0551230228417,-118.19888449071107,20.51,6.18
2024-07-23 16:00:00,West City,West,51.561589878812214,-0.14732857025190296,20.86,20.56
2024-07-23 17:00:00,West City,West,51.51316807880666,-0.15182933479556154,38.22,5.03
2024-07-23 18:00:00,West City,West,51.51359842830777,-0.06847529799669905,41.72,25.14
2024-07-23 19:00:00,East City,East,35.69692737638557,139.63061318151537,33.58,17.3
2024-07-23 20:00:00,East City,East,35.78993956935286,139.67781839742958,26.53,13.02
2024-07-23 21:00:00,South City,South,34.038857972908964,-118.27063798127455,42.74,22.45
2024-07-23 22:00:00,South City,South,34.02147844347496,-118.19648827097572,41.44,21.82
2024-07-23 23:00:00,South City,South,33.97598204649014,-118.15891950699354,31.72,30.98
2024-07-24 00:00:00,East City,East,35.659836082442304,139.7057454413218,31.46,21.94
2024-07-24 01:00:00,North City,North,40.59996784768405,-73.99559575678721,30.22,28.37
2024-07-24 02:00:00,East City,East,35.722032042119864,139.72674541269768,29.69,12.25
2024-07-24 03:00:00,West City,West,51.5233598222321,-0.1663156768945448,19.32,21.78
2024-07-24 04:00:00,East City,East,35.71868170721317,139.7031412548814,27.22,10.11
2024-07-24 05:00:00,South City,South,34.082685537781835,-118.28077390898731,23.42,29.46
2024-07-24 06:00:00,West City,West,51.50583313550364,-0.1367631267835238,24.5,22.28
2024-07-24 07:00:00,South City,South,34.118840086523804,-118.22575450092937,32.24,27.98
2024-07-24 08:00:00,North City,North,40.660660414478535,-74.01254753281879,49.83,19.98
2024-07-24 09:00:00,West City,West,51.517801599844084,-0.250747780986285,26.59,26.65
2024-07-24 10:00:00,North City,North,40.82051528736882,-74.06392297465109,20.45,15.71
2024-07-24 11:00:00,West City,West,51.50367098849482,-0.15843670875073784,35.89,16.43
2024-07-24 12:00:00,West City,West,51.418827018693,-0.07752819092460972,15.61,20.36
2024-07-24 13:00:00,East City,East,35.64394372384039,139.70975526791182,27.7,20.2
2024-07-24 14:00:00,South City,South,33.91093207944843,-118.27011895552258,30.08,24.19
2024-07-24 15:00:00,North City,North,40.70622029589183,-73.98466841070116,34.78,8.76
2024-07-24 16:00:00,East City,East,35.75647125346498,139.73567584241172,31.77,15.16
2024-07-24 17:00:00,South City,South,34.04383023595359,-118.15363042928624,47.8,15.88
2024-07-24 18:00:00,North City,North,40.717807353134745,-73.96579465344806,19.81,38.52
2024-07-24 19:00:00,East City,East,35.64190355761619,139.73071112373006,47.56,21.42
2024-07-24 20:00:00,North City,North,40.7093808553143,-74.02937138140511,9.55,23.9
2024-07-24 21:00:00,South City,South,34.079932502924464,-118.30956096374827,4.1,25.83
2024-07-24 22:00:00,East City,East,35.66884689070001,139.69310589777993,23.22,7.19
2024-07-24 23:00:00,West City,West,51.488365465544874,-0.12651475589860464,19.97,22.96
2024-07-25 00:00:00,North City,North,40.73340162433748,-74.00561541449397,23.28,8.07
2024-07-25 01:00:00,North City,North,40.68438972128959,-74.0521851127744,33.31,19.34
2024-07-25 02:00:00,East City,East,35.664460852516676,139.7144351531013,43.08,15.66
2024-07-25 03:00:00,East City,East,35.72851977972926,139.6404265077801,29.01,21.38
2024-07-25 04:00:00,South City,South,34.06694189404069,-118.22489560925845,10.2,16.68
2024-07-25 05:00:00,North City,North,40.67069211453115,-73.95334688801222,28.28,26.58
2024-07-25 06:00:00,North City,North,40.66794878640366,-73.93406345427944,22.96,5.74
2024-07-25 07:00:00,West City,West,51.497610414943,-0.1474379961042097,42.9,27.29
2024-07-25 08:00:00,West City,West,51.498673320446336,-0.1072534377785536,22.71,21.13
2024-07-25 09:00:00,West City,West,51.532537561533225,-0.24234907191872126,23.01,14.94
2024-07-25 10:00:00,South City,South,34.04455430821005,-118.21600197207175,13.13,14.81
2024-07-25 11:00:00,West City,West,51.467000241544255,-0.07715547129813136,15.75,7.87
2024-07-25 12:00:00,North City,North,40.715239061914886,-73.94233152773671,27.21,18.13
2024-07-25 13:00:00,North City,North,40.707517517976754,-74.04378515017798,30.98,29.96
2024-07-25 14:00:00,North City,North,40.654658478314786,-73.95196238615509,25.06,24.71
2024-07-25 15:00:00,South City,South,34.08642465123484,-118.30670039488261,20.49,15.74
2024-07-25 16:00:00,North City,North,40.7355601091818,-74.08219699196887,28.23,12.54
2024-07-25 17:00:00,East City,East,35.72288199377567,139.7033812686827,35.48,23.79
2024-07-25 18:00:00,East City,East,35.622945978552536,139.7675780477261,16.08,23.85
2024-07-25 19:00:00,North City,North,40.75217767034025,-74.00515428914117,25.41,15.31
2024-07-25 20:00:00,North City,North,40.7020605923668,-74.00941412489277,36.51,20.07
2024-07-25 21:00:00,South City,South,34.069313757073026,-118.18173723352683,41.81,11.51
2024-07-25 22:00:00,North City,North,40.66266687392341,-74.04451808711197,26.4,18.84
2024-07-25 23:00:00,North City,North,40.6915678335542,-73.98538896532173,34.45,17.65
2024-07-26 00:00:00,North City,North,40.71918096090481,-73.90303290466477,38.15,14.24
2024-07-26 01:00:00,West City,West,51.51113456421161,-0.17880746904783681,40.17,5.49
2024-07-26 02:00:00,West City,West,51.47718818571182,-0.058427088657484264,26.32,26.73
2024-07-26 03:00:00,East City,East,35.67010530875329,139.71016974305098,23.76,12.25
2024-07-26 04:00:00,North City,North,40.69403613865312,-73.92870960419667,31.65,28.33
2024-07-26 05:00:00,East City,East,35.69962314092096,139.7009386784143,25.54,15.42
2024-07-26 06:00:00,East City,East,35.61831605888933,139.67114472052003,15.74,17.84
2024-07-26 07:00:00,North City,North,40.71112072976164,-73.94111130931044,29.16,17.79
2024-07-26 08:00:00,East City,East,35.69407378559861,139.71228500187235,17.47,15.74
2024-07-26 09:00:00,South City,South,34.06068938859499,-118.27376092889325,20.06,27.77
2024-07-26 10:00:00,East City,East,35.69712828582647,139.72774525116762,21.59,20.85
2024-07-26 11:00:00,North City,North,40.66568694030531,-73.91237756695956,21.49,19.11
2024-07-26 12:00:00,East City,East,35.66751112628115,139.6322578541618,6.55,8.04
2024-07-26 13:00:00,East City,East,35.81886412852116,139.6872225942245,45.63,20.58
2024-07-26 14:00:00,West City,West,51.51135223864477,-0.14428112615929858,29.62,13.1
2024-07-26 15:00:00,North City,North,40.73865138224124,-73.96307242649483,33.96,24.86
2024-07-26 16:00:00,East City,East,35.685745794602674,139.6760796421099,26.01,13.63
2024-07-26 17:00:00,West City,West,51.480996799386595,-0.17016477705318842,18.7,9.78
2024-07-26 18:00:00,North City,North,40.73989516767748,-74.02442960094943,33.56,15.22
2024-07-26 19:00:00,North City,North,40.7016738959871,-74.0113099685887,45.88,13.97
2024-07-26 20:00:00,North City,North,40.6884343544183,-74.04238906912606,20.41,14.6
2024-07-26 21:00:00,West City,West,51.536667962003335,-0.09495477886578335,33.63,25.05
2024-07-26 22:00:00,South City,South,34.060347519720224,-118.1659739796517,35.0,19.99
2024-07-26 23:00:00,South City,South,34.071647926802015,-118.21060302079647,38.93,17.38
2024-07-27 00:00:00,East City,East,35.67549908801697,139.6342545024105,6.16,18.99
2024-07-27 01:00:00,South City,South,34.07550608096249,-118.28247973812448,22.2,21.2
2024-07-27 02:00:00,South City,South,34.07726205759115,-118.1770231934945,47.44,25.06
2024-07-27 03:00:00,North City,North,40.66301787963779,-73.99626962007694,36.51,24.89
2024-07-27 04:00:00,South City,South,34.03327863121326,-118.26495432181349,20.33,19.2
2024-07-27 05:00:00,East City,East,35.62584431690108,139.69438925629416,7.24,20.28
2024-07-27 06:00:00,South City,South,34.07482520276176,-118.23015052895657,22.08,29.69
2024-07-27 07:00:00,North City,North,40.71273874808459,-74.05126280798882,28.25,15.53
